Molecule ChEMBL ID,Molecular Weight,Smiles,Standard Type,Standard Relation,Standard Value,Standard Units,pIC50
CHEMBL1822945,409.49,CCCCCOc1c(OC)ccc2cc(C(=O)NCCc3ccncc3)c(=O)[nH]c12,Ki,'=',0.01,nM,11
CHEMBL1822939,319.36,CCCCCc1cc2cc(C(=O)OC)c(=O)[nH]c2c(O)c1OC,Ki,'=',0.014,nM,10.85387196
CHEMBL600647,426.49,CCCCCOc1c(OC)ccc2cc(C(=O)NCCc3ccc(F)cc3)c(=O)[nH]c12,Ki,'=',0.019,nM,10.7212464
CHEMBL1822944,426.49,CCCCCOc1c(OC)ccc2cc(C(=O)NCCc3ccc(F)cc3)c(=O)[nH]c12,Ki,'=',0.01901,nM,10.72101788
CHEMBL3410832,367.41,CCOc1c(OC)ccc2cc(C(=O)NCCc3ccncc3)c(=O)[nH]c12,Ki,'=',0.02,nM,10.69897
CHEMBL1822940,367.41,CCOc1c(OC)ccc2cc(C(=O)NCCc3ccncc3)c(=O)[nH]c12,Ki,'=',0.02,nM,10.69897
CHEMBL3410813,367.41,CCOc1c(OC)ccc2cc(C(=O)NCCc3ccncc3)c(=O)[nH]c12,Ki,'=',0.02,nM,10.69897
CHEMBL1277685,440.52,CCCCCOc1c(OC)ccc2cc(C(=O)NCCc3ccc(F)cc3)c(=O)n(C)c12,Ki,'=',0.02099,nM,10.67798756
CHEMBL2112647,398.43,CCCOc1c(OC)ccc2cc(C(=O)NCCc3ccc(F)cc3)c(=O)[nH]c12,Ki,'=',0.021,nM,10.67778071
CHEMBL1822946,440.52,CCCCCOc1c(OC)ccc2cc(C(=O)NCCc3ccc(F)cc3)c(=O)n(C)c12,Ki,'=',0.021,nM,10.67778071
CHEMBL1822941,482.6,CCCCCOc1ccc2cc(C(=O)NCCc3ccc(F)cc3)c(=O)[nH]c2c1OCCCCC,Ki,'=',0.026,nM,10.58502665
CHEMBL216276,482.6,CCCCCOc1ccc2cc(C(=O)NCCc3ccc(F)cc3)c(=O)[nH]c2c1OCCCCC,Ki,'=',0.026,nM,10.58502665
CHEMBL1822942,370.58,CCCCCCC(C)(C)c1ccc2c(c1)OC(C)(C)[C@@H]1CC=C(CO)C[C@@H]21,Ki,'=',0.032,nM,10.49485002
CHEMBL3410818,370.58,CC(C)(C)CCCCCc1ccc2c(c1)OC(C)(C)[C@@H]1CC=C(CO)C[C@@H]21,Ki,'=',0.032,nM,10.49485002
CHEMBL5266788,291.3,CCCCOc1c(OC)ccc2cc(C(=O)O)c(=O)[nH]c12,Ki,'=',0.032,nM,10.49485002
CHEMBL1822943,426.49,CCCCCc1cc2cc(C(=O)NCCc3ccc(F)cc3)c(=O)[nH]c2c(O)c1OC,Ki,'=',0.036,nM,10.4436975
CHEMBL569082,441.36,Cc1ccc2c(c1)Cc1c(C(=O)NN3CCCCC3)nn(-c3ccc(Cl)cc3Cl)c1-2,Ki,'=',0.037,nM,10.43179828
CHEMBL3410729,441.36,Cc1ccc2c(c1)Cc1c(C(=O)NN3CCCCC3)nn(-c3ccc(Cl)cc3Cl)c1-2,Ki,'=',0.037,nM,10.43179828
CHEMBL3410826,440.52,CCCCCc1cc2cc(C(=O)NCCc3ccc(F)cc3)c(=O)n(C)c2c(O)c1OC,Ki,'=',0.043,nM,10.36653154
CHEMBL3410817,396.4,CCOc1c(OC)ccc2cc(C(=O)NCc3ccc4c(c3)OCO4)c(=O)[nH]c12,Ki,'=',0.05297,nM,10.27597003
CHEMBL2152813,396.4,CCOc1c(OC)ccc2cc(C(=O)NCc3ccc4c(c3)OCO4)c(=O)[nH]c12,Ki,'=',0.053,nM,10.27572413
CHEMBL2152812,421.59,Cc1c(C(=O)NC23CC4CC(CC(C4)C2)C3)nn(CCCCCO)c1-c1ccccc1,Ki,'=',0.075,nM,10.12493874
CHEMBL2387185,421.59,Cc1c(C(=O)NC23CC4CC(CC(C4)C2)C3)nn(CCCCCO)c1-c1ccccc1,Ki,'=',0.08,nM,10.09691001
CHEMBL3410827,431.53,CCCCCOc1c(OC)ccc2cc(C(=O)NCCN3CCOCC3)c(=O)n(C)c12,Ki,'=',0.08492,nM,10.07099001
CHEMBL411631,431.53,CCCCCOc1c(OC)ccc2cc(C(=O)NCCN3CCOCC3)c(=O)n(C)c12,Ki,'=',0.085,nM,10.07058107
CHEMBL3353441,431.53,CCCCCOc1c(OC)ccc2cc(C(=O)NCCN3CCOCC3)c(=O)n(C)c12,Ki,'=',0.085,nM,10.07058107
CHEMBL569994,351.41,CC1(C)C(C(=O)c2cn(CCCC(F)(F)F)c3ccccc23)C1(C)C,Ki,'=',0.08511,nM,10.07001941
CHEMBL271839,439.46,CCCCCOc1c(OC)ccc2cc(C(=O)NCc3ccc4c(c3)OCO4)c(=O)oc12,Ki,'=',0.0869,nM,10.06098022
CHEMBL307696,439.46,CCCCCOc1c(OC)ccc2cc(C(=O)NCc3ccc4c(c3)OCO4)c(=O)oc12,Ki,'=',0.087,nM,10.06048075
CHEMBL334533,368.48,CCCCCNc1c(OC)ccc2c1CN(CCc1ccc(O)cc1)C2=O,Ki,'=',0.0879,nM,10.05601112
CHEMBL559612,368.48,CCCCCNc1c(OC)ccc2c1CN(CCc1ccc(O)cc1)C2=O,Ki,'=',0.088,nM,10.05551733
CHEMBL2338173,380.44,CCCOc1c(OC)ccc2cc(C(=O)NCCc3ccccc3)c(=O)[nH]c12,Ki,'=',0.08995,nM,10.04599883
CHEMBL432107,380.44,CCCOc1c(OC)ccc2cc(C(=O)NCCc3ccccc3)c(=O)[nH]c12,Ki,'=',0.09,nM,10.04575749
CHEMBL3353452,502.72,CCCCCn1cc(C(=O)N[C@@H]2C(C)(C)C3CC[C@]2(C)C3)c(=O)c2ccc(Sc3ccccc3)cc21,Ki,'=',0.09,nM,10.04575749
CHEMBL3410831,351.41,CC1(C)C(C(=O)c2cn(CCCC(F)(F)F)c3ccccc23)C1(C)C,Ki,'=',0.09,nM,10.04575749
CHEMBL584742,488.7,CCCCn1cc(C(=O)N[C@@H]2C(C)(C)C3CC[C@]2(C)C3)c(=O)c2ccc(Sc3ccccc3)cc21,Ki,'=',0.1,nM,10
CHEMBL4649122,394.56,CCCCn1c2c(cc(C(=O)NC(C)(C)c3ccccc3)c1=O)CCCCCC2,Ki,'=',0.1,nM,10
CHEMBL3353439,424.59,CCCCCOc1ccc2c(c1OCCCCC)CN(CCc1ccc(N)cc1)C2=O,Ki,'=',0.1099,nM,9.959002308
CHEMBL111148,424.59,CCCCCOc1ccc2c(c1OCCCCC)CN(CCc1ccc(N)cc1)C2=O,Ki,'=',0.11,nM,9.958607315
CHEMBL600602,369.51,COc1cccc2c(C(=O)C3C(C)(C)C3(C)C)cn(CC3CCOCC3)c12,Ki,'=',0.12,nM,9.920818754
CHEMBL232116,472.36,C[C@H]1CC[C@@H](NC(=O)c2cc3cc(Br)cnc3n(Cc3ccc(F)cc3)c2=O)CC1,Ki,'=',0.12,nM,9.920818754
CHEMBL596388,369.51,COc1cccc2c(C(=O)C3C(C)(C)C3(C)C)cn(CC3CCOCC3)c12,Ki,'=',0.1259,nM,9.89997427
CHEMBL1271092,369.51,COc1cccc2c(C(=O)C3C(C)(C)C3(C)C)cn(CC3CCOCC3)c12,Ki,'=',0.1259,nM,9.89997427
CHEMBL111724,409.49,CCCCCOc1c(OC)ccc2cc(C(=O)NCCc3ccncc3)c(=O)[nH]c12,Ki,'=',0.13,nM,9.886056648
CHEMBL1814468,409.49,CCCCCOc1c(OC)ccc2cc(C(=O)NCCc3ccncc3)c(=O)[nH]c12,Ki,'=',0.13,nM,9.886056648
CHEMBL2387183,325.45,CC1(C)C(C(=O)c2cn(CC3CCOC3)c3ccccc23)C1(C)C,Ki,'=',0.14,nM,9.853871964
CHEMBL4465566,353.51,Cc1ccc2c(C(=O)C3C(C)(C)C3(C)C)cn(CC3CCOCC3)c2c1,Ki,'=',0.1479,nM,9.830031826
CHEMBL5744011,353.51,Cc1ccc2c(C(=O)C3C(C)(C)C3(C)C)cn(CC3CCOCC3)c2c1,Ki,'=',0.1479,nM,9.830031826
CHEMBL271158,353.51,Cc1ccc2c(C(=O)C3C(C)(C)C3(C)C)cn(CC3CCOCC3)c2c1,Ki,'=',0.15,nM,9.823908741
CHEMBL108085,386.58,CCCCCCC(C)(C)c1cc(O)c2c(c1)OC(C)(C)[C@@H]1CC=C(CO)C[C@@H]21,Ki,'=',0.15,nM,9.823908741
CHEMBL3410819,386.58,CCCCCCC(C)(C)c1cc(O)c2c(c1)OC(C)(C)[C@@H]1CC=C(CO)C[C@@H]21,Ki,'=',0.15,nM,9.823908741
CHEMBL252949,386.58,CCCCCCC(C)(C)c1cc(O)c2c(c1)OC(C)(C)[C@H]1CC=C(CO)C[C@H]21,Ki,'=',0.15,nM,9.823908741
CHEMBL2022363,386.58,CCCCCCC(C)(C)c1cc(O)c2c(c1)OC(C)(C)[C@@H]1CC=C(CO)C[C@@H]21,Ki,'=',0.15,nM,9.823908741
CHEMBL2170545,376.58,CCCCCCC(C)(C)c1ccc([C@@H]2C[C@H](O)CC[C@H]2CCCO)c(O)c1,Ki,'=',0.15,nM,9.823908741
CHEMBL519575,408.55,O=C(NC12CC3CC(CC(C3)C1)C2)c1nn(CCN2CCOCC2)c2ccccc12,Ki,'=',0.15,nM,9.823908741
CHEMBL3353450,386.58,CCCCCCC(C)(C)c1cc(O)c2c(c1)OC(C)(C)[C@@H]1CC=C(CO)C[C@@H]21,Ki,'=',0.15,nM,9.823908741
CHEMBL1076685,386.58,CCCCCCC(C)(C)c1cc(O)c2c(c1)OC(C)(C)[C@@H]1CC=C(CO)CC21,Ki,'=',0.17,nM,9.769551079
CHEMBL2170532,480.63,CC1CCC(NC(=O)c2cc3cc(-c4cccs4)cnc3n(CCN3CCOCC3)c2=O)CC1,Ki,'=',0.17,nM,9.769551079
CHEMBL120669,426.49,CCCCCOc1c(OC)ccc2cc(C(=O)NCCc3ccccc3F)c(=O)[nH]c12,Ki,'=',0.1799,nM,9.744968837
CHEMBL2018655,354.45,CC1(C)C(C(=O)c2cn(CCN3CCOC3=O)c3ccccc23)C1(C)C,Ki,'=',0.18,nM,9.744727495
CHEMBL188,412.53,CCCCCn1c(=O)c(C(=O)NC23CC4CC(CC(C4)C2)C3)c(O)c2nn(C)cc21,Ki,'=',0.18,nM,9.744727495
CHEMBL2152803,472.36,CC1CCC(NC(=O)c2cc3cc(Br)cnc3n(Cc3ccc(F)cc3)c2=O)CC1,Ki,'=',0.18,nM,9.744727495
CHEMBL3686329,426.49,CCCCCOc1c(OC)ccc2cc(C(=O)NCCc3ccccc3F)c(=O)[nH]c12,Ki,'=',0.18,nM,9.744727495
CHEMBL5084325,354.45,CC1(C)C(C(=O)c2cn(CCN3CCOC3=O)c3ccccc23)C1(C)C,Ki,'=',0.182,nM,9.739928612
CHEMBL5905866,370.58,CCCCCCC(C)(C)c1cc(O)c2c(c1)OC(C)(C)[C@@H]1CCC(C)=CC21,Ki,'=',0.199,nM,9.701146924
CHEMBL381791,370.58,CCCCCCC(C)(C)c1cc(O)c2c(c1)OC(C)(C)[C@@H]1CCC(C)=C[C@@H]21,Ki,'=',0.2,nM,9.698970004
CHEMBL2163935,404.67,CSC(=S)N1CC2(CCCCC2)CS/C1=N\c1cccc2c1CCCC2,Ki,'=',0.2,nM,9.698970004
CHEMBL3650081,607.07,CCC1(CNS(=O)(=O)C(F)(F)F)CCN(S(=O)(=O)c2ccc(Cl)cc2S(=O)(=O)c2ccccc2F)CC1,Ki,'=',0.2,nM,9.698970004
CHEMBL3410815,599.61,O=S(=O)(c1cc2ccccc2n1S(=O)(=O)c1ccccc1F)N1CCC(O)(CNS(=O)(=O)C(F)(F)F)CC1,Ki,'=',0.2,nM,9.698970004
CHEMBL3353454,382.54,CCCCCCC(C)(C)c1cc(O)c2c(c1)OC(C)(C)c1ccc(CO)cc1-2,Ki,'=',0.2,nM,9.698970004
CHEMBL1271193,392.54,CCCCCn1c(=O)c(C(=O)NC23CC4CC(CC(C4)C2)C3)cc2ccccc21,Ki,'=',0.2,nM,9.698970004
CHEMBL2087099,358.53,CCCCn1c2c(cc(C(=O)NC3CCCCC3)c1=O)CCCCCC2,Ki,'=',0.2,nM,9.698970004
CHEMBL178372,390.52,CCCCOC(=O)C(C)(C)c1cc(O)c2c(c1)OC(C)(C)[C@@H]1CC[C@@H](O)C[C@@H]21,Ki,'=',0.2,nM,9.698970004
CHEMBL1270885,382.54,CCCCCCC(C)(C)c1cc(O)c2c(c1)OC(C)(C)c1ccc(CO)cc1-2,Ki,'=',0.2,nM,9.698970004
CHEMBL596387,376.58,CCCCCCC(C)(C)c1ccc([C@@H]2C[C@H](O)CC[C@H]2CCCO)c(O)c1,Ki,'=',0.2,nM,9.698970004
CHEMBL252947,390.52,CCCCOC(=O)C(C)(C)c1cc(O)c2c(c1)OC(C)(C)[C@@H]1CC[C@@H](O)C[C@@H]21,Ki,'=',0.2,nM,9.698970004
CHEMBL1287847,481.57,CCOC(=O)C(CC)(CC)NC(=O)c1ccc(N2CC(OC)C2)c(OC[C@H]2C[C@@H]2COCF)n1,Ki,'=',0.2,nM,9.698970004
CHEMBL1209710,339.48,CC1(C)C(C(=O)c2cn(CC3CCOCC3)c3ccccc23)C1(C)C,Ki,'=',0.21,nM,9.677780705
CHEMBL569301,339.48,CC1(C)C(C(=O)c2cn(CC3CCOCC3)c3ccccc23)C1(C)C,Ki,'=',0.21,nM,9.677780705
CHEMBL411244,339.48,CC1(C)C(C(=O)c2cn(CC3CCOCC3)c3ccccc23)C1(C)C,Ki,'=',0.2138,nM,9.669992299
CHEMBL3650130,339.48,CC1(C)C(C(=O)c2cn(CC3CCOCC3)c3ccccc23)C1(C)C,Ki,'=',0.2138,nM,9.669992299
CHEMBL2152811,400.56,CCCCCCC1(c2cc(O)c3c(c2)OC(C)(C)[C@@H]2CC=C(C)C[C@@H]32)OCCO1,Ki,'=',0.2188,nM,9.659952682
CHEMBL1270987,452.51,CCCCCOc1c(OC)ccc2cc(C(=O)NCc3ccc4c(c3)OCO4)c(=O)n(C)c12,Ki,'=',0.2198,nM,9.657972312
CHEMBL1271093,382.59,CC1=CC[C@@H]2[C@@H](C1)c1c(O)cc(C(C)(C)C3CCCCCC3)cc1OC2(C)C,Ki,'=',0.22,nM,9.657577319
CHEMBL1270886,382.59,CC1=CC[C@@H]2[C@@H](C1)c1c(O)cc(C(C)(C)C3CCCCCC3)cc1OC2(C)C,Ki,'=',0.22,nM,9.657577319
CHEMBL4239190,400.56,CCCCCCC1(c2cc(O)c3c(c2)OC(C)(C)[C@@H]2CC=C(C)C[C@@H]32)OCCO1,Ki,'=',0.22,nM,9.657577319
CHEMBL180465,452.51,CCCCCOc1c(OC)ccc2cc(C(=O)NCc3ccc4c(c3)OCO4)c(=O)n(C)c12,Ki,'=',0.22,nM,9.657577319
CHEMBL381669,392.47,O=C(NC1CCCCCC1)c1cc2ccccc2n(Cc2ccc(F)cc2)c1=O,Ki,'=',0.25,nM,9.602059991
CHEMBL5080279,356.51,CCCCCn1cc(C(=O)NC2C3CC4CC(C3)CC2C4)c(=O)cc1C,Ki,'=',0.26,nM,9.585026652
CHEMBL3686304,368.54,CC1=CC[C@@H]2[C@@H](C1)c1c(O)cc(C(C)(C)c3cccs3)cc1OC2(C)C,Ki,'=',0.27,nM,9.568636236
CHEMBL5181335,459.52,C[C@H]1CC[C@@H](NC(=O)c2cc3cc(-c4ccco4)cnc3n(Cc3ccc(F)cc3)c2=O)CC1,Ki,'=',0.27,nM,9.568636236
CHEMBL3104362,395.31,COc1cc(C(O)c2cccs2)cc(OC)c1-c1cc(Cl)cc(Cl)c1,Ki,'=',0.27,nM,9.568636236
CHEMBL4756661,396.45,Cc1cc(=O)c(C(=O)NC23CC4CC(CC(C4)C2)C3)cn1CCCC(F)(F)F,Ki,'=',0.28,nM,9.552841969
CHEMBL5091754,437.45,CCCCCCC1(c2cc(O)c3c(c2)OC(C)(C)[C@@H]2CC=C(C)C[C@@H]32)CC1(Cl)Cl,Ki,'=',0.2884,nM,9.540004744
CHEMBL3650134,437.45,CCCCCCC1(c2cc(O)c3c(c2)OC(C)(C)[C@@H]2CC=C(C)C[C@@H]32)CC1(Cl)Cl,Ki,'=',0.29,nM,9.537602002
CHEMBL5910368,416.56,COC(=O)C(C)(C)NC(=O)c1cc2c(n(CC3CCCCC3)c1=O)CCCCCC2,Ki,'=',0.3,nM,9.522878745
CHEMBL3410811,426.52,Cc1c(C(=O)c2cccc3ccccc23)c2cccc3c2n1[C@H](CN1CCOCC1)CO3,Ki,'=',0.3,nM,9.522878745
CHEMBL571330,412.55,CCCCCn1cc(C(=O)N[C@@H]2C(C)(C)C3CC[C@]2(C)C3)c(=O)c2ccc(F)cc21,Ki,'=',0.3,nM,9.522878745
CHEMBL204387,485.57,CC(C)NOc1ccc(C(F)(F)F)cc1C(=O)/N=c1\sc(C(C)(C)C)cn1C[C@H]1CCCO1,Ki,'=',0.3,nM,9.522878745
CHEMBL411626,426.52,Cc1c(C(=O)c2cccc3ccccc23)c2cccc3c2n1[C@H](CN1CCOCC1)CO3,Ki,'=',0.3,nM,9.522878745
CHEMBL2326297,478.68,CC1(C)Oc2cc(C3(CCCCCCCC#N)CCCC3)cc(O)c2[C@@H]2C[C@H](CN=[N+]=[N-])CC[C@H]21,Ki,'=',0.3,nM,9.522878745
CHEMBL3686332,467.54,CCC(CC)(NC(=O)c1ccc(N2CC(OC)C2)c(OC[C@H]2C[C@@H]2CO)n1)C(=O)OCCF,Ki,'=',0.3,nM,9.522878745
CHEMBL1269867,476.06,Cc1ccc(Cn2nc(C(=O)N[C@@H]3C(C)(C)[C@@H]4CC[C@@]3(C)C4)cc2-c2ccc(Cl)c(C)c2)cc1,Ki,'=',0.31,nM,9.508638306
CHEMBL3686293,376.58,CCCCCCC(C)(C)c1ccc([C@@H]2C[C@H](O)CC[C@H]2CCCO)c(O)c1,Ki,'=',0.3162,nM,9.500038134
CHEMBL371575,376.58,CCCCCCC(C)(C)c1ccc([C@@H]2C[C@H](O)CC[C@H]2CCCO)c(O)c1,Ki,'=',0.3162,nM,9.500038134
CHEMBL5850296,354.45,CCCC1COc2cccc3c(=O)c(C(=O)NC4CCCCC4)cn1c23,Ki,'=',0.32,nM,9.494850022
CHEMBL269851,516.59,CCCCn1nc(C(C)(C)C)s/c1=N/C(=O)c1cc(C(F)(F)F)ccc1ONC(=O)OC(C)(C)C,Ki,'=',0.32,nM,9.494850022
CHEMBL1909860,394.47,CCCCOc1c(OC)ccc2cc(C(=O)NCCc3ccccc3)c(=O)[nH]c12,Ki,'=',0.3296,nM,9.482012797
CHEMBL338484,394.47,CCCCOc1c(OC)ccc2cc(C(=O)NCCc3ccccc3)c(=O)[nH]c12,Ki,'=',0.33,nM,9.48148606
CHEMBL476325,464.57,CC1CCC(NC(=O)c2cc3cc(-c4ccco4)cnc3n(CCN3CCOCC3)c2=O)CC1,Ki,'=',0.35,nM,9.455931956
CHEMBL487464,597.63,CC1(CNS(=O)(=O)C(F)(F)F)CCN(S(=O)(=O)c2cc3ccccc3n2S(=O)(=O)c2ccccc2F)CC1,Ki,'=',0.35,nM,9.455931956
CHEMBL3353437,458.6,CCCCCn1cc(C(=O)C(=O)NC23CC4CC(CC(C4)C2)C3)c2cc(-c3ccco3)ccc21,Ki,'=',0.37,nM,9.431798276
CHEMBL57802,438.48,CCCCCOc1c(OC)ccc2cc(C(=O)NCc3ccc4c(c3)OCO4)c(=O)[nH]c12,Ki,'=',0.38,nM,9.420216403
CHEMBL197955,583.61,O=S(=O)(c1cc2ccccc2n1S(=O)(=O)c1ccccc1F)N1CCC(CNS(=O)(=O)C(F)(F)F)CC1,Ki,'=',0.38,nM,9.420216403
CHEMBL381689,593.04,CC1(CNS(=O)(=O)C(F)(F)F)CCN(S(=O)(=O)c2ccc(Cl)cc2S(=O)(=O)c2ccccc2F)CC1,Ki,'=',0.39,nM,9.408935393
CHEMBL1814458,354.53,CC1=CC[C@@H]2[C@@H](C1)c1c(O)cc(C(C)(C)C3CCCC3)cc1OC2(C)C,Ki,'=',0.39,nM,9.408935393
CHEMBL3650083,407.56,O=C(c1cn2c3c(cccc13)OC[C@H]2C1CCCCC1)N1CCN2CCCC[C@H]2C1,Ki,'=',0.3981,nM,9.400007822
CHEMBL2018657,381.52,C[C@H]1CN(C(=O)c2cn3c4c(cccc24)OC[C@H]3C2CCCCC2)CCN1C,Ki,'=',0.3981,nM,9.400007822
CHEMBL199048,343.54,CSCCCCn1cc(C(=O)C2C(C)(C)C2(C)C)c2ccccc21,Ki,'=',0.3981,nM,9.400007822
CHEMBL4094603,415.58,CC1(C)C(C(=O)c2cn(CC3CCOCC3)c3cc(-c4ccccc4)ccc23)C1(C)C,Ki,'=',0.4,nM,9.397940009
CHEMBL2018660,499.6,CCCCn1nc(C(C)(C)C)s/c1=N\C(=O)c1cc(C(F)(F)F)ccc1NNC(=O)C(C)(C)C,Ki,'=',0.4,nM,9.397940009
CHEMBL3650107,474.67,CCCn1cc(C(=O)N[C@@H]2C(C)(C)C3CC[C@]2(C)C3)c(=O)c2ccc(Sc3ccccc3)cc21,Ki,'=',0.4,nM,9.397940009
CHEMBL5205138,578.62,O=S(=O)(c1cc2ccccc2n1S(=O)(=O)c1ccccn1)N1CCC2(CC1)C[C@@H]2NS(=O)(=O)C(F)(F)F,Ki,'=',0.4,nM,9.397940009
CHEMBL4102348,629.65,CCC1(CNS(=O)(=O)C(F)(F)F)CCN(S(=O)(=O)c2cc3cc(F)ccc3n2S(=O)(=O)c2ccccc2F)CC1,Ki,'=',0.4,nM,9.397940009
CHEMBL5087407,597.63,CC(NS(=O)(=O)C(F)(F)F)C1CCN(S(=O)(=O)c2cc3ccccc3n2S(=O)(=O)c2ccccc2F)CC1,Ki,'=',0.4,nM,9.397940009
CHEMBL5758408,368.48,CC1=CC[C@H]2[C@H](C1)c1c(O)cc(/C(C)=N\OCCCC#N)cc1OC2(C)C,Ki,'=',0.4,nM,9.397940009
CHEMBL3421697,539.65,COc1ccc(S(=O)(=O)c2cc(OC)ccc2S(=O)(=O)c2ccc([C@H](C)NS(C)(=O)=O)cc2)cc1,Ki,'=',0.4,nM,9.397940009
CHEMBL5273987,531.55,C[C@H](NS(C)(=O)=O)c1ccc(Cc2ccc(OC(F)(F)F)cc2S(=O)(=O)c2ccccc2F)cc1,Ki,'=',0.4,nM,9.397940009
CHEMBL1668519,453.67,CC1(C)Oc2cc(C3(CCCCCCCC#N)CCCC3)cc(O)c2[C@@H]2C[C@H](CO)CC[C@H]21,Ki,'=',0.4,nM,9.397940009
CHEMBL1254015,542.62,CC(C)(C)OC(=O)NNc1ccc(C(F)(F)F)cc1C(=O)/N=c1/sc(C(C)(C)C)cn1C[C@H]1CCCO1,Ki,'=',0.4,nM,9.397940009
CHEMBL271838,325.48,Cc1s/c(=N\C(=O)C2C(C)(C)C2(C)C)n(CCCC[18F])c1C,Ki,'=',0.4,nM,9.397940009
CHEMBL325389,398.54,CCCCOC(=O)C1(c2cc(O)c3c(c2)OC(C)(C)[C@@H]2CC=C(C)C[C@@H]32)CCC1,Ki,'=',0.4,nM,9.397940009
CHEMBL595705,483.61,CCCCCn1cc(-c2nc(C34CC5CC(CC(C5)C3)C4)no2)c(=O)c2cc(-c3ccco3)ccc21,Ki,'=',0.4,nM,9.397940009
CHEMBL5178491,413.6,CC(C)(CCCCCCC#N)c1cc(O)c2c(c1)OC(C)(C)[C@@H]1CC[C@@H](CO)C[C@@H]21,Ki,'=',0.4,nM,9.397940009
CHEMBL3353448,495.59,CCCCn1/c(=N/C(=O)c2cc(C(F)(F)F)ccc2NNC(=O)C(C)(C)C)cc(C(C)(C)C)n1C,Ki,'=',0.4,nM,9.397940009
CHEMBL471297,343.54,CSCCCCn1cc(C(=O)C2C(C)(C)C2(C)C)c2ccccc21,Ki,'=',0.4,nM,9.397940009
CHEMBL3353453,453.51,CCC(CC)(NC(=O)c1ccc(N2CC(OC)C2)c(OC[C@@H]2C[C@H]2CO)n1)C(=O)OCF,Ki,'=',0.4,nM,9.397940009
CHEMBL270125,415.58,CC1(C)C(C(=O)c2cn(CC3CCOCC3)c3cc(-c4ccccc4)ccc23)C1(C)C,Ki,'=',0.4074,nM,9.389978975
CHEMBL467896,415.58,CC1(C)C(C(=O)c2cn(CC3CCOCC3)c3cc(-c4ccccc4)ccc23)C1(C)C,Ki,'=',0.4074,nM,9.389978975
CHEMBL3409321,415.58,CC1(C)C(C(=O)c2cn(CC3CCOCC3)c3cc(-c4ccccc4)ccc23)C1(C)C,Ki,'=',0.41,nM,9.387216143
CHEMBL245742,413.56,CCCCCOc1ccc(C(=O)NCCc2ccc(O)cc2)cc1OCCCCC,Ki,'=',0.4395,nM,9.357041121
CHEMBL1215942,413.56,CCCCCOc1ccc(C(=O)NCCc2ccc(O)cc2)cc1OCCCCC,Ki,'=',0.44,nM,9.356547324
CHEMBL3409318,352.52,CN1CCCCC1Cn1cc(C(=O)C2C(C)(C)C2(C)C)c2ccccc21,Ki,'=',0.4786,nM,9.320027306
CHEMBL1641956,424.5,CCCCCOc1c(OC)ccc2cc(C(=O)NCCc3ccc(O)cc3)c(O)nc12,Ki,'=',0.4797,nM,9.319030282
CHEMBL1270387,352.52,CN1CCCCC1Cn1cc(C(=O)C2C(C)(C)C2(C)C)c2ccccc21,Ki,'=',0.48,nM,9.318758763
CHEMBL4068675,424.5,CCCCCOc1c(OC)ccc2cc(C(=O)NCCc3ccc(O)cc3)c(O)nc12,Ki,'=',0.48,nM,9.318758763
CHEMBL4246445,325.45,CC1(C)C(C(=O)c2cn(CC3CCOC3)c3ccccc23)C1(C)C,Ki,'=',0.4898,nM,9.309981219
CHEMBL3650129,370.58,CCCCCCC(C)(C)c1cc(O)c2c(c1)OC(C)(C)[C@@H]1CC=C(C)C[C@@H]21,Ki,'=',0.4898,nM,9.309981219
CHEMBL1668518,370.58,CCCCCCC(C)(C)c1cc(O)c2c(c1)OC(C)(C)[C@@H]1CC=C(C)C[C@@H]21,Ki,'=',0.49,nM,9.30980392
CHEMBL1215955,370.58,CCCCCCC(C)(C)c1cc(O)c2c(c1)OC(C)(C)[C@@H]1CC=C(C)C[C@@H]21,Ki,'=',0.49,nM,9.30980392
CHEMBL4085404,438.59,CCN(CC)c1ccc(CN(c2ccc(C)cc2)S(=O)(=O)c2ccc(OC)cc2)cc1,Ki,'=',0.5,nM,9.301029996
CHEMBL466047,509.59,CC(C)(C)c1cn(CC2CCCO2)/c(=N/C(=O)c2cc(C(F)(F)F)ccc2ON=C2CCCC2)s1,Ki,'=',0.5,nM,9.301029996
CHEMBL3686335,597.63,C[C@@H]1CN(S(=O)(=O)c2cc3ccccc3n2S(=O)(=O)c2ccccc2F)CC[C@H]1CNS(=O)(=O)C(F)(F)F,Ki,'=',0.5,nM,9.301029996
CHEMBL3686334,512.59,CC(C)(C)c1cn(C[C@H]2CCCO2)/c(=N/C(=O)c2cc(C(F)(F)F)ccc2OC[C@@H]2CCCO2)s1,Ki,'=',0.5,nM,9.301029996
CHEMBL3650136,511.62,Cc1ccc(S(=O)(=O)c2ccc([C@H](C)NS(C)(=O)=O)cc2)c(S(=O)(=O)c2ccccc2F)c1,Ki,'=',0.5,nM,9.301029996
CHEMBL5974702,438.59,CCN(CC)c1ccc(CN(c2ccc(C)cc2)S(=O)(=O)c2ccc(OC)cc2)cc1,Ki,'=',0.5,nM,9.301029996
CHEMBL5222786,386.58,CCCCCCC(C)(C)c1cc(O)c2c(c1)OC(C)(C)[C@@H]1CC=C(CO)C[C@@H]21,Ki,'=',0.5,nM,9.301029996
CHEMBL5959219,451.54,CCOC(=O)C(CC)(CC)NC(=O)c1ccc(N2CC(OC)C2)c(OC[C@H]2C[C@@H]2CF)n1,Ki,'=',0.5,nM,9.301029996
CHEMBL571131,369.51,COc1ccc2c(C(=O)C3C(C)(C)C3(C)C)cn(CC3CCOCC3)c2c1,Ki,'=',0.51,nM,9.292429824
CHEMBL3234672,431.37,CCc1c(C(=O)NC2CCCCC2)nn(-c2ccc(Cl)c(Cl)c2)c1-n1cccc1,Ki,'=',0.51,nM,9.292429824
CHEMBL3647318,369.51,COc1ccc2c(C(=O)C3C(C)(C)C3(C)C)cn(CC3CCOCC3)c2c1,Ki,'=',0.5129,nM,9.289967301
CHEMBL3407534,369.51,COc1ccc2c(C(=O)C3C(C)(C)C3(C)C)cn(CC3CCOCC3)c2c1,Ki,'=',0.5129,nM,9.289967301
CHEMBL3422790,386.58,CCCCCCCCCc1cc(O)c2c(c1)OC(C)(C)[C@@H]1CC=C(CO)C[C@@H]21,Ki,'=',0.52,nM,9.283996656
CHEMBL3422784,432.7,CCCCCCC1(c2cc(O)c3c(c2)OC(C)(C)[C@@H]2CC=C(C)C[C@@H]32)SCCS1,Ki,'=',0.52,nM,9.283996656
CHEMBL4483714,432.7,CCCCCCC1(c2cc(O)c3c(c2)OC(C)(C)[C@@H]2CC=C(C)C[C@@H]32)SCCS1,Ki,'=',0.52,nM,9.283996656
CHEMBL1209708,432.7,CCCCCCC1(c2cc(O)c3c(c2)OC(C)(C)[C@@H]2CC=C(C)C[C@@H]32)SCCS1,Ki,'=',0.5248,nM,9.280006174
CHEMBL1822932,441.41,CC1=CC[C@@H]2[C@@H](C1)c1c(O)cc(C(C)(C)c3cccc(Br)c3)cc1OC2(C)C,Ki,'=',0.54,nM,9.26760624
CHEMBL443842,373.47,CC1CCC(NC(=O)c2cc3cccnc3n(CCCCCF)c2=O)CC1,Ki,'=',0.56,nM,9.251811973
CHEMBL5752505,370.58,C=C1CC[C@@H]2[C@@H](C1)c1c(O)cc(C(C)(C)CCCCCC)cc1OC2(C)C,Ki,'=',0.58,nM,9.236572006
CHEMBL525528,509.63,COc1ccc(S(=O)(=O)c2ccc([C@H](C)NS(C)(=O)=O)cc2)c(S(=O)(=O)c2ccccc2)c1,Ki,'=',0.6,nM,9.22184875
CHEMBL2152802,476.06,Cc1ccc(Cn2nc(C(=O)NC3C4(C)CCC(C4)C3(C)C)cc2-c2ccc(Cl)c(C)c2)cc1,Ki,'=',0.6,nM,9.22184875
CHEMBL1270579,422.57,CCCCCn1cc(C(=O)NC23CC4CC(CC(C4)C2)C3)c(=O)c2cccc(OC)c21,Ki,'=',0.6,nM,9.22184875
CHEMBL3650128,458.55,CCCCn1nc(C(C)(C)C)s/c1=N\C(=O)c1cc(C(F)(F)F)ccc1ONC(C)C,Ki,'=',0.6,nM,9.22184875
CHEMBL4074070,459.63,CN(CCO)C(=O)C(C)(C)NC(=O)c1cc2c(n(CC3CCCCC3)c1=O)CCCCCC2,Ki,'=',0.6,nM,9.22184875
CHEMBL4475022,476.06,Cc1ccc(Cn2nc(C(=O)N[C@@H]3C(C)(C)[C@@H]4CC[C@@]3(C)C4)cc2-c2ccc(Cl)c(C)c2)cc1,Ki,'=',0.6,nM,9.22184875
CHEMBL482355,489.62,COc1ccc(S(=O)(=O)c2cc(OC)ccc2Cc2ccc([C@H](C)NS(C)(=O)=O)cc2)cc1,Ki,'=',0.6,nM,9.22184875
CHEMBL5886187,479.46,CC1=CC[C@@H]2[C@@H](C1)c1c(O)cc(C(C)(C)C(=O)OCCCCCBr)cc1OC2(C)C,Ki,'=',0.6,nM,9.22184875
CHEMBL3409320,476.06,Cc1ccc(Cn2nc(C(=O)N[C@@H]3C(C)(C)[C@@H]4CC[C@@]3(C)C4)cc2-c2ccc(Cl)c(C)c2)cc1,Ki,'=',0.6,nM,9.22184875
CHEMBL5828611,489.66,CC(C)(NC(=O)c1cc2c(n(CC3CCCCC3)c1=O)CCCCCC2)C(=O)NCCOCCO,Ki,'=',0.6,nM,9.22184875
CHEMBL3780852,476.06,Cc1ccc(Cn2nc(C(=O)NC3C4(C)CCC(C4)C3(C)C)cc2-c2ccc(Cl)c(C)c2)cc1,Ki,'=',0.6,nM,9.22184875
CHEMBL5077315,500.59,CCCCn1nc(C(C)(C)C)s/c1=N\C(=O)c1cc(C(F)(F)F)ccc1ONC(=O)C(C)(C)C,Ki,'=',0.6,nM,9.22184875
CHEMBL5790887,476.06,Cc1ccc(Cn2nc(C(=O)NC3C4(C)CCC(C4)C3(C)C)cc2-c2ccc(Cl)c(C)c2)cc1,Ki,'=',0.6,nM,9.22184875
CHEMBL5986124,476.06,Cc1ccc(Cn2nc(C(=O)NC3C4(C)CCC(C4)C3(C)C)cc2-c2ccc(Cl)c(C)c2)cc1,Ki,'=',0.6,nM,9.22184875
CHEMBL2163950,486.6,[2H]C([2H])([18F])C([2H])([2H])C([2H])([2H])OC(=O)C(CC)(CC)NC(=O)c1ccc(N2CC(OC)C2)c(OC[C@H]2C[C@@H]2CO)n1,Ki,'=',0.6,nM,9.22184875
CHEMBL2380420,451.4,CC1=CC[C@@H]2[C@@H](C1)c1c(O)cc(C(C)(C)C(=O)OCCCBr)cc1OC2(C)C,Ki,'=',0.6,nM,9.22184875
CHEMBL233184,494.75,CC1(C)Oc2cc(C3(CCCCCCCC#N)CCCC3)cc(O)c2[C@@H]2C[C@H](CN=C=S)CC[C@H]21,Ki,'=',0.6,nM,9.22184875
CHEMBL429797,476.06,Cc1ccc(Cn2nc(C(=O)NC3C4(C)CCC(C4)C3(C)C)cc2-c2ccc(Cl)c(C)c2)cc1,Ki,'=',0.6,nM,9.22184875
CHEMBL3647331,479.46,CC1=CC[C@H]2[C@@H](C1)c1c(O)cc(C(C)(C)C(=O)OCCCCCBr)cc1OC2(C)C,Ki,'=',0.6,nM,9.22184875
CHEMBL2381809,376.58,CCCCCCC(C)(C)c1ccc([C@@H]2C[C@H](O)CC[C@H]2CCCO)c(O)c1,Ki,'=',0.62,nM,9.207608311
CHEMBL19847,351.49,CCCCCn1cc2c(=O)n(CC3CCCCC3)nc-2c2ccccc21,Ki,'=',0.62,nM,9.207608311
CHEMBL4550236,405.59,CCCCCn1nc(C(=O)NC23CC4CC(CC(C4)C2)C3)c(C)c1-c1ccccc1,Ki,'=',0.63,nM,9.200659451
CHEMBL4454159,310.46,COCCn1c(C)c(C)s/c1=N\C(=O)C1C(C)(C)C1(C)C,Ki,'=',0.64,nM,9.193820026
CHEMBL270546,309.46,Cc1s/c(=N\C(=O)C2C(C)(C)C2(C)C)n(CCO[11CH3])c1C,Ki,'=',0.64,nM,9.193820026
CHEMBL512511,310.46,COCCn1c(C)c(C)s/c1=N\C(=O)C1C(C)(C)C1(C)C,Ki,'=',0.64,nM,9.193820026
CHEMBL466651,418.38,CC1(C)C(C(=O)c2cn(CC3CCOCC3)c3cc(Br)ccc23)C1(C)C,Ki,'=',0.6457,nM,9.189969214
CHEMBL198246,418.38,CC1(C)C(C(=O)c2cn(CC3CCOCC3)c3cc(Br)ccc23)C1(C)C,Ki,'=',0.6457,nM,9.189969214
CHEMBL1270784,368.56,CC1=CC[C@@H]2[C@@H](C1)c1c(O)cc(C(C)(C)C3CCCCC3)cc1OC2(C)C,Ki,'=',0.65,nM,9.187086643
CHEMBL516406,368.56,CC1=CC[C@@H]2[C@@H](C1)c1c(O)cc(C(C)(C)C3CCCCC3)cc1OC2(C)C,Ki,'=',0.65,nM,9.187086643
CHEMBL595223,603.06,COc1ccc(S(=O)(=O)c2ccc(Cl)cc2S(=O)(=O)N2CCC3(CC2)CC3NS(=O)(=O)C(F)(F)F)cc1,Ki,'=',0.65,nM,9.187086643
CHEMBL512531,374.6,CCCC[Si](C)(C)c1cc(O)c2c(c1)OC(C)(C)[C@@H]1CC=C(CO)C[C@@H]21,Ki,'=',0.65,nM,9.187086643
CHEMBL232538,418.38,CC1(C)C(C(=O)c2cn(CC3CCOCC3)c3cc(Br)ccc23)C1(C)C,Ki,'=',0.65,nM,9.187086643
CHEMBL2387178,459.52,CC1CCC(NC(=O)c2cc3cc(-c4ccco4)cnc3n(Cc3ccc(F)cc3)c2=O)CC1,Ki,'=',0.67,nM,9.173925197
CHEMBL370824,390.57,CCc1ccc(C(C)(C)c2cc(O)c3c(c2)OC(C)(C)[C@@H]2CC=C(C)C[C@@H]32)cc1,Ki,'=',0.67,nM,9.173925197
CHEMBL4637535,492.6,CC1CCC(NC(=O)c2cc3cc(-c4ccc(F)cc4)cnc3n(CCN3CCOCC3)c2=O)CC1,Ki,'=',0.68,nM,9.167491087
CHEMBL469895,376.58,CCCCCCC(C)(C)c1ccc([C@@H]2C[C@H](O)CC[C@H]2CCCO)c(O)c1,Ki,'=',0.69,nM,9.161150909
CHEMBL5182619,385.5,COc1cc2c(cc1O)c(C(=O)C1C(C)(C)C1(C)C)cn2CC1CCOCC1,Ki,'=',0.6918,nM,9.160019442
CHEMBL482356,385.5,COc1cc2c(cc1O)c(C(=O)C1C(C)(C)C1(C)C)cn2CC1CCOCC1,Ki,'=',0.6918,nM,9.160019442
CHEMBL4062745,393.46,O=C(NC1CCCCCC1)c1cc2cccnc2n(Cc2ccc(F)cc2)c1=O,Ki,'=',0.7,nM,9.15490196
CHEMBL507019,385.5,COc1cc2c(cc1O)c(C(=O)C1C(C)(C)C1(C)C)cn2CC1CCOCC1,Ki,'=',0.7,nM,9.15490196
CHEMBL3686323,423.54,CCOCCn1cc(C(=O)NC23CC4CC(CC(C4)C2)C3)c(=O)c2cccc(O[11CH3])c21,Ki,'=',0.7,nM,9.15490196
CHEMBL1909856,586.01,C[C@H](NS(=O)(=O)C(F)(F)F)c1ccc(S(=O)(=O)c2ccc(Cl)cc2S(=O)(=O)c2ccccc2F)cc1,Ki,'=',0.7,nM,9.15490196
CHEMBL471366,458.6,CCCCCn1cc(C(=O)NC23CC4CC(CC(C4)C2)C3)c(=O)c2cc(-c3ccco3)ccc21,Ki,'=',0.7,nM,9.15490196
CHEMBL119592,424.54,CCOCCn1cc(C(=O)NC23CC4CC(CC(C4)C2)C3)c(=O)c2cccc(OC)c21,Ki,'=',0.7,nM,9.15490196
CHEMBL5169682,453.03,CCCCCn1cc(C(=O)NC23CC4CC(CC(C4)C2)C3)c(=O)cc1-c1ccccc1Cl,Ki,'=',0.7,nM,9.15490196
CHEMBL3353446,376.58,CCCCCCC(C)(C)c1ccc([C@@H]2C[C@H](O)CC[C@H]2CCCO)c(O)c1,Ki,'=',0.7,nM,9.15490196
CHEMBL3410816,586.01,C[C@@H](NS(=O)(=O)C(F)(F)F)c1ccc(S(=O)(=O)c2ccc(Cl)cc2S(=O)(=O)c2ccccc2F)cc1,Ki,'=',0.7,nM,9.15490196
CHEMBL5187099,388.57,CCCSC(=O)C(C)(C)c1cc(O)c2c(c1)OC(C)(C)[C@@H]1CC=C(C)C[C@@H]21,Ki,'=',0.7,nM,9.15490196
CHEMBL584105,414.55,CC1=CC[C@H]2[C@H](C1)c1c(O)cc(/C(C)=N/OCCN3CCOCC3)cc1OC2(C)C,Ki,'=',0.7,nM,9.15490196
CHEMBL234678,473.52,CCCCn1nc(C(C)(C)C)s/c1=N/C(=O)c1cc(C(F)(F)F)ccc1NNC(=O)OC,Ki,'=',0.7,nM,9.15490196
CHEMBL382728,406.57,CCCCCn1cc(C(=O)NC23CC4CC(CC(C4)C2)C3)c(=O)c2cccc(C)c21,Ki,'=',0.7,nM,9.15490196
CHEMBL331838,457.62,CCCCCn1cc(C(=O)NC23CC4CC(CC(C4)C2)C3)c(=O)c2cc(-n3cccc3)ccc21,Ki,'=',0.7,nM,9.15490196
CHEMBL527071,477.44,CC1=CC[C@@H]2[C@@H](C1)c1c(O)cc(C3(C(=O)OCCCCBr)CCC3)cc1OC2(C)C,Ki,'=',0.7,nM,9.15490196
CHEMBL570454,451.4,CC1=CC[C@@H]2[C@@H](C1)c1c(O)cc(C(C)(C)C(=O)OCCCBr)cc1OC2(C)C,Ki,'=',0.7,nM,9.15490196
CHEMBL481508,385.5,COc1cc2c(cc1O)c(C(=O)C1C(C)(C)C1(C)C)cn2CC1CCOCC1,Ki,'=',0.7,nM,9.15490196
CHEMBL471129,424.54,CCOCCn1cc(C(=O)NC23CC4CC(CC(C4)C2)C3)c(=O)c2cccc(OC)c21,Ki,'=',0.7,nM,9.15490196
CHEMBL527031,393.46,C[C@H]1CC[C@@H](NC(=O)c2cc3cccnc3n(Cc3ccc(F)cc3)c2=O)CC1,Ki,'=',0.7,nM,9.15490196
CHEMBL232132,539.66,CN1CCCC[C@H]1COc1ccc(C(F)(F)F)cc1C(=O)/N=c1\sc(C(C)(C)C)cn1C[C@H]1CCCO1,Ki,'=',0.7,nM,9.15490196
CHEMBL5074603,388.57,CCCSC(=O)C(C)(C)c1cc(O)c2c(c1)OC(C)(C)[C@@H]1CC=C(C)C[C@@H]21,Ki,'=',0.7,nM,9.15490196
CHEMBL1270389,525.64,CC(C)(C)c1cn(C[C@H]2CCCO2)/c(=N/C(=O)c2cc(C(F)(F)F)ccc2OC[C@@H]2CCCCN2)s1,Ki,'=',0.7,nM,9.15490196
CHEMBL519288,458.6,CCCCCn1cc(C(=O)NC23CC4CC(CC(C4)C2)C3)c(=O)c2cc(-c3ccco3)ccc21,Ki,'=',0.7,nM,9.15490196
CHEMBL199102,516.57,CCCCn1/c(=N/C(=O)c2cc(C(F)(F)F)ccc2NNC(=O)c2ccncc2)cc(C(C)(C)C)n1C,Ki,'=',0.7,nM,9.15490196
CHEMBL231932,386.53,CCCCOC(=O)C(C)(C)c1cc(O)c2c(c1)OC(C)(C)[C@H]1CC=C(C)C[C@@H]21,Ki,'=',0.7,nM,9.15490196
CHEMBL232929,477.44,CC1=CC[C@@H]2[C@@H](C1)c1c(O)cc(C3(C(=O)OCCCCBr)CCC3)cc1OC2(C)C,Ki,'=',0.7,nM,9.15490196
CHEMBL480578,481.57,CCC(CC)(NC(=O)c1ccc(N2CC(OC)C2)c(OC[C@H]2C[C@@H]2CO)n1)C(=O)OCCCF,Ki,'=',0.7,nM,9.15490196
CHEMBL4092136,451.54,CCOC(=O)C(CC)(CC)NC(=O)c1ccc(N2CC(OC)C2)c(OC[C@@H]2C[C@@H]2CF)n1,Ki,'=',0.7,nM,9.15490196
CHEMBL5867120,327.47,CC1(C)C(C(=O)c2cn(CCCCCO)c3ccccc23)C1(C)C,Ki,'=',0.7079,nM,9.150028088
CHEMBL6009533,327.47,CC1(C)C(C(=O)c2cn(CCCCCO)c3ccccc23)C1(C)C,Ki,'=',0.71,nM,9.148741651
CHEMBL511790,363.85,CC1(C)Cc2ccc(C#N)cc2[C@@H]1NC(=O)c1cc2cc(Cl)ccc2[nH]1,Ki,'=',0.71,nM,9.148741651
CHEMBL5988824,444.52,CC(C)Cn1cc(C(C)(C)C)s/c1=N\C(=O)c1cc(C(F)(F)F)ccc1OCCO,Ki,'=',0.73,nM,9.13667714
CHEMBL6013431,423.51,CCCCCOc1c(OC)ccc2cc(C(=O)NCCc3ccncc3)c(=O)n(C)c12,Ki,'=',0.7499,nM,9.124996646
CHEMBL4443660,409.46,CC1CCC(NC(=O)c2c(O)c3cccnc3n(Cc3ccc(F)cc3)c2=O)CC1,Ki,'=',0.75,nM,9.124938737
CHEMBL1814459,423.51,CCCCCOc1c(OC)ccc2cc(C(=O)NCCc3ccncc3)c(=O)n(C)c12,Ki,'=',0.75,nM,9.124938737
CHEMBL3114181,392.47,CC1CCC(NC(=O)c2cc3ccccc3n(Cc3ccc(F)cc3)c2=O)CC1,Ki,'=',0.75,nM,9.124938737
CHEMBL3650118,395.55,CCc1ccc(/C=C2\C=C(CCN3CCOCC3)c3ccccc32)c2ccccc12,Ki,'=',0.79,nM,9.102372909
CHEMBL3650093,397.56,COc1cccc2c(C(=O)N3C[C@@H](C)N(C)[C@@H](C)C3)cn(CC3CCCCC3)c12,Ki,'=',0.7943,nM,9.100015437
CHEMBL2018658,412.46,CCCCOc1c(OC)ccc2cc(C(=O)NCC(F)c3ccccc3)c(=O)[nH]c12,Ki,'=',0.7998,nM,9.0970186
CHEMBL5779501,412.46,CCCCOc1c(OC)ccc2cc(C(=O)NCC(F)c3ccccc3)c(=O)[nH]c12,Ki,'=',0.8,nM,9.096910013
CHEMBL272868,392.66,CSC(=S)N1CC2(CCCCC2)CS/C1=N\c1ccccc1C(C)C,Ki,'=',0.8,nM,9.096910013
CHEMBL5844491,449.43,CC1=CC[C@@H]2[C@@H](C1)c1c(O)cc(C(C)(C)C(=O)CCCCBr)cc1OC2(C)C,Ki,'=',0.8,nM,9.096910013
CHEMBL1836186,410.53,CCCCCn1cc(C(=O)NC23CC4CC(CC(C4)C2)C3)c(=O)c2ccc(F)cc21,Ki,'=',0.8,nM,9.096910013
CHEMBL118631,398.52,CCCCn1cc(C(=O)N[C@@H]2C(C)(C)C3CC[C@]2(C)C3)c(=O)c2ccc(F)cc21,Ki,'=',0.8,nM,9.096910013
CHEMBL600683,613.63,COc1ccc2c(c1)cc(S(=O)(=O)N1CCC(CNS(=O)(=O)C(F)(F)F)CC1)n2S(=O)(=O)c1ccccc1F,Ki,'=',0.8,nM,9.096910013
CHEMBL117033,410.53,CCCCCn1cc(C(=O)NC23CC4CC(CC(C4)C2)C3)c(=O)c2ccc(F)cc21,Ki,'=',0.8,nM,9.096910013
CHEMBL525067,520.58,CCCCn1nc(C(C)(C)C)s/c1=N\C(=O)c1cc(C(F)(F)F)ccc1NNC(=O)c1ccncc1,Ki,'=',0.8,nM,9.096910013
CHEMBL3410820,465.43,CC1=CC[C@@H]2[C@@H](C1)c1c(O)cc(C(C)(C)C(=O)OCCCCBr)cc1OC2(C)C,Ki,'=',0.8,nM,9.096910013
CHEMBL136120,412.46,CCCCOc1c(OC)ccc2cc(C(=O)NCC(F)c3ccccc3)c(=O)[nH]c12,Ki,'=',0.8,nM,9.096910013
CHEMBL231721,402.53,CCCCOC(=O)C(C)(C)c1cc(O)c2c(c1)OC(C)(C)[C@@H]1CC=C(CO)C[C@@H]21,Ki,'=',0.8,nM,9.096910013
CHEMBL596133,402.56,CSC(=S)N1CC2(CCCCC2)CO/C1=N\c1ccc(F)c2ccccc12,Ki,'=',0.8,nM,9.096910013
CHEMBL2152816,444.61,C=C(C)[C@H]1CCC(C)=CC1c1c(O)cc(CCCCC)c(C(=O)OCC(O)CCC)c1O,Ki,'=',0.8,nM,9.096910013
CHEMBL233139,440.54,CCOCCn1cc(C(=O)NC23CC4CC(CC(O)(C4)C2)C3)c(=O)c2cccc(OC)c21,Ki,'=',0.8,nM,9.096910013
CHEMBL336670,413.52,CC1=CC[C@@H]2[C@@H](C1)c1c(O)cc(C(C)(C)C(=O)OCCCN=[N+]=[N-])cc1OC2(C)C,Ki,'=',0.8,nM,9.096910013
CHEMBL2018664,426.53,CCCCCn1c(=O)c(C(=O)NC23CC4CC(CC(C4)C2)C3)c(O)c2ccc(F)cc21,Ki,'=',0.8,nM,9.096910013
CHEMBL3647335,455.64,CC1(C)Oc2cc(C3(CCCCCCN=[N+]=[N-])CCCC3)cc(O)c2[C@@H]2C[C@H](CO)CC[C@H]21,Ki,'=',0.8,nM,9.096910013
CHEMBL2206834,410.53,CCCCCn1cc(C(=O)NC23CC4CC(CC(C4)C2)C3)c(=O)c2ccc(F)cc21,Ki,'=',0.8,nM,9.096910013
CHEMBL595268,411.54,CC1=CC[C@H]2[C@@H](C1)c1c(O)cc(C(C)(C)C(=O)OCCCCC#N)cc1OC2(C)C,Ki,'=',0.8,nM,9.096910013
CHEMBL3686331,500.44,FC(F)(F)c1ccccc1Cn1nnc2c(N3CCC4(C3)N=N4)nc(C(F)(F)c3ccccc3)nc21,Ki,'=',0.8,nM,9.096910013
CHEMBL232131,402.53,CCCCOC(=O)C(C)(C)c1cc(O)c2c(c1)OC(C)(C)[C@@H]1CC=C(CO)C[C@@H]21,Ki,'=',0.8,nM,9.096910013
CHEMBL3650133,481.57,CCC(CC)(NC(=O)c1ccc(N2CC(OC)C2)c(OC[C@H]2C[C@@H]2CO)n1)C(=O)OCCCF,Ki,'=',0.8,nM,9.096910013
CHEMBL111,402.49,O=C(NC1CCCCCC1)c1cn2c3c(cccc3c1=O)OCC2c1ccccc1,Ki,'=',0.81,nM,9.091514981
CHEMBL2316284,357.45,CCCCn1cc(C(=O)c2cccc3ccccc23)c2cccc(OC)c21,Ki,'=',0.81,nM,9.091514981
CHEMBL3353440,465.68,CCCCCCC(C)(C)c1ccc(-c2cc(C)cc(C)c2)c(COC(=O)CN2CCOCC2)c1,Ki,'=',0.81,nM,9.091514981
CHEMBL471295,357.45,CCCCn1cc(C(=O)c2cccc3ccccc23)c2cccc(OC)c21,Ki,'=',0.81,nM,9.091514981
CHEMBL392842,354.45,CCCCCCC(C)(C)c1cc(O)c2c(c1)oc(=O)c1ccc(O)cc12,Ki,'=',0.82,nM,9.086186148
CHEMBL1668505,472.57,CCCCn1cc(C(C)(C)C)s/c1=N\C(=O)c1cc(C(F)(F)F)ccc1OCC(C)(C)O,Ki,'=',0.82,nM,9.086186148
CHEMBL3686326,354.45,CCCCCCC(C)(C)c1cc(O)c2c(c1)oc(=O)c1ccc(O)cc12,Ki,'=',0.82,nM,9.086186148
CHEMBL4070881,351.41,CC1(C)C(C(=O)c2cn(CCCC(F)(F)F)c3ccccc23)C1(C)C,Ki,'=',0.83,nM,9.080921908
CHEMBL4098489,410.56,CCCCCn1cc(C(=O)NC23CC4CC(CC(C4)C2)C3)c(=O)n2nc(CC)cc12,Ki,'=',0.84,nM,9.075720714
CHEMBL523727,368.56,CCCCCCC1(c2cc(O)c3c(c2)OC(C)(C)[C@@H]2CC=C(C)C[C@@H]32)CC1,Ki,'=',0.8511,nM,9.070019409
CHEMBL2023045,368.56,CCCCCCC1(c2cc(O)c3c(c2)OC(C)(C)[C@@H]2CC=C(C)C[C@@H]32)CC1,Ki,'=',0.86,nM,9.065501549
CHEMBL4061179,413.53,CCS(=O)(=O)Nc1ccc2c(c1)nc(C(C)(C)C)n2CC1CCC(F)(F)CC1,Ki,'=',0.87,nM,9.060480747
CHEMBL3114182,399.51,CC(C)(C)c1nc2cc(NS(C)(=O)=O)ccc2n1CC1CCC(F)(F)CC1,Ki,'=',0.871,nM,9.059981845
CHEMBL2018659,445.6,CC1(C)C(C(=O)c2cn(CC3CCOCC3)c3cc(OCc4ccccc4)ccc23)C1(C)C,Ki,'=',0.88,nM,9.055517328
CHEMBL4098428,376.54,CC1=CC[C@@H]2[C@@H](C1)c1c(O)cc(C(C)(C)c3ccc(C)cc3)cc1OC2(C)C,Ki,'=',0.88,nM,9.055517328
CHEMBL4644215,445.6,CC1(C)C(C(=O)c2cn(CC3CCOCC3)c3cc(OCc4ccccc4)ccc23)C1(C)C,Ki,'=',0.8913,nM,9.049976093
CHEMBL2163926,445.6,CC1(C)C(C(=O)c2cn(CC3CCOCC3)c3cc(OCc4ccccc4)ccc23)C1(C)C,Ki,'=',0.8913,nM,9.049976093
CHEMBL5183968,393.46,CC1CCC(NC(=O)c2cc3cccnc3n(Cc3ccc(F)cc3)c2=O)CC1,Ki,'=',0.9,nM,9.045757491
CHEMBL272876,565.59,C[C@H](NS(C)(=O)=O)c1ccc(S(=O)(=O)c2ccc(C(F)(F)F)cc2S(=O)(=O)c2ccccc2F)cc1,Ki,'=',0.9,nM,9.045757491
CHEMBL3353442,566.61,O=S(=O)(c1cc2ccccc2n1S(=O)(=O)c1ccccn1)N1CCC(CNS(=O)(=O)C(F)(F)F)CC1,Ki,'=',0.9,nM,9.045757491
CHEMBL5092703,384.57,CSC(=S)N1CC2(CCCCC2)CO/C1=N\c1cccc2ccccc12,Ki,'=',0.9,nM,9.045757491
CHEMBL576549,623.58,O=S(=O)(c1ccccn1)c1ccc(OC(F)(F)F)cc1S(=O)(=O)N1CCC2(CC1)CC2NS(=O)(=O)C(F)(F)F,Ki,'=',0.9,nM,9.045757491
CHEMBL232336,380.5,CC1=CC[C@@H]2[C@@H](C1)c1c(O)cc(C(C)(C)c3cccc(F)c3)cc1OC2(C)C,Ki,'=',0.9,nM,9.045757491
CHEMBL271824,392.58,CSC(=S)N1CC2(CCCCC2)CS/C1=N\c1cccc2nonc12,Ki,'=',0.9,nM,9.045757491
CHEMBL2152815,380.53,CC(C)CCn1c2c(cc(C(=O)NCc3ccccc3)c1=O)CCCCCC2,Ki,'=',0.9,nM,9.045757491
CHEMBL197777,393.46,CC1CCC(NC(=O)c2cc3cccnc3n(Cc3ccc(F)cc3)c2=O)CC1,Ki,'=',0.9,nM,9.045757491
CHEMBL3686339,544.07,COc1ccc(S(=O)(=O)c2ccc([C@H](C)NS(C)(=O)=O)cc2)c(S(=O)(=O)c2ccc(Cl)cc2)c1,Ki,'=',0.9,nM,9.045757491
CHEMBL4249273,414.55,CCCCCN1C(=O)C(C(=O)NC23CC4CC(CC(C4)C2)C3)=C(O)C2C1C=NN2C,Ki,'=',0.9,nM,9.045757491
CHEMBL2206838,364.54,COc1ccccc1/N=C1\OCC2(CCCCC2)CN1C(=S)SC,Ki,'=',0.9,nM,9.045757491
CHEMBL1909858,455.56,COc1cccc2c(=O)c(C(=O)NC34CC5CC(CC(C5)C3)C4)cn(CCOCCC[18F])c12,Ki,'=',0.9,nM,9.045757491
CHEMBL3686311,419.02,CSC(=S)N1CC2(CCCCC2)CO/C1=N\c1ccc(Cl)c2ccccc12,Ki,'=',0.9,nM,9.045757491
CHEMBL572000,411.54,CC1=CC[C@@H]2[C@@H](C1)c1c(O)cc(C(C)(C)C(=O)OCCCCC#N)cc1OC2(C)C,Ki,'=',0.9,nM,9.045757491
CHEMBL5202843,532.71,CCCCCn1cc(C(=O)NC23CC4CC(CC(C4)C2)C3)c(=O)c2ccc(S(=O)(=O)c3ccccc3)cc21,Ki,'=',0.9,nM,9.045757491
CHEMBL1259037,526.62,CC(C)(C)C(=O)COc1ccc(C(F)(F)F)cc1C(=O)/N=c1\sc(C(C)(C)C)cn1C[C@H]1CCCO1,Ki,'=',0.9,nM,9.045757491
CHEMBL240913,451.79,Cc1c(C(=O)NC2CCCCC2)nn(-c2ccc(Cl)c(Cl)c2)c1-n1cccc1Cl,Ki,'=',0.9,nM,9.045757491
CHEMBL522719,426.52,Cc1c(C(=O)c2cccc3ccccc23)c2cccc3c2n1[C@H](CN1CCOCC1)CO3,Ki,'=',0.9,nM,9.045757491
CHEMBL3353436,387.52,CC1=CC[C@@H]2[C@@H](C1)c1c(O)cc(C(C)(C)c3cccc(C#N)c3)cc1OC2(C)C,Ki,'=',0.91,nM,9.040958608
CHEMBL4860950,362.51,CC1=CC[C@@H]2[C@@H](C1)c1c(O)cc(C(C)(C)c3ccccc3)cc1OC2(C)C,Ki,'=',0.91,nM,9.040958608
CHEMBL271810,362.51,CC1=CC[C@@H]2[C@@H](C1)c1c(O)cc(C(C)(C)c3ccccc3)cc1OC2(C)C,Ki,'=',0.91,nM,9.040958608
CHEMBL3104356,368.54,CC1=CC[C@@H]2[C@@H](C1)c1c(O)cc(C(C)(C)c3cccs3)cc1OC2(C)C,Ki,'=',0.91,nM,9.040958608
CHEMBL1270681,362.51,CC1=CC[C@@H]2[C@@H](C1)c1c(O)cc(C(C)(C)c3ccccc3)cc1OC2(C)C,Ki,'=',0.91,nM,9.040958608
CHEMBL3950898,362.51,CC1=CC[C@@H]2[C@@H](C1)c1c(O)cc(C(C)(C)c3ccccc3)cc1OC2(C)C,Ki,'=',0.91,nM,9.040958608
CHEMBL3647333,330.43,CCCCn1nc(C(=O)N[C@H](C(N)=O)C(C)(C)C)c2ccccc21,Ki,'=',0.912,nM,9.040005162
CHEMBL1822933,330.43,CCCCn1nc(C(=O)N[C@H](C(N)=O)C(C)(C)C)c2ccccc21,Ki,'=',0.912,nM,9.040005162
CHEMBL5071417,475.59,C[C@H]1CC[C@@H](NC(=O)c2cc3cc(-c4cccs4)cnc3n(Cc3ccc(F)cc3)c2=O)CC1,Ki,'=',0.96,nM,9.017728767
CHEMBL4647226,454.52,CCCCCOc1c(OC)ccc2cc(C(=O)NCCc3ccc(O)c(OC)c3)c(=O)[nH]c12,Ki,'=',0.97,nM,9.013228266
CHEMBL5193398,402.65,CCCCCC[Si](C)(C)c1cc(O)c2c(c1)OC(C)(C)[C@@H]1CC=C(CO)C[C@@H]21,Ki,'=',0.97,nM,9.013228266
CHEMBL4071389,454.52,CCCCCOc1c(OC)ccc2cc(C(=O)NCCc3ccc(O)c(OC)c3)c(=O)[nH]c12,Ki,'=',0.9705,nM,9.01300446
CHEMBL5081770,339.48,CC(=O)CCCCn1cc(C(=O)C2C(C)(C)C2(C)C)c2ccccc21,Ki,'=',0.99,nM,9.004364805
CHEMBL6052404,326.48,CCCCCCC(C)(C)c1ccc(-c2ccccc2OC)c(O)c1,Ki,'=',1,nM,9
CHEMBL3353438,532.04,C[C@H](NS(C)(=O)=O)c1ccc(S(=O)(=O)c2ccc(Cl)cc2S(=O)(=O)c2ccccc2F)cc1,Ki,'=',1,nM,9
CHEMBL3353451,366.55,CCCCCCC(C)(C)c1ccc2c(c1)OC(C)(C)c1ccc(CO)cc1-2,Ki,'=',1,nM,9
CHEMBL5189892,360.46,CC(C)CCn1c(=O)n(C(=O)N[C@H](C(N)=O)C(C)(C)C)c2ccccc21,Ki,'=',1,nM,9
CHEMBL2387078,327.42,CC1(C)C(C(=O)c2cn(CC3OCCO3)c3ccccc23)C1(C)C,Ki,'=',1,nM,9
CHEMBL109393,381.57,CSC(=S)N1CC2(CCCCC2)CO/C1=N\c1cc(C(C)(C)C)no1,Ki,'=',1,nM,9
CHEMBL604704,433.6,CCOc1ccc(Cc2nc3cc(C(=O)N(CC)CC)ccc3n2CC2CCCC2)cc1,Ki,'=',1,nM,9
CHEMBL3422788,463.62,COc1cccc2c3c(=O)n([C@@H]4C(C)(C)[C@@H]5CC[C@@]4(C)C5)ccc3n(CCN3CCOCC3)c12,Ki,'=',1,nM,9
CHEMBL1269973,378.63,CSC(=S)N1CC2(CCCCC2)CS/C1=N\c1cccc(C)c1C,Ki,'=',1,nM,9
CHEMBL4753891,339.48,CC(=O)CCCCn1cc(C(=O)C2C(C)(C)C2(C)C)c2ccccc21,Ki,'=',1,nM,9
CHEMBL475772,485.73,CC1(C)Oc2cc(C3(CCCCCCCN=C=S)CCCC3)cc(O)c2[C@@H]2C[C@H](CO)CC[C@H]21,Ki,'=',1,nM,9
CHEMBL5080450,595.62,O=S(=O)(c1cc2ccccc2n1S(=O)(=O)c1ccccc1F)N1CCC2(CC1)C[C@@H]2NS(=O)(=O)C(F)(F)F,Ki,'=',1,nM,9
CHEMBL4073011,423.65,CCC(CC)(CC)c1cc(/N=C2\OCC3(CCCCC3)CN2C(=S)SC)on1,Ki,'=',1,nM,9
CHEMBL3647324,515.55,C[C@H](NS(C)(=O)=O)c1ccc(Cc2ccc(C(F)(F)F)cc2S(=O)(=O)c2ccccc2F)cc1,Ki,'=',1,nM,9
CHEMBL3104358,380.6,COc1cccc(/N=C2\SCC3(CCCCC3)CN2C(=S)SC)c1,Ki,'=',1,nM,9
CHEMBL4780771,378.63,CSC(=S)N1CC2(CCCC2)CS/C1=N\c1ccccc1C(C)C,Ki,'=',1,nM,9
CHEMBL5081699,388.6,CSC(=S)N1CC2(CCCCC2)CO/C1=N\c1cccc2c1CCCC2,Ki,'=',1,nM,9
CHEMBL487463,463.62,COc1cccc2c3c(=O)n([C@@H]4C(C)(C)[C@@H]5CC[C@@]4(C)C5)ccc3n(CCN3CCOCC3)c12,Ki,'=',1,nM,9
CHEMBL409265,463.62,COc1cccc2c3c(=O)n([C@@H]4C(C)(C)[C@@H]5CC[C@@]4(C)C5)ccc3n(CCN3CCOCC3)c12,Ki,'=',1,nM,9
CHEMBL410677,400.56,CCCCC(=O)OCC(C)(C)c1cc(O)c2c(c1)OC(C)(C)[C@@H]1CC=C(C)C[C@@H]21,Ki,'=',1,nM,9
CHEMBL574480,478.5,C#Cc1cccc(S(=O)(=O)F)c1Cn1nnc2c(N3CCC(F)(F)C3)nc(C(C)(C)C)nc21,Ki,'=',1,nM,9
CHEMBL3650126,467.4,CC(C)(C(=O)OCCCBr)c1cc(O)c2c(c1)OC(C)(C)[C@@H]1CC=C(CO)C[C@@H]21,Ki,'=',1,nM,9
CHEMBL498527,397.64,CSC(=S)N1CC2(CCCCC2)CO/C1=N\c1nc(C(C)(C)C)cs1,Ki,'=',1,nM,9
CHEMBL592896,413.51,CC(C)(C(=O)OCCCC#N)c1cc(O)c2c(c1)OC(C)(C)[C@@H]1CC=C(CO)C[C@@H]21,Ki,'=',1,nM,9
CHEMBL1271194,473.61,CC(C)(C(=O)OCCCN1CCOCC1)c1cc(O)c2c(c1)OC(C)(C)[C@@H]1CC=C(CO)C[C@@H]21,Ki,'=',1,nM,9
CHEMBL2387186,409.57,CCCc1ccc(/C=C2\C=C(CCN3CCOCC3)c3ccccc32)c2ccccc12,Ki,'=',1,nM,9
CHEMBL599882,437.54,CCCCCn1cc(C(=O)NC23CC4CC(CC(C4)C2)C3)c(=O)c2cccc([N+](=O)[O-])c21,Ki,'=',1,nM,9
CHEMBL3647334,448.54,COc1ccc(-c2cc(C(=O)NC3CCCCCC3)c(=O)n(Cc3ccc(F)cc3)c2)cc1,Ki,'=',1,nM,9
CHEMBL472506,515.6,CCCCn1nc(C(C)(C)C)s/c1=N/C(=O)c1cc(C(F)(F)F)ccc1NNC(=O)OC(C)(C)C,Ki,'=',1,nM,9
CHEMBL1259091,458.51,CCCCn1nc(C(C)(C)C)s/c1=N\C(=O)c1cc(C(F)(F)F)ccc1ONC(C)=O,Ki,'=',1,nM,9
CHEMBL3234700,459.63,CC(C)(NC(=O)c1cc2c(n(CC3CCCCC3)c1=O)CCCCCC2)C(=O)NCCCO,Ki,'=',1,nM,9
CHEMBL1259092,463.62,COc1cccc2c3c(=O)n([C@@H]4C(C)(C)[C@@H]5CC[C@@]4(C)C5)ccc3n(CCN3CCOCC3)c12,Ki,'=',1,nM,9
CHEMBL460544,454.57,CC(C)(C(=O)OCCCn1ccnc1)c1cc(O)c2c(c1)OC(C)(C)[C@@H]1CC=C(CO)C[C@@H]21,Ki,'=',1,nM,9
CHEMBL471988,383.49,CC1(C)C(C(=O)c2cn(CC3CCOCC3)c3cc4c(cc23)OCO4)C1(C)C,Ki,'=',1,nM,9
CHEMBL272203,372.51,CCCCOC(=O)C(C)c1cc(O)c2c(c1)OC(C)(C)[C@@H]1CC=C(C)C[C@@H]21,Ki,'=',1,nM,9
CHEMBL515090,400.56,CCCCC(=O)OCC(C)(C)c1cc(O)c2c(c1)OC(C)(C)[C@@H]1CC=C(C)C[C@@H]21,Ki,'=',1,nM,9
CHEMBL596579,383.49,CC1(C)C(C(=O)c2cn(CC3CCOCC3)c3cc4c(cc23)OCO4)C1(C)C,Ki,'=',1.023,nM,8.990124366
CHEMBL233636,327.42,CC1(C)C(C(=O)c2cn(CC3OCCO3)c3ccccc23)C1(C)C,Ki,'=',1.023,nM,8.990124366
CHEMBL3104360,481.63,CC1(C)C(C(=O)c2cn(CC3CCOCC3)c3c(CC4CCOCC4)c4c(cc23)OCO4)C1(C)C,Ki,'=',1.023,nM,8.990124366
CHEMBL1909957,526.35,CCCCCCC1(c2cc(O)c3c(c2)OC(C)(C)[C@@H]2CC=C(C)C[C@@H]32)CC1(Br)Br,Ki,'=',1.023,nM,8.990124366
CHEMBL3650086,526.35,CCCCCCC1(c2cc(O)c3c(c2)OC(C)(C)[C@@H]2CC=C(C)C[C@@H]32)CC1(Br)Br,Ki,'=',1.03,nM,8.987162775
CHEMBL3650127,363.51,CCc1c(C(=O)NC23CC4CC(CC(C4)C2)C3)nc(C)n1-c1ccccc1,Ki,'=',1.03,nM,8.987162775
CHEMBL5998628,430.68,CC1=CC[C@@H]2[C@@H](C1)c1c(O)cc(C3(C4CCCCC4)SCCS3)cc1OC2(C)C,Ki,'=',1.05,nM,8.978810701
CHEMBL4462947,430.68,CC1=CC[C@@H]2[C@@H](C1)c1c(O)cc(C3(C4CCCCC4)SCCS3)cc1OC2(C)C,Ki,'=',1.05,nM,8.978810701
CHEMBL3937621,373.28,CC(C)(c1ccccc1)c1cc(O)c(-c2cc(Cl)cc(Cl)c2)c(O)c1,Ki,'=',1.07,nM,8.970616222
CHEMBL270987,373.28,CC(C)(c1ccccc1)c1cc(O)c(-c2cc(Cl)cc(Cl)c2)c(O)c1,Ki,'=',1.07,nM,8.970616222
CHEMBL571342,399.56,CCCCCSc1cc(/C=C/C(=O)NCCc2ccc(O)cc2)ccc1OC,Ki,'=',1.099,nM,8.959002308
CHEMBL570198,459.63,CC1=CC[C@@H]2[C@@H](C1)c1c(O)cc(C(C)(C)CCCCOc3ccc(C#N)cc3)cc1OC2(C)C,Ki,'=',1.1,nM,8.958607315
CHEMBL525381,380.6,COc1ccccc1/N=C1\SCC2(CCCCC2)CN1C(=S)SC,Ki,'=',1.1,nM,8.958607315
CHEMBL3410825,537.06,CS(=O)(=O)NC1CC12CCN(S(=O)(=O)c1cc(Cl)ccc1S(=O)(=O)c1ccccc1F)CC2,Ki,'=',1.1,nM,8.958607315
CHEMBL3686324,490.67,COCCn1cc(C(=O)N[C@@H]2C(C)(C)C3CC[C@]2(C)C3)c(=O)c2ccc(Sc3ccccc3)cc21,Ki,'=',1.1,nM,8.958607315
CHEMBL571773,419.69,CSC(=S)N1CC2(CCCCC2)CS/C1=N\c1cccc2c1CCCN2C,Ki,'=',1.1,nM,8.958607315
CHEMBL197904,367.53,CC1=CC[C@@H]2[C@@H](C1)c1c(O)cc(C(C)(C)CCCCC#N)cc1OC2(C)C,Ki,'=',1.1,nM,8.958607315
CHEMBL482357,485.67,CC(C)(NC(=O)c1cc2c(n(CC3CCCCC3)c1=O)CCCCCC2)C(=O)N1CCC(O)CC1,Ki,'=',1.1,nM,8.958607315
CHEMBL4063822,519.59,CCCCn1cc(C(C)(C)C)s/c1=N\C(=O)c1cc(C(F)(F)F)ccc1NNC(=O)c1ccncc1,Ki,'=',1.1,nM,8.958607315
CHEMBL1271295,420.35,CCCCCn1cc(C(=O)c2ccc(Br)c3ccccc23)c2ccccc21,Ki,'=',1.1,nM,8.958607315
CHEMBL1641955,396.55,CCCCC(C)(C)C(=O)Nc1cc(C)c(C)c(S(=O)(=O)N2CCOCC2)c1,Ki,'=',1.1,nM,8.958607315
CHEMBL77520,399.56,CCCCCSc1cc(/C=C/C(=O)NCCc2ccc(O)cc2)ccc1OC,Ki,'=',1.1,nM,8.958607315
CHEMBL2022694,486.56,C[C@@H](O)COc1ccc(C(F)(F)F)cc1C(=O)/N=c1\sc(C(C)(C)C)cn1C[C@H]1CCCO1,Ki,'=',1.1,nM,8.958607315
CHEMBL4635230,418.58,CSC(=S)N1CC2(CCCCC2)CS/C1=N\c1ccccc1C(F)(F)F,Ki,'=',1.1,nM,8.958607315
CHEMBL3686342,520.58,CCCCn1nc(C(C)(C)C)s/c1=N\C(=O)c1cc(C(F)(F)F)ccc1NNC(=O)c1cccnc1,Ki,'=',1.1,nM,8.958607315
CHEMBL3234669,463.8,Cc1c(C(=O)NN2CCCCC2)nn(-c2ccc(Cl)cc2Cl)c1-c1ccc(Cl)cc1,Ki,'=',1.1,nM,8.958607315
CHEMBL3650103,412.6,CCCCCn1cc(C(=O)NC23CC4CC(CC(C4)C2)C3)c(=O)c2c(C)csc21,Ki,'=',1.12,nM,8.950781977
CHEMBL5868742,472.36,C[C@H]1CC[C@H](NC(=O)c2cc3cc(Br)cnc3n(Cc3ccc(F)cc3)c2=O)CC1,Ki,'=',1.12,nM,8.950781977
CHEMBL2087104,376.54,CC1=CC[C@@H]2[C@@H](C1)c1c(O)cc(C(C)(C)c3cccc(C)c3)cc1OC2(C)C,Ki,'=',1.13,nM,8.946921557
CHEMBL371214,378.63,CCc1ccc(/N=C2\SCC3(CCCCC3)CN2C(=S)SC)cc1,Ki,'=',1.2,nM,8.920818754
CHEMBL2218896,407.38,Cc1c(C(C)(C)C)s/c(=N\C(=O)c2ccc(Br)cc2)n1CC1CC1,Ki,'=',1.2,nM,8.920818754
CHEMBL3353444,485.53,CC(=O)NOc1ccc(C(F)(F)F)cc1C(=O)/N=c1\sc(C(C)(C)C)cn1C[C@H]1CCCO1,Ki,'=',1.2,nM,8.920818754
CHEMBL5204176,441.53,COc1cccc2c(=O)c(C(=O)NC34CC5CC(CC(C5)C3)C4)cn(CCOCC[18F])c12,Ki,'=',1.2,nM,8.920818754
CHEMBL270955,383.49,CC1=CC[C@@H]2[C@@H](C1)c1c(O)cc(CC(=O)OCCCCC#N)cc1OC2(C)C,Ki,'=',1.2,nM,8.920818754
CHEMBL568564,515.68,CN(c1ccc2c(c1)nc(Cc1ccc3c(c1)CCO3)n2CC1CCCCC1)S(=O)(=O)c1ccccc1,Ki,'=',1.2,nM,8.920818754
CHEMBL569993,450.58,O=C(N[C@H](C(=O)O)c1ccccc1)c1cc2c(n(CC3CCCCC3)c1=O)CCCCCC2,Ki,'=',1.2,nM,8.920818754
CHEMBL466223,482.63,CCCCCn1cc(-c2cn(C34CC5CC(CC(C5)C3)C4)nn2)c(=O)c2cc(-c3ccco3)ccc21,Ki,'=',1.2,nM,8.920818754
CHEMBL4079520,418.51,O=C(NC1CCCCCC1)c1cc(-c2ccccc2)cn(Cc2ccc(F)cc2)c1=O,Ki,'=',1.2,nM,8.920818754
CHEMBL3410812,487.69,CC(C)(NC(=O)c1cc2c(n(CC3CCCCC3)c1=O)CCCCCC2)C(=O)NCCCCCO,Ki,'=',1.2,nM,8.920818754
CHEMBL481888,438.57,CC1=CC[C@@H]2[C@@H](C1)c1c(O)cc(C(C)(C)C(=O)OCCCn3ccnc3)cc1OC2(C)C,Ki,'=',1.2,nM,8.920818754
CHEMBL108868,417.63,CCCCCc1cc(OC)cc(OCCCCCCCCCCC(=O)NC2CC2)c1,Ki,'=',1.2,nM,8.920818754
CHEMBL2010902,383.49,CC1=CC[C@@H]2[C@@H](C1)c1c(O)cc(CC(=O)OCCCCC#N)cc1OC2(C)C,Ki,'=',1.2,nM,8.920818754
CHEMBL571550,406.53,CC(C)[C@@H]1COc2cccc3c(=O)c(C(=O)NC45CC6CC(CC(C6)C4)C5)cn1c23,Ki,'=',1.24,nM,8.906578315
CHEMBL294591,398.62,CCCCCC[Si](C)(C)c1cc(O)c2c(c1)OC(C)(C)c1ccc(CO)cc1-2,Ki,'=',1.25,nM,8.903089987
CHEMBL595706,445.6,CC1(C)C(C(=O)c2cn(CC3CCOCC3)c3ccc(OCc4ccccc4)cc23)C1(C)C,Ki,'=',1.259,nM,8.89997427
CHEMBL56288,445.6,CC1(C)C(C(=O)c2cn(CC3CCOCC3)c3ccc(OCc4ccccc4)cc23)C1(C)C,Ki,'=',1.259,nM,8.89997427
CHEMBL4088509,477.4,CC1CCC(NC(=O)c2cc3cc(Br)cnc3n(CCN3CCOCC3)c2=O)CC1,Ki,'=',1.26,nM,8.899629455
CHEMBL3686314,471.71,CC1(C)Oc2cc(C3(CCCCCCN=C=S)CCCC3)cc(O)c2[C@@H]2C[C@H](CO)CC[C@H]21,Ki,'=',1.3,nM,8.886056648
CHEMBL198164,431.37,Cc1c(C(=O)NC2CCCCCC2)nn(-c2ccc(Cl)c(Cl)c2)c1-n1cccc1,Ki,'=',1.3,nM,8.886056648
CHEMBL2022364,408.64,CSC(=S)N1CC2(CCCCC2)CS/C1=N\c1cccc2nsnc12,Ki,'=',1.3,nM,8.886056648
CHEMBL3647328,445.39,Cc1c(C(=O)NC2CCCCC2)nn(-c2ccc(Cl)c(Cl)c2)c1-n1c(C)ccc1C,Ki,'=',1.3,nM,8.886056648
CHEMBL4559193,437.45,CCCCCCC1(c2cc(O)c3c(c2)OC(C)(C)[C@@H]2CC=C(C)C[C@@H]32)CC1(Cl)Cl,Ki,'=',1.3,nM,8.886056648
CHEMBL123916,445.6,CC1(C)C(C(=O)c2cn(CC3CCOCC3)c3ccc(OCc4ccccc4)cc23)C1(C)C,Ki,'=',1.3,nM,8.886056648
CHEMBL571999,503.71,CN(C)CCn1cc(C(=O)N[C@@H]2C(C)(C)C3CC[C@]2(C)C3)c(=O)c2ccc(Sc3ccccc3)cc21,Ki,'=',1.3,nM,8.886056648
CHEMBL569299,525.63,COc1ccc(S(=O)(=O)c2cc(OC)ccc2S(=O)(=O)c2ccc(CNS(C)(=O)=O)cc2)cc1,Ki,'=',1.3,nM,8.886056648
CHEMBL2206839,514.61,CC(C)(O)CCOc1ccc(C(F)(F)F)cc1C(=O)/N=c1\sc(C(C)(C)C)cn1C[C@H]1CCCO1,Ki,'=',1.3,nM,8.886056648
CHEMBL1222317,445.39,Cc1c(C(=O)NC2CCCCC2)nn(-c2ccc(Cl)c(Cl)c2)c1-n1c(C)ccc1C,Ki,'=',1.3,nM,8.886056648
CHEMBL85071,368.48,CC1=CC[C@H]2[C@H](C1)c1c(O)cc(/C(C)=N/OCCCC#N)cc1OC2(C)C,Ki,'=',1.3,nM,8.886056648
CHEMBL4633927,467.35,CCCCCn1cc(C(=O)c2ccc(I)c3ccccc23)c2ccccc21,Ki,'=',1.3,nM,8.886056648
CHEMBL496781,486.23,Cc1c(C(=O)NC2CCCCC2)nn(-c2ccc(Cl)c(Cl)c2)c1-n1c(Cl)ccc1Cl,Ki,'=',1.3,nM,8.886056648
CHEMBL3909238,541.71,CN1CCC[C@H]1COc1ccc(C(F)(F)F)cc1C(=S)/N=c1\sc(C(C)(C)C)cn1C[C@H]1CCCO1,Ki,'=',1.3,nM,8.886056648
CHEMBL3353447,445.6,CC1(C)C(C(=O)c2cn(CC3CCOCC3)c3ccc(OCc4ccccc4)cc23)C1(C)C,Ki,'=',1.3,nM,8.886056648
CHEMBL576706,438.57,CC1=CC[C@@H]2[C@@H](C1)c1c(O)cc(C(C)(C)C(=O)OCCCn3ccnc3)cc1OC2(C)C,Ki,'=',1.3,nM,8.886056648
CHEMBL508336,313.44,COCCCn1cc(C(=O)C2C(C)(C)C2(C)C)c2ccccc21,Ki,'=',1.3,nM,8.886056648
CHEMBL2206856,329.44,CCCCn1cc(C(=O)N[C@H](C(N)=O)C(C)(C)C)c2ccccc21,Ki,'=',1.318,nM,8.88008459
CHEMBL3114178,463.46,CC1(C)Oc2cc(C3(CCCCCBr)CCCC3)cc(O)c2[C@@H]2CC(=O)CC[C@H]21,Ki,'=',1.32,nM,8.879426069
CHEMBL4787347,329.44,CCCCn1cc(C(=O)N[C@H](C(N)=O)C(C)(C)C)c2ccccc21,Ki,'=',1.32,nM,8.879426069
CHEMBL5194443,360.43,O=C1/C(=C/c2cn(Cc3ccc(F)cc3)c3ccccc23)N2CCC1CC2,Ki,'=',1.33,nM,8.876148359
CHEMBL570876,313.44,COCCCn1cc(C(=O)C2C(C)(C)C2(C)C)c2ccccc21,Ki,'=',1.349,nM,8.86998805
CHEMBL1215941,455.54,COc1ccc(OC)c(N(CC(=O)NCc2ccncc2)S(=O)(=O)c2ccc(C)cc2)c1,Ki,'=',1.35,nM,8.869666232
CHEMBL56799,359.45,CC1CCC(NC(=O)c2cc3cccnc3n(CCCCF)c2=O)CC1,Ki,'=',1.36,nM,8.866461092
CHEMBL3922001,359.51,CCCCCn1cc(C(=O)c2cccc3c2CC(C)(C)C3)c2ccccc21,Ki,'=',1.36,nM,8.866461092
CHEMBL233180,397.52,COC(=O)c1ccc2c(C(=O)C3C(C)(C)C3(C)C)cn(CC3CCOCC3)c2c1,Ki,'=',1.38,nM,8.860120914
CHEMBL2206860,397.52,COC(=O)c1ccc2c(C(=O)C3C(C)(C)C3(C)C)cn(CC3CCOCC3)c2c1,Ki,'=',1.38,nM,8.860120914
CHEMBL393045,397.52,COC(=O)c1ccc2c(C(=O)C3C(C)(C)C3(C)C)cn(CC3CCOCC3)c2c1,Ki,'=',1.4,nM,8.853871964
CHEMBL1081624,372.51,CCCCOC(=O)[C@H](C)c1cc(O)c2c(c1)OC(C)(C)[C@@H]1CC=C(C)C[C@@H]21,Ki,'=',1.4,nM,8.853871964
CHEMBL2163937,534.53,O=S(=O)(c1ccccc1F)c1occc1S(=O)(=O)N1CCC(CNS(=O)(=O)C(F)(F)F)CC1,Ki,'=',1.4,nM,8.853871964
CHEMBL1822930,357.28,CC(C)(c1ccccc1)c1ccc(-c2cc(Cl)cc(Cl)c2)c(O)c1,Ki,'=',1.4,nM,8.853871964
CHEMBL1216001,453.49,CCCCn1/c(=N/C(=O)c2cc(C(F)(F)F)ccc2OC[C@H](C)O)sc2ncccc21,Ki,'=',1.4,nM,8.853871964
CHEMBL2022692,457.46,CCCCOc1c(OC)c([N+](=O)[O-])cc2cc(C(=O)NCCc3ccc(F)cc3)c(=O)[nH]c12,Ki,'=',1.4,nM,8.853871964
CHEMBL1668517,439.64,CC1(C)Oc2cc(C3(CCCCCCC#N)CCCC3)cc(O)c2[C@@H]2C[C@H](CO)CC[C@H]21,Ki,'=',1.4,nM,8.853871964
CHEMBL573546,418.51,CN1N=CC2C1C(O)=C(C(=O)NC13CC4CC(CC(C4)C1)C3)C(=O)N2CCCCF,Ki,'=',1.4,nM,8.853871964
CHEMBL519635,831.69,Cc1c(Br)cn(CCCc2cn(CCCCCn3c(C)c(Br)cc(C(=O)NC4CCCCCC4)c3=O)nn2)c(=O)c1NC(=O)C1CCCCCC1,Ki,'=',1.4,nM,8.853871964
CHEMBL2349625,397.52,CC1=CC[C@@H]2[C@@H](C1)c1c(O)cc(C(C)(C)C(=O)OCCCC#N)cc1OC2(C)C,Ki,'=',1.4,nM,8.853871964
CHEMBL2087108,429.61,CC(C)(CCCCCCN=[N+]=[N-])c1cc(O)c2c(c1)OC(C)(C)[C@@H]1CC[C@@H](CO)C[C@@H]21,Ki,'=',1.4,nM,8.853871964
CHEMBL411674,397.52,CC1=CC[C@@H]2[C@@H](C1)c1c(O)cc(C(C)(C)C(=O)OCCCC#N)cc1OC2(C)C,Ki,'=',1.4,nM,8.853871964
CHEMBL3410829,376.58,CCCCCCC(C)(C)c1ccc([C@@H]2C[C@H](O)CC[C@H]2CCCO)c(O)c1,Ki,'=',1.42,nM,8.847711656
CHEMBL2152818,384.44,CNC(=O)[C@@H](NC(=O)c1nn(-c2c[n+]([O-])ccn2)c2c1C[C@@H]1C[C@H]21)C(C)(C)C,Ki,'=',1.45,nM,8.838631998
CHEMBL231719,387.5,CC1CCC(NC(=O)c2cc3cccnc3n(CCCCCCF)c2=O)CC1,Ki,'=',1.46,nM,8.835647144
CHEMBL1271296,504.63,COc1ccc(-c2cnc3c(c2)cc(C(=O)NC2CCC(C)CC2)c(=O)n3CCN2CCOCC2)cc1,Ki,'=',1.47,nM,8.832682665
CHEMBL3647325,358.6,CCCC[Si](C)(C)c1cc(O)c2c(c1)OC(C)(C)[C@@H]1CCC(C)=C[C@@H]21,Ki,'=',1.48,nM,8.829738285
CHEMBL2346979,366.51,CCCCn1c2c(cc(C(=O)NCc3ccccc3)c1=O)CCCCCC2,Ki,'=',1.5,nM,8.823908741
CHEMBL4640659,366.55,CCCCCCC(C)(C)c1cc(O)c2c(c1)OC(C)(C)c1ccc(C)cc1-2,Ki,'=',1.5,nM,8.823908741
CHEMBL2018662,562.97,O=S(=O)(c1ccccc1F)c1cc(Cl)ccc1S(=O)(=O)N1C[C@@H]2[C@H](C1)[C@H]2NS(=O)(=O)C(F)(F)F,Ki,'=',1.5,nM,8.823908741
CHEMBL4243768,366.55,CCCCCCC(C)(C)c1cc(O)c2c(c1)OC(C)(C)c1ccc(C)cc1-2,Ki,'=',1.5,nM,8.823908741
CHEMBL3650125,354.49,CCCCCn1c(=O)c(C(=O)NC2CCC(C)CC2)cc2ccccc21,Ki,'=',1.5,nM,8.823908741
CHEMBL3650135,597.63,C[C@@H]1CN(S(=O)(=O)c2cc3ccccc3n2S(=O)(=O)c2ccccc2F)CC[C@@H]1CNS(=O)(=O)C(F)(F)F,Ki,'=',1.5,nM,8.823908741
CHEMBL3582008,435.34,Cc1c(Br)cc(C(=O)NC2CCCCCC2)c(=O)n1Cc1ccc(F)cc1,Ki,'=',1.5,nM,8.823908741
CHEMBL5856089,384.57,CSC(=O)N1CC2(CCCCC2)CS/C1=N\c1cccc2ccccc12,Ki,'=',1.5,nM,8.823908741
CHEMBL2163949,469.67,CC1(C)Oc2cc(C3(CCCCCCCN=[N+]=[N-])CCCC3)cc(O)c2[C@@H]2C[C@H](CO)CC[C@H]21,Ki,'=',1.5,nM,8.823908741
CHEMBL472115,358.48,CCOC(=O)C(C)(C)c1cc(O)c2c(c1)OC(C)(C)[C@@H]1CC=C(C)C[C@@H]21,Ki,'=',1.5,nM,8.823908741
CHEMBL2381786,358.48,CCOC(=O)C(C)(C)c1cc(O)c2c(c1)OC(C)(C)[C@@H]1CC=C(C)C[C@@H]21,Ki,'=',1.5,nM,8.823908741
CHEMBL3085420,480.51,CCCCn1/c(=N/C(=O)c2cc(C(F)(F)F)ccc2OCCNC(C)=O)sc2ccncc21,Ki,'=',1.5,nM,8.823908741
CHEMBL4067246,372.51,CCCCOC(=O)[C@@H](C)c1cc(O)c2c(c1)OC(C)(C)[C@@H]1CC=C(C)C[C@@H]21,Ki,'=',1.5,nM,8.823908741
CHEMBL59540,435.34,Cc1nc(OCc2ccc(F)cc2)c(C(=O)NC2CCCCCC2)cc1Br,Ki,'=',1.5,nM,8.823908741
CHEMBL1668514,494.68,CC1(C)Oc2cc(C3(CCCCCCCN=[N+]=[N-])CCCC3)cc(O)c2[C@@H]2C[C@H](CN=[N+]=[N-])CC[C@H]21,Ki,'=',1.5,nM,8.823908741
CHEMBL599071,441.41,CC1=CC[C@@H]2[C@@H](C1)c1c(O)cc(C(C)(C)c3ccc(Br)cc3)cc1OC2(C)C,Ki,'=',1.54,nM,8.812479279
CHEMBL4516360,438.48,CCCCCOc1c(OC)ccc2cc(C(=O)NCc3ccc4c(c3)OCO4)c(=O)[nH]c12,Ki,'=',1.55,nM,8.809668302
CHEMBL568467,384.52,COc1ccc2c(C(=O)C3C(C)(C)C3(C)C)cn(CCN3CCOCC3)c2c1,Ki,'=',1.585,nM,8.799970733
CHEMBL4530405,357.47,CC1(C)C(C(=O)c2cn(CC3CCOCC3)c3ccc(F)cc23)C1(C)C,Ki,'=',1.585,nM,8.799970733
CHEMBL4237501,384.52,COc1ccc2c(C(=O)C3C(C)(C)C3(C)C)cn(CCN3CCOCC3)c2c1,Ki,'=',1.585,nM,8.799970733
CHEMBL602105,357.47,CC1(C)C(C(=O)c2cn(CC3CCOCC3)c3ccc(F)cc23)C1(C)C,Ki,'=',1.585,nM,8.799970733
CHEMBL5923292,445.39,Cc1c(C(=O)N[C@H](C)C2CCCCC2)nn(-c2ccc(Cl)c(Cl)c2)c1-n1cccc1,Ki,'=',1.6,nM,8.795880017
CHEMBL4644161,511.61,CCCCn1nc(C(C)(C)C)s/c1=N\C(=O)c1cc(C(F)(F)F)ccc1O/N=C1/CCCCCN1,Ki,'=',1.6,nM,8.795880017
CHEMBL127644,500.71,CCCCCn1cc(C(=O)NC23CC4CC(CC(C4)C2)C3)c(=O)c2ccc(Sc3ccccc3)cc21,Ki,'=',1.6,nM,8.795880017
CHEMBL572192,574.02,O=S(=O)(c1ccccn1)c1ccc(Cl)cc1S(=O)(=O)N1CCC2(CC1)CC2NS(=O)(=O)C(F)(F)F,Ki,'=',1.6,nM,8.795880017
CHEMBL569300,608.69,CCCC1(CNS(=O)(=O)C(F)(F)F)CCN(S(=O)(=O)c2cc3ccccc3n2S(=O)(=O)c2ccccn2)CC1,Ki,'=',1.6,nM,8.795880017
CHEMBL2326290,380.53,CCCCn1c2c(cc(C(=O)NCCc3ccccc3)c1=O)CCCCCC2,Ki,'=',1.6,nM,8.795880017
CHEMBL4089791,363.51,CCc1nc(C(=O)NC23CC4CC(CC(C4)C2)C3)c(C)n1-c1ccccc1,Ki,'=',1.6,nM,8.795880017
CHEMBL3093358,519.59,CCCCn1cc(C(C)(C)C)s/c1=N\C(=O)c1cc(C(F)(F)F)ccc1NNC(=O)c1cccnc1,Ki,'=',1.6,nM,8.795880017
CHEMBL2387541,419.57,CCOc1ccc(Cc2nc3cc(C(=O)N(CC)CC)ccc3n2CC2CCC2)cc1,Ki,'=',1.6,nM,8.795880017
CHEMBL507572,363.51,CCc1nc(C(=O)NC23CC4CC(CC(C4)C2)C3)c(C)n1-c1ccccc1,Ki,'=',1.6,nM,8.795880017
CHEMBL2206835,500.71,CCCCCn1cc(C(=O)NC23CC4CC(CC(C4)C2)C3)c(=O)c2ccc(Sc3ccccc3)cc21,Ki,'=',1.6,nM,8.795880017
CHEMBL511134,357.47,CC1(C)C(C(=O)c2cn(CC3CCOCC3)c3ccc(F)cc23)C1(C)C,Ki,'=',1.6,nM,8.795880017
CHEMBL3650104,451.45,CC1(C)Oc2cc(C3(CCCCCBr)CCC3)cc(O)c2[C@@H]2C[C@H](O)CC[C@H]21,Ki,'=',1.62,nM,8.790484985
CHEMBL2018780,470.56,CCCCn1nc(C(C)(C)C)s/c1=N\C(=O)c1cc(C(F)(F)F)ccc1CN1CC(O)C1,Ki,'=',1.63,nM,8.787812396
CHEMBL2206859,451.45,CC1(C)Oc2cc(C3(CCCCCBr)CCC3)cc(O)c2[C@@H]2C[C@@H](O)CC[C@H]21,Ki,'=',1.63,nM,8.787812396
CHEMBL1822928,389.28,COc1cc(C(O)c2ccccc2)cc(OC)c1-c1cc(Cl)cc(Cl)c1,Ki,'=',1.66,nM,8.779891912
CHEMBL3114341,389.28,COc1cc(C(O)c2ccccc2)cc(OC)c1-c1cc(Cl)cc(Cl)c1,Ki,'=',1.66,nM,8.779891912
CHEMBL3353424,396.96,CC1=CC[C@@H]2[C@@H](C1)c1c(O)cc(C(C)(C)c3ccc(Cl)cc3)cc1OC2(C)C,Ki,'=',1.68,nM,8.774690718
CHEMBL2381788,417.34,Cc1c(C(=O)NC2CCCCC2)nn(-c2ccc(Cl)c(Cl)c2)c1-n1cccc1,Ki,'=',1.7,nM,8.769551079
CHEMBL57723,420.58,Cc1ccc(NC(=O)[C@@H]2C(C)(C)[C@@H]3CC[C@@]2(C)C3)cc1S(=O)(=O)N1CCOCC1,Ki,'=',1.7,nM,8.769551079
CHEMBL561013,591.03,O=S(=O)(c1ccccc1F)c1cc(Cl)ccc1S(=O)(=O)N1CCC2(CC1)CC2NS(=O)(=O)C(F)(F)F,Ki,'=',1.7,nM,8.769551079
CHEMBL570877,426.52,Cc1c(C(=O)c2cccc3ccccc23)c2cccc3c2n1[C@H](CN1CCOCC1)CO3,Ki,'=',1.7,nM,8.769551079
CHEMBL411937,364.57,CCCCCCC1(c2ccc(-c3cc(C)cc(C)c3)c(O)c2)CCCCC1,Ki,'=',1.7,nM,8.769551079
CHEMBL604746,386.53,CCCCOC(=O)C(C)(C)c1cc(O)c2c(c1)OC(C)(C)[C@@H]1CC=C(C)C[C@@H]21,Ki,'=',1.7,nM,8.769551079
CHEMBL4245472,459.42,CCc1c(C(=O)NC2CCCCC2)nn(-c2ccc(Cl)c(Cl)c2)c1-n1c(C)ccc1C,Ki,'=',1.7,nM,8.769551079
CHEMBL138917,417.34,Cc1c(C(=O)NC2CCCCC2)nn(-c2ccc(Cl)c(Cl)c2)c1-n1cccc1,Ki,'=',1.7,nM,8.769551079
CHEMBL2112646,422.57,CCCCCn1cc(C(=O)NC23CC4CC(CC(C4)C2)C3)c(=O)c2cccc(OC)c21,Ki,'=',1.7,nM,8.769551079
CHEMBL4084380,386.53,CCCCOC(=O)C(C)(C)c1cc(O)c2c(c1)OC(C)(C)[C@@H]1CC=C(C)C[C@@H]21,Ki,'=',1.7,nM,8.769551079
CHEMBL2152801,591.03,O=S(=O)(c1ccccc1F)c1cc(Cl)ccc1S(=O)(=O)N1CCC2(CC1)CC2NS(=O)(=O)C(F)(F)F,Ki,'=',1.7,nM,8.769551079
CHEMBL2022361,514.61,CC(C)(C)NOc1ccc(C(F)(F)F)cc1C(=O)/N=c1\sc(C(C)(C)C)nn1CC1CCCCO1,Ki,'=',1.7,nM,8.769551079
CHEMBL460545,482.57,CCCCn1nc(C(C)(C)C)s/c1=N\C(=O)c1cc(C(F)(F)F)ccc1ON=C1CCCC1,Ki,'=',1.7,nM,8.769551079
CHEMBL271527,469.53,CCC(CC)(NC(=O)c1ccc(N2CC(F)C2)c(OC[C@H]2C[C@@H]2CO)n1)C(=O)OCCCF,Ki,'=',1.7,nM,8.769551079
CHEMBL2326296,389.56,CCCCc1sc(NC(=O)C23CC4CC(CC(C4)C2)C3)c(C(=O)OC)c1C,Ki,'=',1.72,nM,8.764471553
CHEMBL1668396,365.24,O=C(c1cc(O)c(-c2cc(Cl)cc(Cl)c2)c(O)c1)c1cccs1,Ki,'=',1.75,nM,8.756961951
CHEMBL467475,475.63,COc1cc2c(cc1OCc1ccccc1)c(C(=O)C1C(C)(C)C1(C)C)cn2CC1CCOCC1,Ki,'=',1.778,nM,8.750068243
CHEMBL594300,351.52,CC1(C)C(C(=O)c2cn(CCc3ccsc3)c3ccccc23)C1(C)C,Ki,'=',1.778,nM,8.750068243
CHEMBL125061,334.46,CC1(C)C(C(=O)c2cn(CCn3cccc3)c3ccccc23)C1(C)C,Ki,'=',1.778,nM,8.750068243
CHEMBL2023046,475.63,COc1cc2c(cc1OCc1ccccc1)c(C(=O)C1C(C)(C)C1(C)C)cn2CC1CCOCC1,Ki,'=',1.778,nM,8.750068243
CHEMBL596356,329.48,CCCCCCc1cc(O)c2c(c1)OC(C)(C)C1=C2CCN(C)C1,Ki,'=',1.78,nM,8.749579998
CHEMBL410676,383.49,CCCCCOc1c(OC)ccc2c1CCN(CCc1ccc(O)cc1)C2=O,Ki,'=',1.799,nM,8.744968837
CHEMBL4240671,499.56,C/C(COc1ccc(C(F)(F)F)cc1C(=O)/N=c1\sc(C(C)(C)C)cn1C[C@H]1CCCO1)=N\O,Ki,'=',1.8,nM,8.744727495
CHEMBL3686312,475.63,COc1cc2c(cc1OCc1ccccc1)c(C(=O)C1C(C)(C)C1(C)C)cn2CC1CCOCC1,Ki,'=',1.8,nM,8.744727495
CHEMBL2018666,311.47,CCCCCn1cc(C(=O)C2C(C)(C)C2(C)C)c2ccccc21,Ki,'=',1.8,nM,8.744727495
CHEMBL3686292,533.54,C[C@H](NS(C)(=O)=O)c1ccc(Cc2ccc(C(F)(F)F)cc2S(=O)(=O)c2c(F)cccc2F)cc1,Ki,'=',1.8,nM,8.744727495
CHEMBL271565,409.58,CSC(=S)N1CC2(CCCCC2)CO/C1=N\c1ccc(C#N)c2ccccc12,Ki,'=',1.8,nM,8.744727495
CHEMBL1259038,351.52,CC1(C)C(C(=O)c2cn(CCc3ccsc3)c3ccccc23)C1(C)C,Ki,'=',1.8,nM,8.744727495
CHEMBL570690,334.46,CC1(C)C(C(=O)c2cn(CCn3cccc3)c3ccccc23)C1(C)C,Ki,'=',1.8,nM,8.744727495
CHEMBL1270287,423.55,CC1=CC[C@@H]2[C@@H](C1)c1c(O)cc(C3(C(=O)OCCCCC#N)CCC3)cc1OC2(C)C,Ki,'=',1.8,nM,8.744727495
CHEMBL113230,625.69,CCCC1(CNS(=O)(=O)C(F)(F)F)CCN(S(=O)(=O)c2cc3ccccc3n2S(=O)(=O)c2ccccc2F)CC1,Ki,'=',1.8,nM,8.744727495
CHEMBL3647301,453.03,CCCCCn1cc(C(=O)NC23CC4CC(CC(C4)C2)C3)c(=O)cc1-c1cccc(Cl)c1,Ki,'=',1.8,nM,8.744727495
CHEMBL4470925,376.58,CCCCCCC(C)(C)c1ccc(C2CC(O)CCC2CCCO)c(O)c1,Ki,'=',1.8,nM,8.744727495
CHEMBL4795739,414.51,O=C(NC1CCCCCC1)c1c(O)c2cccnc2n(CCN2CCOCC2)c1=O,Ki,'=',1.8,nM,8.744727495
CHEMBL2163942,383.49,CCCCCOc1c(OC)ccc2c1CCN(CCc1ccc(O)cc1)C2=O,Ki,'=',1.8,nM,8.744727495
CHEMBL5085420,400.52,CCCCN1C(=O)C(C(=O)NC23CC4CC(CC(C4)C2)C3)=C(O)C2C1C=NN2C,Ki,'=',1.8,nM,8.744727495
CHEMBL270082,499.6,CC(C)(C)NOc1ccc(C(F)(F)F)cc1C(=O)/N=c1\sc(C(C)(C)C)cn1C[C@H]1CCCO1,Ki,'=',1.8,nM,8.744727495
CHEMBL138772,476.06,Cc1ccc(Cn2nc(C(=O)N[C@@H]3C(C)(C)[C@@H]4CC[C@@]3(C)C4)cc2-c2ccc(Cl)c(C)c2)cc1,Ki,'=',1.8,nM,8.744727495
CHEMBL2206855,507.43,COc1cccc2c(C(=O)c3ccc(Br)c4ccccc34)c(C)n(CCN3CCOCC3)c12,Ki,'=',1.8,nM,8.744727495
CHEMBL2316259,423.55,CC1=CC[C@@H]2[C@@H](C1)c1c(O)cc(C3(C(=O)OCCCCC#N)CCC3)cc1OC2(C)C,Ki,'=',1.8,nM,8.744727495
CHEMBL408964,526.55,CC(C)(C)NOc1ccc(C(F)(F)F)cc1C(=O)/N=c1\sc(C(C)(C)C)nn1CCCC(F)(F)F,Ki,'=',1.8,nM,8.744727495
CHEMBL239840,476.06,Cc1ccc(Cn2nc(C(=O)N[C@@H]3C(C)(C)[C@@H]4CC[C@@]3(C)C4)cc2-c2ccc(Cl)c(C)c2)cc1,Ki,'=',1.8,nM,8.744727495
CHEMBL216857,481.57,CCOC(=O)C(CC)(CC)NC(=O)c1ccc(N2CC(OC)C2)c(OC[C@H]2C[C@@H]2COCF)n1,Ki,'=',1.8,nM,8.744727495
CHEMBL4099487,495.59,CCC(CC)(NC(=O)c1ccc(N2CC(OC)C2)c(OC[C@H]2C[C@@H]2CO)n1)C(=O)OCCCCF,Ki,'=',1.8,nM,8.744727495
CHEMBL3127262,311.47,CCCCCn1cc(C(=O)C2C(C)(C)C2(C)C)c2ccccc21,Ki,'=',1.82,nM,8.739928612
CHEMBL465,476.06,Cc1ccc(Cn2nc(C(=O)N[C@@H]3C(C)(C)[C@@H]4CC[C@@]3(C)C4)cc2-c2ccc(Cl)c(C)c2)cc1,Ki,'=',1.82,nM,8.739928612
CHEMBL571777,410.56,C=CCn1cc(C(=O)NC23CC4CC(CC(C4)C2)C3)c2cc(-c3ccccc3)ccc21,Ki,'=',1.82,nM,8.739928612
CHEMBL3686333,312.5,CCCC(C)(C)c1ccc2c(c1)OC(C)(C)[C@@H]1CC=C(C)C[C@@H]21,Ki,'=',1.82,nM,8.739928612
CHEMBL2206850,372.55,CCCCCCC(C)(C)c1cc(O)c2c(c1)OC(C)(C)C1CCC(=O)CC21,Ki,'=',1.84,nM,8.735182177
CHEMBL6051448,475.59,CC1CCC(NC(=O)c2cc3cc(-c4cccs4)cnc3n(Cc3ccc(F)cc3)c2=O)CC1,Ki,'=',1.85,nM,8.732828272
CHEMBL3409149,831.69,Cc1nc(OCCCCCn2cc(CCCn3cc(Br)c(C)c(NC(=O)C4CCCCCC4)c3=O)nn2)c(C(=O)NC2CCCCCC2)cc1Br,Ki,'=',1.9,nM,8.721246399
CHEMBL4117628,355.48,CC1(C)C(C(=O)c2cn(CC3CCOCC3)c3ccc(O)cc23)C1(C)C,Ki,'=',1.9,nM,8.721246399
CHEMBL1259244,345.49,Cc1cnc(NC(=O)C2(C)CCCCC2C)cc1CN1CCOCC1,Ki,'=',1.9,nM,8.721246399
CHEMBL2326294,312.46,CN(C)CCn1cc(C(=O)C2C(C)(C)C2(C)C)c2ccccc21,Ki,'=',1.9,nM,8.721246399
CHEMBL4091845,398.51,CC1CCC(NC(=O)c2cc3cccnc3n(CCN3CCOCC3)c2=O)CC1,Ki,'=',1.9,nM,8.721246399
CHEMBL524456,398.51,CC1CCC(NC(=O)c2cc3cccnc3n(CCN3CCOCC3)c2=O)CC1,Ki,'=',1.9,nM,8.721246399
CHEMBL408430,422.57,CCOc1ccc(Nc2nc3cc(C(=O)N(CC)CC)ccc3n2CCC(C)C)cc1,Ki,'=',1.9,nM,8.721246399
CHEMBL1223775,428.64,CCCCCOc1ccc(C(=O)NCCc2ccc(N)cc2)cc1SCCCCC,Ki,'=',1.9,nM,8.721246399
CHEMBL220352,413.61,CSC(=S)N1CC2(CCCCC2)CO/C1=N\c1ccc(C#N)c2c1CCCC2,Ki,'=',1.9,nM,8.721246399
CHEMBL5285808,428.64,CCCCCOc1ccc(C(=O)NCCc2ccc(N)cc2)cc1SCCCCC,Ki,'=',1.901,nM,8.721017883
CHEMBL2381791,312.46,CN(C)CCn1cc(C(=O)C2C(C)(C)C2(C)C)c2ccccc21,Ki,'=',1.905,nM,8.72010502
CHEMBL2163952,355.48,CC1(C)C(C(=O)c2cn(CC3CCOCC3)c3ccc(O)cc23)C1(C)C,Ki,'=',1.905,nM,8.72010502
CHEMBL410441,355.48,CC1(C)C(C(=O)c2cn(CC3CCOCC3)c3ccc(O)cc23)C1(C)C,Ki,'=',1.905,nM,8.72010502
CHEMBL5192756,396.62,CCCCCCC1(c2cc(O)c3c(c2)OC(C)(C)[C@@H]2CC=C(C)C[C@@H]32)CCCC1,Ki,'=',1.905,nM,8.72010502
CHEMBL496659,396.62,CCCCCCC1(c2cc(O)c3c(c2)OC(C)(C)[C@@H]2CC=C(C)C[C@@H]32)CCCC1,Ki,'=',1.92,nM,8.716698771
CHEMBL1668504,386.56,CCCNC(=O)c1c(NC(=O)C23CC4CC(CC2C4)C3)sc2c1CCCC2,Ki,'=',1.95,nM,8.709965389
CHEMBL256962,297.44,CCCCn1cc(C(=O)C2C(C)(C)C2(C)C)c2ccccc21,Ki,'=',1.995,nM,8.7000571
CHEMBL4646867,426.52,Cc1c(C(=O)c2cccc3ccccc23)c2cccc3c2n1[C@H](CN1CCOCC1)CO3,Ki,'=',2,nM,8.698970004
CHEMBL198251,440.59,COc1cccc2c(C(=O)NC3C(C)(C)[C@@H]4CC[C@@]3(C)C4)nn(CCN3CCOCC3)c12,Ki,'=',2,nM,8.698970004
CHEMBL598463,624.58,O=S(=O)(c1ccccc1F)c1ccc(C(F)(F)F)cc1S(=O)(=O)N1CCC2(CC1)CC2NS(=O)(=O)C(F)(F)F,Ki,'=',2,nM,8.698970004
CHEMBL4164954,340.51,CCCCCCC(C)(C)c1cc(O)c(-c2cc(C)cc(C)c2)c(O)c1,Ki,'=',2,nM,8.698970004
CHEMBL2087110,467.97,Cc1cc(-c2cc(C(=O)N[C@H]3CC[C@@H](C)CC3)c(=O)n(Cc3ccc(F)cc3)n2)ccc1Cl,Ki,'=',2,nM,8.698970004
CHEMBL521366,297.44,CCCCn1cc(C(=O)C2C(C)(C)C2(C)C)c2ccccc21,Ki,'=',2,nM,8.698970004
CHEMBL2316262,426.52,Cc1c(C(=O)c2cccc3ccccc23)c2cccc3c2n1[C@H](CN1CCOCC1)CO3,Ki,'=',2,nM,8.698970004
CHEMBL4779296,543.63,CN1C[C@H](F)C[C@H]1COc1ccc(C(F)(F)F)cc1C(=O)/N=c1\sc(C(C)(C)C)cn1C[C@H]1CCCO1,Ki,'=',2,nM,8.698970004
CHEMBL3686341,514.05,C[C@H](NS(C)(=O)=O)c1ccc(S(=O)(=O)c2ccc(Cl)cc2S(=O)(=O)c2ccccc2)cc1,Ki,'=',2,nM,8.698970004
CHEMBL108392,397.52,O=C(NC1CCCCCC1)c1cc2ccccc2n(CCN2CCOCC2)c1=O,Ki,'=',2,nM,8.698970004
CHEMBL234675,453.49,CCCCn1/c(=N/C(=O)c2cc(C(F)(F)F)ccc2OC[C@H](C)O)sc2ccncc21,Ki,'=',2,nM,8.698970004
CHEMBL3353428,374.51,CCCCCn1/c(=N/C(=O)c2cccc3ccccc23)sc2ccccc21,Ki,'=',2,nM,8.698970004
CHEMBL4557358,381.52,CC1=C(CCN2CCOCC2)c2ccccc2/C1=C/c1cccc2ccccc12,Ki,'=',2.05,nM,8.688246139
CHEMBL497321,426.52,Cc1c(C(=O)c2cccc3ccccc23)c2cccc3c2n1[C@H](CN1CCOCC1)CO3,Ki,'=',2.1,nM,8.677780705
CHEMBL2163938,426.52,Cc1c(C(=O)c2cccc3ccccc23)c2cccc3c2n1[C@H](CN1CCOCC1)CO3,Ki,'=',2.1,nM,8.677780705
CHEMBL570908,426.52,Cc1c(C(=O)c2cccc3ccccc23)c2cccc3c2n1[C@H](CN1CCOCC1)CO3,Ki,'=',2.1,nM,8.677780705
CHEMBL3410822,363.5,O=C(c1cn(CC2CCOCC2)c2ccccc12)C12CC3CC(CC1C3)C2,Ki,'=',2.1,nM,8.677780705
CHEMBL470965,426.52,Cc1c(C(=O)c2cccc3ccccc23)c2cccc3c2n1[C@H](CN1CCOCC1)CO3,Ki,'=',2.1,nM,8.677780705
CHEMBL4238224,426.52,Cc1c(C(=O)c2cccc3ccccc23)c2cccc3c2n1[C@H](CN1CCOCC1)CO3,Ki,'=',2.1,nM,8.677780705
CHEMBL3686303,299.41,CC1(C)C(C(=O)c2cn(CCCO)c3ccccc23)C1(C)C,Ki,'=',2.1,nM,8.677780705
CHEMBL5811411,426.52,Cc1c(C(=O)c2cccc3ccccc23)c2cccc3c2n1[C@H](CN1CCOCC1)CO3,Ki,'=',2.1,nM,8.677780705
CHEMBL2163929,476.06,Cc1ccc(Cn2nc(C(=O)NC3C4(C)CCC(C4)C3(C)C)cc2-c2ccc(Cl)c(C)c2)cc1,Ki,'=',2.1,nM,8.677780705
CHEMBL2163944,426.52,Cc1c(C(=O)c2cccc3ccccc23)c2cccc3c2n1[C@H](CN1CCOCC1)CO3,Ki,'=',2.1,nM,8.677780705
CHEMBL420173,481.38,CCCCCn1c(C)c(C(=O)c2ccc(I)c3ccccc23)c2ccccc21,Ki,'=',2.1,nM,8.677780705
CHEMBL523577,522.62,CS(=O)(=O)O.Cc1c(C(=O)c2cccc3ccccc23)c2cccc3c2n1[C@H](CN1CCOCC1)CO3,Ki,'=',2.1,nM,8.677780705
CHEMBL231933,426.52,Cc1c(C(=O)c2cccc3ccccc23)c2cccc3c2n1[C@H](CN1CCOCC1)CO3,Ki,'=',2.1,nM,8.677780705
CHEMBL583680,388.59,CCCCCCC(C)(C)c1cc(O)c2c(c1)OC(C)(C)[C@@H]1CC[C@@H](CO)C[C@@H]21,Ki,'=',2.1,nM,8.677780705
CHEMBL5863557,416.5,Cn1cc2c(n1)c(O)c(C(=O)NC13CC4CC(CC(C4)C1)C3)c(=O)n2CCCCF,Ki,'=',2.1,nM,8.677780705
CHEMBL73711,444.56,CCc1ccccc1NC(=O)CSc1nnc(-c2ccccc2OC)n1-c1ccccc1,Ki,'=',2.1,nM,8.677780705
CHEMBL3353443,299.41,CC1(C)C(C(=O)c2cn(CCCO)c3ccccc23)C1(C)C,Ki,'=',2.138,nM,8.669992299
CHEMBL205888,363.5,O=C(c1cn(CC2CCOCC2)c2ccccc12)C12CC3CC(CC1C3)C2,Ki,'=',2.138,nM,8.669992299
CHEMBL2381797,387.55,CCOC(=O)c1c(NC(=O)C23CC4CC(CC(C4)C2)C3)sc2c1CCCC2,Ki,'=',2.15,nM,8.66756154
CHEMBL259253,487.55,CC1CCC(NC(=O)c2cc3cc(-c4ccc(F)cc4)cnc3n(Cc3ccc(F)cc3)c2=O)CC1,Ki,'=',2.17,nM,8.663540266
CHEMBL1668512,313.44,CC1(C)C(C(=O)c2cn(CCCCO)c3ccccc23)C1(C)C,Ki,'=',2.188,nM,8.659952682
CHEMBL3353423,313.44,CC1(C)C(C(=O)c2cn(CCCCO)c3ccccc23)C1(C)C,Ki,'=',2.2,nM,8.657577319
CHEMBL471374,426.52,Cc1c(C(=O)c2cccc3ccccc23)c2cccc3c2n1[C@H](CN1CCOCC1)CO3,Ki,'=',2.2,nM,8.657577319
CHEMBL565969,379.44,O=C(NC1CCCCC1)c1cc2cccnc2n(Cc2ccc(F)cc2)c1=O,Ki,'=',2.2,nM,8.657577319
CHEMBL255474,373.47,CCCCCn1c(C)c(C(=O)c2ccc(F)c3ccccc23)c2ccccc21,Ki,'=',2.2,nM,8.657577319
CHEMBL3409322,421.31,O=C(NC1CCCCCC1)c1cc(Br)cn(Cc2ccc(F)cc2)c1=O,Ki,'=',2.2,nM,8.657577319
CHEMBL516388,453.58,CC1(C)Oc2cc(C34CC5CC(CC(CN=[N+]=[N-])(C5)O3)C4)cc(O)c2[C@@H]2C[C@H](CO)CC[C@H]21,Ki,'=',2.2,nM,8.657577319
CHEMBL1209573,382.62,CCCCCC[Si](C)(C)c1cc(O)c2c(c1)OC(C)(C)c1ccc(C)cc1-2,Ki,'=',2.21,nM,8.655607726
CHEMBL1287846,352.52,CC1(C)C(C(=O)c2cn(CCN3CCCCC3)c3ccccc23)C1(C)C,Ki,'=',2.239,nM,8.649945906
CHEMBL220180,366.55,CCCCCCC(C)(C)c1cc(O)c2c(c1)OC(C)(C)c1ccc(C)cc1-2,Ki,'=',2.24,nM,8.649751982
CHEMBL1162994,474.67,CCCCCn1cc(C(=O)NC23CC4CC(CC(C4)C2)C3)c(=O)c2cc(-c3cccs3)ccc21,Ki,'=',2.3,nM,8.638272164
CHEMBL517283,352.52,CC1(C)C(C(=O)c2cn(CCN3CCCCC3)c3ccccc23)C1(C)C,Ki,'=',2.3,nM,8.638272164
CHEMBL1641945,324.51,CCCCCCC(C)(C)c1ccc(-c2cc(C)cc(C)c2)c(O)c1,Ki,'=',2.3,nM,8.638272164
CHEMBL458142,318.42,Cc1cccc(-c2c(O)cc(C(C)(C)c3ccccc3)cc2O)c1,Ki,'=',2.3,nM,8.638272164
CHEMBL245876,474.67,CCCCCn1cc(C(=O)NC23CC4CC(CC(C4)C2)C3)c(=O)c2cc(-c3cccs3)ccc21,Ki,'=',2.3,nM,8.638272164
CHEMBL2336549,366.55,CCCCCCC(C)(C)c1ccc(-c2cc(C)cc(C)c2)c(C(=O)OC)c1,Ki,'=',2.3,nM,8.638272164
CHEMBL3781178,389.93,CCCCCn1c(C)c(C(=O)c2ccc(Cl)c3ccccc23)c2ccccc21,Ki,'=',2.3,nM,8.638272164
CHEMBL2387182,375.59,CSC(=S)N1CC2(CCCCC2)CS/C1=N\c1ccc(C#N)cc1,Ki,'=',2.3,nM,8.638272164
CHEMBL123515,379.26,COc1cc(C(=O)c2cccs2)cc(O)c1-c1cc(Cl)cc(Cl)c1,Ki,'=',2.32,nM,8.634512015
CHEMBL472157,406.53,CCCC1COc2cccc3c(=O)c(C(=O)NC45CC6CC(CC(C6)C4)C5)cn1c23,Ki,'=',2.34,nM,8.630784143
CHEMBL2163577,412.46,CCCCOc1c(OC)ccc2cc(C(=O)NCCc3ccc(F)cc3)c(=O)[nH]c12,Ki,'=',2.399,nM,8.619969752
CHEMBL1215918,460.62,CCCCCn1cc(C(=O)N[C@H]2C(C)(C)[C@H]3CC[C@]2(C)C3)c(=O)c2cc(-c3ccco3)ccc21,Ki,'=',2.4,nM,8.619788758
CHEMBL3114350,400.48,O=C(NC1CCCCC1)c1c(O)c2cccnc2n(CCN2CCOCC2)c1=O,Ki,'=',2.4,nM,8.619788758
CHEMBL1270193,412.46,CCCCOc1c(OC)ccc2cc(C(=O)NCCc3ccc(F)cc3)c(=O)[nH]c12,Ki,'=',2.4,nM,8.619788758
CHEMBL401480,460.62,CCCCCn1cc(C(=O)NC2C(C)(C)[C@@H]3CC[C@@]2(C)C3)c(=O)c2cc(-c3ccco3)ccc21,Ki,'=',2.4,nM,8.619788758
CHEMBL579249,445.39,Cc1c(C(=O)N[C@@H](C)C2CCCCC2)nn(-c2ccc(Cl)c(Cl)c2)c1-n1cccc1,Ki,'=',2.4,nM,8.619788758
CHEMBL3416122,412.46,CCCCOc1c(OC)ccc2cc(C(=O)NCCc3ccc(F)cc3)c(=O)[nH]c12,Ki,'=',2.4,nM,8.619788758
CHEMBL5080187,429.57,CSC(=S)N1CC2(CCCCC2)CO/C1=N\c1ccc([N+](=O)[O-])c2ccccc12,Ki,'=',2.4,nM,8.619788758
CHEMBL5797375,361.51,CCc1c(C)sc(NC(=O)C23CC4CC(CC(C4)C2)C3)c1C(=O)OC,Ki,'=',2.46,nM,8.609064893
CHEMBL4647981,430.59,CCCCCn1cc(C(=O)NC23CC4CC(CC(C4)C2)C3)c2cc(-c3ccco3)ccc21,Ki,'=',2.48,nM,8.605548319
CHEMBL3422785,373.92,CC1(C)C(C(=O)c2cn(CC3CCOCC3)c3cc(Cl)ccc23)C1(C)C,Ki,'=',2.5,nM,8.602059991
CHEMBL4550629,357.45,CCCCCOc1cc(C(=O)NCCc2ccc(O)cc2)ccc1OC,Ki,'=',2.5,nM,8.602059991
CHEMBL4441693,504.7,CC1(C)C2CC[C@](C)(C2)[C@@H]1NC(=O)c1cn(CCCCO)c2cc(Sc3ccccc3)ccc2c1=O,Ki,'=',2.5,nM,8.602059991
CHEMBL2326300,392.66,CSC(=S)N1CC2(CCCCC2)CS/C1=N\c1cccc(C(C)C)c1,Ki,'=',2.5,nM,8.602059991
CHEMBL4781952,614.62,COC1(CNS(=O)(=O)C(F)(F)F)CCN(S(=O)(=O)c2cc3cccnc3n2S(=O)(=O)c2ccccc2F)CC1,Ki,'=',2.5,nM,8.602059991
CHEMBL3421694,479.52,CC(C)(O)COc1ccc(C(F)(F)F)cc1C(=O)/N=c1\sc2ccncc2n1CC1CCC1,Ki,'=',2.5,nM,8.602059991
CHEMBL4081467,400.48,COC(=O)c1ccc2c(/C=C3/C(=O)C4CCN3CC4)cn(Cc3ccccc3)c2c1,Ki,'=',2.5,nM,8.602059991
CHEMBL3650090,398.51,CCCCn1c(=O)c(C(=O)NC23CC4CC(CC(C4)C2)C3)c(O)c2nn(C)cc21,Ki,'=',2.5,nM,8.602059991
CHEMBL4215369,357.45,CCCCCOc1cc(C(=O)NCCc2ccc(O)cc2)ccc1OC,Ki,'=',2.5,nM,8.602059991
CHEMBL262865,486.66,CC(=O)NCCNC(=O)C(C)(C)NC(=O)c1cc2c(n(CC3CCCCC3)c1=O)CCCCCC2,Ki,'=',2.5,nM,8.602059991
CHEMBL1216000,412.57,CC1=CC[C@H]2[C@H](C1)c1c(O)cc(/C(C)=N/OCCN3CCCCC3)cc1OC2(C)C,Ki,'=',2.5,nM,8.602059991
CHEMBL1270480,483.56,CCCCn1nc(C(C)(C)C)s/c1=N\C(=O)c1cc(C(F)(F)F)ccc1O/N=C(\N)C1CC1,Ki,'=',2.5,nM,8.602059991
CHEMBL4071738,516.57,CCCCn1/c(=N/C(=O)c2cc(C(F)(F)F)ccc2NNC(=O)c2cccnc2)cc(C(C)(C)C)n1C,Ki,'=',2.5,nM,8.602059991
CHEMBL3953556,419.52,CCOC(=O)C(CC)(CC)NC(=O)c1ccc(N2CC(OC)C2)c(OCC2CC2)n1,Ki,'=',2.5,nM,8.602059991
CHEMBL2018778,437.51,CCOC(=O)C(CC)(CC)NC(=O)c1cc(F)c(N2CC(OC)C2)c(OCC2CC2)n1,Ki,'=',2.5,nM,8.602059991
CHEMBL2152810,373.92,CC1(C)C(C(=O)c2cn(CC3CCOCC3)c3cc(Cl)ccc23)C1(C)C,Ki,'=',2.512,nM,8.599980365
CHEMBL453846,373.92,CC1(C)C(C(=O)c2cn(CC3CCOCC3)c3cc(Cl)ccc23)C1(C)C,Ki,'=',2.512,nM,8.599980365
CHEMBL1081623,426.52,Cc1c(C(=O)c2cccc3ccccc23)c2cccc3c2n1[C@H](CN1CCOCC1)CO3,Ki,'=',2.512,nM,8.599980365
CHEMBL3093359,426.52,Cc1c(C(=O)c2cccc3ccccc23)c2cccc3c2n1[C@H](CN1CCOCC1)CO3,Ki,'=',2.512,nM,8.599980365
CHEMBL4519051,388.47,O=C(NC1CCCCC1)c1cn2c3c(cccc3c1=O)OCC2c1ccccc1,Ki,'=',2.52,nM,8.598599459
CHEMBL471980,387.52,CC1=CC[C@@H]2[C@@H](C1)c1c(O)cc(C(C)(C)c3ccc(C#N)cc3)cc1OC2(C)C,Ki,'=',2.53,nM,8.596879479
CHEMBL272882,458.61,CCCCCn1cc(C(=O)NC23CC4CC(CC(C4)C2)C3)c(=O)n2nc(-c3ccccc3)cc12,Ki,'=',2.56,nM,8.591760035
CHEMBL2023582,351.49,O=C(c1cn(CC2CCOCC2)c2ccccc12)[C@@H]1CC12CCCCC2,Ki,'=',2.57,nM,8.590066877
CHEMBL3416126,351.49,O=C(c1cn(CC2CCOCC2)c2ccccc12)[C@@H]1CC12CCCCC2,Ki,'=',2.6,nM,8.585026652
CHEMBL3686307,508.04,Cc1cc(-c2cc(C(=O)N[C@@H]3C(C)(C)[C@@H]4CC[C@@]3(C)C4)c(=O)n(Cc3ccc(F)cc3)n2)ccc1Cl,Ki,'=',2.6,nM,8.585026652
CHEMBL3686294,384.56,CCCCCCC(C)(C)c1cc(O)c2c(c1)OC(C)(C)[C@@H]1CC=C(C=O)C[C@@H]21,Ki,'=',2.61,nM,8.583359493
CHEMBL5989285,386.58,CCCCCCC(C)(C)c1cc(O)c2c(c1)OC(C)(C)[C@@H]1CC=C(CO)C[C@@H]21,Ki,'=',2.66,nM,8.575118363
CHEMBL5204553,365.54,CCC(C)(C)C(=O)Cc1cc(C)c(C)c(S(=O)(=O)N2CCCCC2)c1,Ki,'=',2.7,nM,8.568636236
CHEMBL4084087,349.48,Cc1nc(C(=O)NC23CC4CC(CC(C4)C2)C3)c(C)n1-c1ccccc1,Ki,'=',2.7,nM,8.568636236
CHEMBL201571,349.48,Cc1nc(C(=O)NC23CC4CC(CC(C4)C2)C3)c(C)n1-c1ccccc1,Ki,'=',2.7,nM,8.568636236
CHEMBL4779298,359.44,CCCCCn1cc(C(=O)c2cccc3ccccc23)c2cccc(F)c21,Ki,'=',2.7,nM,8.568636236
CHEMBL4638147,412.37,Cc1cc(NC(=O)C(C)(C(F)(F)F)C(F)(F)F)cc(CN2CCOCC2)c1C,Ki,'=',2.7,nM,8.568636236
CHEMBL449624,465.52,COc1ccc(-c2oc3ccccc3c2C(=O)c2ccc(N(C)Cc3ccc(F)cc3)cc2)cc1,Ki,'=',2.7,nM,8.568636236
CHEMBL3915185,419.57,CC1=CC[C@H]2[C@H](C1)c1c(O)cc(/C(C)=N/OCCCc3ccccc3)cc1OC2(C)C,Ki,'=',2.7,nM,8.568636236
CHEMBL4760082,366.53,CCC(C)(C)C(=O)Nc1cc(C)c(C)c(S(=O)(=O)N2CCCCC2)c1,Ki,'=',2.7,nM,8.568636236
CHEMBL4747195,439.56,CC1=CC[C@@H]2[C@@H](C1)c1c(O)cc(C3(C(=O)OCCCCN=[N+]=[N-])CCC3)cc1OC2(C)C,Ki,'=',2.7,nM,8.568636236
CHEMBL460754,445.69,CCCCCc1cc(OCCCCCCCCCCC(=O)NC2CC2)cc(OC(C)C)c1,Ki,'=',2.7,nM,8.568636236
CHEMBL3410833,367.49,C1=C(CCN2CCOCC2)c2ccccc2/C1=C/c1cccc2ccccc12,Ki,'=',2.72,nM,8.565431096
CHEMBL3114172,353.51,CC1(C)C(C(=O)c2cn(CCC3CCOCC3)c3ccccc23)C1(C)C,Ki,'=',2.754,nM,8.560036064
CHEMBL111340,351.52,CC1(C)C(C(=O)c2cn(CCc3cccs3)c3ccccc23)C1(C)C,Ki,'=',2.754,nM,8.560036064
CHEMBL4636524,443.01,CCN(CC)c1ccc(CN(c2ccc(Cl)cc2)S(=O)(=O)c2cccc(C)c2)cc1,Ki,'=',2.799,nM,8.552997102
CHEMBL409669,399.58,CCCCCNC(=O)C(C)(C)c1cc(O)c2c(c1)OC(C)(C)[C@@H]1CC=C(C)C[C@@H]21,Ki,'=',2.8,nM,8.552841969
CHEMBL510072,353.51,CC1(C)C(C(=O)c2cn(CCC3CCOCC3)c3ccccc23)C1(C)C,Ki,'=',2.8,nM,8.552841969
CHEMBL4856192,397.44,CCCCOc1c(OC)ccc2cc(C(=O)NCc3ccc([18F])cc3)c(=O)[nH]c12,Ki,'=',2.8,nM,8.552841969
CHEMBL3686343,351.52,CC1(C)C(C(=O)c2cn(CCc3cccs3)c3ccccc23)C1(C)C,Ki,'=',2.8,nM,8.552841969
CHEMBL4071007,286.42,CCCc1cc(O)c2c(c1)OC(C)(C)[C@@H]1CCC(C)=C[C@@H]21,Ki,'=',2.8,nM,8.552841969
CHEMBL2381674,433.6,CCCN(CCC)C(=O)c1ccc2c(c1)nc(Cc1ccc(OCC)cc1)n2CC1CC1,Ki,'=',2.8,nM,8.552841969
CHEMBL2163579,434.38,CCCCCn1c(C)c(C(=O)c2ccc(Br)c3ccccc23)c2ccccc21,Ki,'=',2.8,nM,8.552841969
CHEMBL2381812,443.01,CCN(CC)c1ccc(CN(c2ccc(Cl)cc2)S(=O)(=O)c2cccc(C)c2)cc1,Ki,'=',2.8,nM,8.552841969
CHEMBL518206,499.7,CCOc1ccc(Cc2nc3cc(C(=O)N(CC)CC)ccc3n2CC23CC4CC(CC(C4)C2)C3)cc1,Ki,'=',2.8,nM,8.552841969
CHEMBL1215991,484.59,CC(C)(C)NOc1ccc(C(F)(F)F)cc1C(=O)/N=c1\sc(C(C)(C)C)nn1CC1CCC1,Ki,'=',2.8,nM,8.552841969
CHEMBL2112289,399.58,CCCCCNC(=O)C(C)(C)c1cc(O)c2c(c1)OC(C)(C)[C@@H]1CC=C(C)C[C@@H]21,Ki,'=',2.8,nM,8.552841969
CHEMBL596135,416.57,CC(C)(NC(=O)c1cc2c(n(CC3CCCCC3)c1=O)CCCCCC2)C(=O)NN,Ki,'=',2.8,nM,8.552841969
CHEMBL410655,375.9,CCCCCn1cc(C(=O)c2ccc(Cl)c3ccccc23)c2ccccc21,Ki,'=',2.8,nM,8.552841969
CHEMBL522553,398.43,CCCCOc1c(OC)ccc2cc(C(=O)NCc3ccc(F)cc3)c(=O)[nH]c12,Ki,'=',2.8,nM,8.552841969
CHEMBL494986,436.5,O=C(NC1CCCCCC1)c1cc(-c2ccc(F)cc2)cn(Cc2ccc(F)cc2)c1=O,Ki,'=',2.8,nM,8.552841969
CHEMBL523050,355.48,CCCCCn1c(=O)c(C(=O)NC2CCC(C)CC2)cc2cccnc21,Ki,'=',2.82,nM,8.549750892
CHEMBL234175,472.63,CCCCCn1cc(C(=O)NC23CC4CC(CC(C4)C2)C3)c(=O)n2nc(-c3ccccc3C)cc12,Ki,'=',2.86,nM,8.543633967
CHEMBL1822929,426.52,Cc1c(C(=O)c2cccc3ccccc23)c2cccc3c2n1[C@H](CN1CCOCC1)CO3,Ki,'=',2.9,nM,8.537602002
CHEMBL3686290,354.58,CCCCCCC(C)(C)c1ccc2c(c1)OC(C)(C)[C@@H]1CC=C(C)C[C@@H]21,Ki,'=',2.9,nM,8.537602002
CHEMBL3647307,341.45,CCCCCn1cc(C(=O)c2cccc3ccccc23)c2ccccc21,Ki,'=',2.9,nM,8.537602002
CHEMBL5766169,327.42,COC(=O)CCn1cc(C(=O)C2C(C)(C)C2(C)C)c2ccccc21,Ki,'=',2.9,nM,8.537602002
CHEMBL5188087,460.62,CC1(C)C(C(=O)c2cn(CCN3CCOCC3)c3cc(OCc4ccccc4)ccc23)C1(C)C,Ki,'=',2.9,nM,8.537602002
CHEMBL4471470,369.59,CCCCCCC(C)(C)c1cc(N)c2c(c1)OC(C)(C)[C@@H]1CCC(C)=C[C@@H]21,Ki,'=',2.9,nM,8.537602002
CHEMBL593595,419.57,CC1=CC[C@H]2[C@H](C1)c1c(O)cc(/C(C)=N\OCCCc3ccccc3)cc1OC2(C)C,Ki,'=',2.9,nM,8.537602002
CHEMBL3114180,381.56,CC1=CC[C@@H]2[C@@H](C1)c1c(O)cc(C(C)(C)CCCCCC#N)cc1OC2(C)C,Ki,'=',2.9,nM,8.537602002
CHEMBL3650123,354.58,CC1=CC[C@@H]2[C@@H](C1)c1ccc(CCCCCC(C)(C)C)cc1OC2(C)C,Ki,'=',2.9,nM,8.537602002
CHEMBL474897,437.37,CC1=CC[C@@H]2[C@@H](C1)c1c(O)cc(C(C)(C)C(=O)OCCBr)cc1OC2(C)C,Ki,'=',2.9,nM,8.537602002
CHEMBL216837,384.5,CCCn1cc(C(=O)N[C@@H]2C(C)(C)C3CC[C@]2(C)C3)c(=O)c2ccc(F)cc21,Ki,'=',2.9,nM,8.537602002
CHEMBL2381808,378.45,O=C(NC1CCCCC1)c1cc2ccccc2n(Cc2ccc(F)cc2)c1=O,Ki,'=',2.9,nM,8.537602002
CHEMBL4585657,341.45,CCCCCn1cc(C(=O)c2cccc3ccccc23)c2ccccc21,Ki,'=',2.94,nM,8.53165267
CHEMBL3650112,359.21,O=C(c1ccccc1)c1cc(O)c(-c2cc(Cl)cc(Cl)c2)c(O)c1,Ki,'=',2.94,nM,8.53165267
CHEMBL3092893,359.21,O=C(c1ccccc1)c1cc(O)c(-c2cc(Cl)cc(Cl)c2)c(O)c1,Ki,'=',2.94,nM,8.53165267
CHEMBL566057,327.42,COC(=O)CCn1cc(C(=O)C2C(C)(C)C2(C)C)c2ccccc21,Ki,'=',2.951,nM,8.530030791
CHEMBL235733,460.62,CC1(C)C(C(=O)c2cn(CCN3CCOCC3)c3cc(OCc4ccccc4)ccc23)C1(C)C,Ki,'=',2.951,nM,8.530030791
CHEMBL1223588,417.57,CC1(C)C(C(=O)c2cn(CC3CCOCC3)c3cc(S(C)(=O)=O)ccc23)C1(C)C,Ki,'=',2.951,nM,8.530030791
CHEMBL600801,417.57,CC1(C)C(C(=O)c2cn(CC3CCOCC3)c3cc(S(C)(=O)=O)ccc23)C1(C)C,Ki,'=',2.951,nM,8.530030791
CHEMBL2326298,460.62,CC1(C)C(C(=O)c2cn(CCN3CCOCC3)c3cc(OCc4ccccc4)ccc23)C1(C)C,Ki,'=',2.951,nM,8.530030791
CHEMBL3686322,443.01,CCN(CC)c1ccc(CN(c2ccc(C)cc2)S(=O)(=O)c2ccc(Cl)cc2)cc1,Ki,'=',2.999,nM,8.523023534
CHEMBL595481,445.6,CC1(C)C(C(=O)c2cn(CC3CCOCC3)c3c(COc4ccccc4)cccc23)C1(C)C,Ki,'=',3,nM,8.522878745
CHEMBL2206846,398.51,O=C(NC1CCCCCC1)c1cc2cccnc2n(CCN2CCOCC2)c1=O,Ki,'=',3,nM,8.522878745
CHEMBL2336543,609.04,O=S(=O)(c1ccccc1F)c1cc(Cl)ccc1S(=O)(=O)N1CCC(CO)(CNS(=O)(=O)C(F)(F)F)CC1,Ki,'=',3,nM,8.522878745
CHEMBL3647320,352.56,CCCCCCC(C)(C)c1ccc(-c2cc(C)ccc2C(C)C)c(O)c1,Ki,'=',3,nM,8.522878745
CHEMBL2152806,312.5,CCCC(C)(C)c1ccc2c(c1)OC(C)(C)[C@@H]1CC=C(C)C[C@@H]21,Ki,'=',3,nM,8.522878745
CHEMBL497304,450.58,O=C(N[C@@H](C(=O)O)c1ccccc1)c1cc2c(n(CC3CCCCC3)c1=O)CCCCCC2,Ki,'=',3,nM,8.522878745
CHEMBL603321,398.54,CCCCOC(=O)C1(c2cc(O)c3c(c2)OC(C)(C)[C@@H]2CC=C(C)C[C@@H]32)CCC1,Ki,'=',3,nM,8.522878745
CHEMBL2336538,312.5,CCCC(C)(C)c1ccc2c(c1)OC(C)(C)[C@@H]1CC=C(C)C[C@@H]21,Ki,'=',3,nM,8.522878745
CHEMBL3686302,640.58,O=S(=O)(c1ccccc1F)c1ccc(OC(F)(F)F)cc1S(=O)(=O)N1CCC2(CC1)CC2NS(=O)(=O)C(F)(F)F,Ki,'=',3,nM,8.522878745
CHEMBL2348459,443.01,CCN(CC)c1ccc(CN(c2ccc(C)cc2)S(=O)(=O)c2ccc(Cl)cc2)cc1,Ki,'=',3,nM,8.522878745
CHEMBL233634,373.92,CC1(C)C(C(=O)c2cn(CC3CCOCC3)c3ccc(Cl)cc23)C1(C)C,Ki,'=',3,nM,8.522878745
CHEMBL2326295,398.54,CCCCOC(=O)C1(c2cc(O)c3c(c2)OC(C)(C)[C@@H]2CC=C(C)C[C@@H]32)CCC1,Ki,'=',3,nM,8.522878745
CHEMBL256110,411.46,CC1=CC[C@H]2[C@H](C1)c1c(O)cc(/C(C)=N/OCCCC(F)(F)F)cc1OC2(C)C,Ki,'=',3,nM,8.522878745
CHEMBL234014,543.63,CN1C[C@@H](F)C[C@H]1COc1ccc(C(F)(F)F)cc1C(=O)/N=c1\sc(C(C)(C)C)cn1C[C@H]1CCCO1,Ki,'=',3,nM,8.522878745
CHEMBL510854,312.5,CCCC(C)(C)c1ccc2c(c1)OC(C)(C)[C@@H]1CC=C(C)C[C@@H]21,Ki,'=',3,nM,8.522878745
CHEMBL5896807,512.7,CC(C)(NC(=O)c1cc2c(n(CC3CCCCC3)c1=O)CCCCCC2)C(=O)N1CCC(C(N)=O)CC1,Ki,'=',3,nM,8.522878745
CHEMBL16901,312.5,CCCC(C)(C)c1ccc2c(c1)OC(C)(C)[C@@H]1CC=C(C)C[C@@H]21,Ki,'=',3,nM,8.522878745
CHEMBL2010900,512.59,CC(C)(C)c1cn(C[C@H]2CCCO2)/c(=N/C(=O)c2cc(C(F)(F)F)ccc2OC[C@H]2CCCO2)s1,Ki,'=',3,nM,8.522878745
CHEMBL3959623,417.57,CC1(C)C(C(=O)c2cn(CC3CCOCC3)c3cc(S(C)(=O)=O)ccc23)C1(C)C,Ki,'=',3,nM,8.522878745
CHEMBL1629731,426.52,Cc1c(C(=O)c2cccc3ccccc23)c2cccc3c2n1[C@H](CN1CCOCC1)CO3,Ki,'=',3.01,nM,8.521433504
CHEMBL574270,445.6,CC1(C)C(C(=O)c2cn(CC3CCOCC3)c3c(OCc4ccccc4)cccc23)C1(C)C,Ki,'=',3.02,nM,8.519993057
CHEMBL462533,477.48,CC1(C)Oc2cc(C3(CCCCCCBr)CCCC3)cc(O)c2[C@@H]2CC(=O)CC[C@H]21,Ki,'=',3.02,nM,8.519993057
CHEMBL4094388,445.6,CC1(C)C(C(=O)c2cn(CC3CCOCC3)c3c(OCc4ccccc4)cccc23)C1(C)C,Ki,'=',3.02,nM,8.519993057
CHEMBL1668506,373.92,CC1(C)C(C(=O)c2cn(CC3CCOCC3)c3ccc(Cl)cc23)C1(C)C,Ki,'=',3.02,nM,8.519993057
CHEMBL4782654,373.92,CC1(C)C(C(=O)c2cn(CC3CCOCC3)c3ccc(Cl)cc23)C1(C)C,Ki,'=',3.02,nM,8.519993057
CHEMBL475093,299.41,COCCn1cc(C(=O)C2C(C)(C)C2(C)C)c2ccccc21,Ki,'=',3.1,nM,8.508638306
CHEMBL4294558,426.52,Cc1c(C(=O)c2cccc3ccccc23)c2cccc3c2n1[C@H](CN1CCOCC1)CO3,Ki,'=',3.1,nM,8.508638306
CHEMBL4760014,625.69,CC[C@]1(CNS(=O)(=O)C(F)(F)F)CCN(S(=O)(=O)c2cc3ccccc3n2S(=O)(=O)c2ccccc2F)C[C@H]1C,Ki,'=',3.1,nM,8.508638306
CHEMBL3613097,445.6,CC1(C)C(C(=O)c2cn(CC3CCOCC3)c3c(OCc4ccccc4)cccc23)C1(C)C,Ki,'=',3.1,nM,8.508638306
CHEMBL2087106,299.41,COCCn1cc(C(=O)C2C(C)(C)C2(C)C)c2ccccc21,Ki,'=',3.1,nM,8.508638306
CHEMBL2326299,352.47,CCCCCCC(C)(C)c1cc(O)c2c(c1)oc(=O)c1ccc(C)cc12,Ki,'=',3.1,nM,8.508638306
CHEMBL475610,423.97,CCCCn1cc(C(C)(C)C)s/c1=N\C(=O)c1cc(Cl)ccc1OCC(N)=O,Ki,'=',3.1,nM,8.508638306
CHEMBL568807,426.52,Cc1c(C(=O)c2cccc3ccccc23)c2cccc3c2n1[C@H](CN1CCOCC1)CO3,Ki,'=',3.1,nM,8.508638306
CHEMBL467681,404.55,CCCCOC(=O)C(C)(C)c1cc(O)c2c(c1)OC(C)(C)[C@@H]1CC[C@@H](CO)C[C@@H]21,Ki,'=',3.1,nM,8.508638306
CHEMBL3093378,439.56,CC1(C)Oc2cc(C34CC5CC(CC(CN=[N+]=[N-])(C5)O3)C4)cc(O)c2[C@@H]2C[C@H](O)CC[C@H]21,Ki,'=',3.1,nM,8.508638306
CHEMBL480579,366.46,O=C(NC1CCCCCC1)c1cn2c3c(cccc3c1=O)OCC2C1CC1,Ki,'=',3.12,nM,8.505845406
CHEMBL1259057,445.67,CC(C)(CCCCCCN=C=S)c1cc(O)c2c(c1)OC(C)(C)[C@@H]1CC[C@@H](CO)C[C@@H]21,Ki,'=',3.15,nM,8.501689446
CHEMBL569992,299.41,COCCn1cc(C(=O)C2C(C)(C)C2(C)C)c2ccccc21,Ki,'=',3.162,nM,8.500038134
CHEMBL462330,355.48,CC1(C)C(C(=O)c2cn(CC3CCOCC3)c3c(O)cccc23)C1(C)C,Ki,'=',3.162,nM,8.500038134
CHEMBL4761606,355.48,CC1(C)C(C(=O)c2cn(CC3CCOCC3)c3c(O)cccc23)C1(C)C,Ki,'=',3.162,nM,8.500038134
CHEMBL4175577,355.48,CC1(C)C(C(=O)c2cn(CC3CCOCC3)c3c(O)cccc23)C1(C)C,Ki,'=',3.2,nM,8.494850022
CHEMBL4476681,468.68,CC1=CC[C@@H]2[C@@H](C1)c1c(O)cc(C(C)(C)CCCCC(=O)NN3CCCCC3)cc1OC2(C)C,Ki,'=',3.2,nM,8.494850022
CHEMBL198252,359.44,CCCCCn1cc(C(=O)c2ccc(F)c3ccccc23)c2ccccc21,Ki,'=',3.2,nM,8.494850022
CHEMBL232328,426.63,CCCCCn1cc(C(=O)NC23CC4CC(CC(C4)C2)C3)c(=O)c2c(C)c(C)sc21,Ki,'=',3.27,nM,8.485452247
CHEMBL198253,369.51,COc1cccc2c1c(C(=O)C1C(C)(C)C1(C)C)cn2CC1CCOCC1,Ki,'=',3.3,nM,8.48148606
CHEMBL232129,354.53,C=C(CCCCCC)c1cc(O)c2c(c1)OC(C)(C)[C@@H]1CC=C(C)C[C@@H]21,Ki,'=',3.3,nM,8.48148606
CHEMBL496497,385.48,CCCCCn1cc(C(=O)c2cccc3ccccc23)cc1-c1ccccc1F,Ki,'=',3.3,nM,8.48148606
CHEMBL3686300,388.52,[11CH3]OC(=O)c1c(NC(=O)C23CC4CC(CC(O)(C4)C2)C3)sc2c1CCCC2,Ki,'=',3.3,nM,8.48148606
CHEMBL338455,407.56,CCOc1ccc(Cc2nc3cc(C(=O)N(C)CC)ccc3n2CCC(C)C)cc1,Ki,'=',3.3,nM,8.48148606
CHEMBL3781131,314.47,CCCCCc1cc(O)c2c(c1)OC(C)(C)[C@@H]1CCC(C)=C[C@@H]21,Ki,'=',3.3,nM,8.48148606
CHEMBL2016599,325.45,CC1(C)C(C(=O)c2cn(C[C@@H]3CCCO3)c3ccccc23)C1(C)C,Ki,'=',3.3,nM,8.48148606
CHEMBL3912856,511.57,CC(=O)/C(C)=N/Oc1ccc(C(F)(F)F)cc1C(=O)/N=c1\sc(C(C)(C)C)cn1C[C@H]1CCCO1,Ki,'=',3.3,nM,8.48148606
CHEMBL5876431,467.35,CCCCCn1cc(C(=O)c2cccc3cccc(I)c23)c2ccccc21,Ki,'=',3.3,nM,8.48148606
CHEMBL3921607,396.89,CC(C)(C)c1nc(N2CCC3(C2)N=N3)c2nnn(Cc3ccccc3Cl)c2n1,Ki,'=',3.3,nM,8.48148606
CHEMBL5807801,325.45,CC1(C)C(C(=O)c2cn(C[C@@H]3CCCO3)c3ccccc23)C1(C)C,Ki,'=',3.3,nM,8.48148606
CHEMBL4238778,408.54,CCCCn1cc(C(=O)NC23CC4CC(CC(C4)C2)C3)c(=O)c2cccc(OC)c21,Ki,'=',3.3,nM,8.48148606
CHEMBL497811,389.52,COC(=O)c1c(NC(=O)C23CC4CC(CC(O)(C4)C2)C3)sc2c1CCCC2,Ki,'=',3.3,nM,8.48148606
CHEMBL3650113,369.51,COc1cccc2c1c(C(=O)C1C(C)(C)C1(C)C)cn2CC1CCOCC1,Ki,'=',3.311,nM,8.480040819
CHEMBL3962080,369.51,COc1cccc2c1c(C(=O)C1C(C)(C)C1(C)C)cn2CC1CCOCC1,Ki,'=',3.311,nM,8.480040819
CHEMBL2019078,325.45,CC1(C)C(C(=O)c2cn(C[C@@H]3CCCO3)c3ccccc23)C1(C)C,Ki,'=',3.311,nM,8.480040819
CHEMBL4641997,354.53,C=C(CCCCCC)c1cc(O)c2c(c1)OC(C)(C)[C@@H]1CC=C(C)C[C@@H]21,Ki,'=',3.311,nM,8.480040819
CHEMBL4249729,398.59,CCCCCCC1(c2cc(O)c3c(c2)OC(C)(C)[C@@H]2CCC(=O)C[C@@H]32)CCCC1,Ki,'=',3.34,nM,8.476253533
CHEMBL3650111,408.57,CCN(CC)c1ccc(CN(c2ccc(C)cc2)S(=O)(=O)c2ccccc2)cc1,Ki,'=',3.396,nM,8.469032318
CHEMBL6024443,506.02,Cc1cc(-c2cc(C(=O)NC34CC5CC(CC(C5)C3)C4)c(=O)n(Cc3ccc(F)cc3)n2)ccc1Cl,Ki,'=',3.4,nM,8.468521083
CHEMBL3650087,312.5,CCCC(C)(C)c1ccc2c(c1)OC(C)(C)[C@@H]1CC=C(C)C[C@@H]21,Ki,'=',3.4,nM,8.468521083
CHEMBL2381794,408.57,CCN(CC)c1ccc(CN(c2ccc(C)cc2)S(=O)(=O)c2ccccc2)cc1,Ki,'=',3.4,nM,8.468521083
CHEMBL2381778,500.71,CCCCCn1cc(C(=O)NC23CC4CC(CC(C4)C2)C3)c(=O)c2cc(Sc3ccccc3)ccc21,Ki,'=',3.4,nM,8.468521083
CHEMBL502276,503.34,CN1CCCCC1Cn1cc(C(=O)c2cc([N+](=O)[O-])ccc2I)c2ccccc21,Ki,'=',3.4,nM,8.468521083
CHEMBL232130,409.62,CCCCC1=NN(C(=O)N[C@H]2C[C@H]3CC[C@]2(C)C3(C)C)C(C)(C)C1c1ccccc1,Ki,'=',3.4,nM,8.468521083
CHEMBL250809,395.55,CCCCCn1cc(C(=O)c2cccc3ccccc23)cc1-c1ccccc1CC,Ki,'=',3.4,nM,8.468521083
CHEMBL1224630,312.5,CCCC(C)(C)c1ccc2c(c1)OC(C)(C)C1CC=C(C)CC21,Ki,'=',3.4,nM,8.468521083
CHEMBL442447,312.5,CCCC(C)(C)c1ccc2c(c1)OC(C)(C)[C@@H]1CC=C(C)C[C@@H]21,Ki,'=',3.4,nM,8.468521083
CHEMBL1682272,500.71,CCCCCn1cc(C(=O)NC23CC4CC(CC(C4)C2)C3)c(=O)c2cc(Sc3ccccc3)ccc21,Ki,'=',3.4,nM,8.468521083
CHEMBL2381796,503.34,CN1CCCCC1Cn1cc(C(=O)c2cc([N+](=O)[O-])ccc2I)c2ccccc21,Ki,'=',3.4,nM,8.468521083
CHEMBL2087109,472.63,CCCCCn1cc(C(=O)NC23CC4CC(CC(C4)C2)C3)c(=O)n2nc(-c3ccc(C)cc3)cc12,Ki,'=',3.41,nM,8.467245621
CHEMBL250768,468.6,CC12CC3CC(C)(C1)CC(NC(=O)c1cn4c5c(cccc5c1=O)OCC4c1ccccc1)(C3)C2,Ki,'=',3.45,nM,8.462180905
CHEMBL250608,407.48,CC1(C)C(C(=O)c2cn(CC3CCOCC3)c3cc(C(F)(F)F)ccc23)C1(C)C,Ki,'=',3.467,nM,8.460046158
CHEMBL385940,407.48,CC1(C)C(C(=O)c2cn(CC3CCOCC3)c3cc(C(F)(F)F)ccc23)C1(C)C,Ki,'=',3.467,nM,8.460046158
CHEMBL2170544,370.57,CCCC[Si](C)(C)c1cc(O)c2c(c1)OC(C)(C)c1ccc(CO)cc1-2,Ki,'=',3.49,nM,8.457174573
CHEMBL5180182,516.71,CCCCCn1cc(C(=O)NC23CC4CC(CC(C4)C2)C3)c(=O)c2ccc([S+]([O-])c3ccccc3)cc21,Ki,'=',3.5,nM,8.455931956
CHEMBL4847976,407.48,CC1(C)C(C(=O)c2cn(CC3CCOCC3)c3cc(C(F)(F)F)ccc23)C1(C)C,Ki,'=',3.5,nM,8.455931956
CHEMBL4557732,359.35,Cc1nc(C(=O)Nc2ccccc2C(F)(F)F)c(C)n1-c1ccccc1,Ki,'=',3.5,nM,8.455931956
CHEMBL1668395,485.44,CC1(C)[C@H]2CC[C@](C)(C2)[C@@H]1NC(=O)c1ccc(Br)c(S(=O)(=O)N2CCOCC2)c1,Ki,'=',3.5,nM,8.455931956
CHEMBL6052758,387.61,CCCCCc1cccc(OCCCCCCCCCCC(=O)NC2CC2)c1,Ki,'=',3.5,nM,8.455931956
CHEMBL2152817,515.55,C[C@H](NS(C)(=O)=O)c1ccc(Cc2ccc(C(F)(F)F)cc2S(=O)(=O)c2cccc(F)c2)cc1,Ki,'=',3.5,nM,8.455931956
CHEMBL4745169,373.38,Cc1nc(C(=O)NCc2ccccc2C(F)(F)F)c(C)n1-c1ccccc1,Ki,'=',3.5,nM,8.455931956
CHEMBL5204014,435.34,Cc1c(Br)cn(Cc2ccc(F)cc2)c(=O)c1C(=O)NC1CCCCCC1,Ki,'=',3.5,nM,8.455931956
CHEMBL2381673,440.63,CCCCCn1cc(C(=O)NC23CC4CC(CC(C4)C2)C3)c2ccc(-c3ccccc3)cc21,Ki,'=',3.52,nM,8.453457337
CHEMBL1641943,396.96,CC1=CC[C@@H]2[C@@H](C1)c1c(O)cc(C(C)(C)c3cccc(Cl)c3)cc1OC2(C)C,Ki,'=',3.54,nM,8.450996738
CHEMBL593625,426.52,Cc1c(C(=O)c2cccc3ccccc23)c2cccc3c2n1[C@H](CN1CCOCC1)CO3,Ki,'=',3.55,nM,8.449771647
CHEMBL259463,459.59,CCCCCn1cc(C(=O)NC23CC4CC(CC(C4)C2)C3)c(=O)n2nc(-c3ccccc3)nc12,Ki,'=',3.58,nM,8.446116973
CHEMBL232411,455.62,CC1(C)Oc2cc(C34CC5CC(CC(CN=C=S)(C5)O3)C4)cc(O)c2[C@@H]2C[C@H](O)CC[C@H]21,Ki,'=',3.6,nM,8.443697499
CHEMBL2206836,367.23,O=C(CCCOc1ccc(Cl)cc1Cl)NN/C=C1\C=CC=CC1=O,Ki,'=',3.6,nM,8.443697499
CHEMBL481716,446.72,CCCCCCC1(c2cc(O)c3c(c2)OC(C)(C)[C@@H]2CC=C(C)C[C@@H]32)SCCCS1,Ki,'=',3.6,nM,8.443697499
CHEMBL2019081,326.48,Cc1cc(C)cc(-c2ccc(C(C)(C)CCCCCO)cc2O)c1,Ki,'=',3.6,nM,8.443697499
CHEMBL3647322,371.48,CC1CCC(NC(=O)c2cc3cccnc3n(CCCCCO)c2=O)CC1,Ki,'=',3.6,nM,8.443697499
CHEMBL198304,386.54,CCCCCCC(C)(C)c1cc(OCCO)c2c(c1)OC(C)(C)c1cn[nH]c1-2,Ki,'=',3.6,nM,8.443697499
CHEMBL266712,459.59,CCCCCn1cc(C(=O)NC23CC4CC(CC(C4)C2)C3)c(=O)n2nc(-c3ccccc3)nc12,Ki,'=',3.6,nM,8.443697499
CHEMBL4640400,475.61,CCCCCn1cc(C(=O)NC23CC4CC(CC(C4)C2)C3)c(=O)c2cc(F)c(-n3cccc3)cc21,Ki,'=',3.6,nM,8.443697499
CHEMBL2163948,434.58,CCCC1COc2cccc3c(=O)c(C(=O)NC45CC6CC(C)(CC(C)(C6)C4)C5)cn1c23,Ki,'=',3.62,nM,8.441291429
CHEMBL3774919,332.45,CC1(C)C(C(=O)c2cn(Cc3ccncc3)c3ccccc23)C1(C)C,Ki,'=',3.631,nM,8.439973751
CHEMBL469896,446.72,CCCCCCC1(c2cc(O)c3c(c2)OC(C)(C)[C@@H]2CC=C(C)C[C@@H]32)SCCCS1,Ki,'=',3.631,nM,8.439973751
CHEMBL4206063,381.47,CCCCCOc1c(OC)ccc2c(=O)n(CCc3ccc(O)cc3)ccc12,Ki,'=',3.698,nM,8.432033093
CHEMBL4638446,447.62,CCOc1ccc(Cc2nc3cc(C(=O)N(CC)CC)ccc3n2CC2CCCCC2)cc1,Ki,'=',3.7,nM,8.431798276
CHEMBL1814463,332.45,CC1(C)C(C(=O)c2cn(Cc3ccncc3)c3ccccc23)C1(C)C,Ki,'=',3.7,nM,8.431798276
CHEMBL602128,381.47,CCCCCOc1c(OC)ccc2c(=O)n(CCc3ccc(O)cc3)ccc12,Ki,'=',3.7,nM,8.431798276
CHEMBL4167303,409.53,CC1=CC[C@H]2[C@H](C1)c1c(O)cc(/C(C)=N/OCCCn3ccnc3)cc1OC2(C)C,Ki,'=',3.7,nM,8.431798276
CHEMBL5171161,426.52,Cc1c(C(=O)c2cccc3ccccc23)c2cccc3c2n1[C@H](CN1CCOCC1)CO3,Ki,'=',3.7,nM,8.431798276
CHEMBL453844,426.52,Cc1c(C(=O)c2cccc3ccccc23)c2cccc3c2n1[C@H](CN1CCOCC1)CO3,Ki,'=',3.7,nM,8.431798276
CHEMBL381314,426.52,Cc1c(C(=O)c2cccc3ccccc23)c2cccc3c2n1[C@H](CN1CCOCC1)CO3,Ki,'=',3.7,nM,8.431798276
CHEMBL2316283,498.62,CC(C)(C)NNc1ccc(C(F)(F)F)cc1C(=O)/N=c1\sc(C(C)(C)C)cn1C[C@H]1CCCO1,Ki,'=',3.7,nM,8.431798276
CHEMBL499324,372.51,CCCCOC(=O)[C@H](C)c1cc(O)c2c(c1)OC(C)(C)[C@@H]1CC=C(C)C[C@@H]21,Ki,'=',3.7,nM,8.431798276
CHEMBL231934,495.59,CCOC(=O)C(CC)(CC)NC(=O)c1ccc(N2CC(OC)C2)c(OC[C@H]2C[C@@H]2COCCF)n1,Ki,'=',3.7,nM,8.431798276
CHEMBL595460,454.57,O=C(NC12CC3CC(CC(C3)C1)C2)c1cn2c3c(cccc3c1=O)OC[C@H]2Cc1ccccc1,Ki,'=',3.72,nM,8.42945706
CHEMBL567942,426.52,Cc1c(C(=O)c2cccc3ccccc23)c2cccc3c2n1[C@H](CN1CCOCC1)CO3,Ki,'=',3.73,nM,8.428291168
CHEMBL523708,406.53,CC(C)C1COc2cccc3c(=O)c(C(=O)NC45CC6CC(CC(C6)C4)C5)cn1c23,Ki,'=',3.74,nM,8.427128398
CHEMBL249025,410.55,CCCCCCC(C)(C)c1cc(O)c2c(c1)OC(C)(C)c1ccc(C(=O)OC)cc1-2,Ki,'=',3.8,nM,8.420216403
CHEMBL189035,468.64,CCCCCn1cc(C(=O)NC23CC4CC(CC(C4)C2)C3)c(=O)c2cc(-c3ccccc3)ccc21,Ki,'=',3.8,nM,8.420216403
CHEMBL1259243,380.6,COc1ccc(/N=C2\SCC3(CCCCC3)CN2C(=S)SC)cc1,Ki,'=',3.8,nM,8.420216403
CHEMBL1223776,325.45,CC1(C)C(C(=O)c2cn(C[C@H]3CCCO3)c3ccccc23)C1(C)C,Ki,'=',3.8,nM,8.420216403
CHEMBL4071457,400.44,CONC(=O)[C@@H](NC(=O)c1nn(-c2c[n+]([O-])ccn2)c2c1C[C@H]1C[C@@H]21)C(C)(C)C,Ki,'=',3.8,nM,8.420216403
CHEMBL374982,468.64,CCCCCn1cc(C(=O)NC23CC4CC(CC(C4)C2)C3)c(=O)c2cc(-c3ccccc3)ccc21,Ki,'=',3.8,nM,8.420216403
CHEMBL4545068,447.36,COc1ccc2c(c1)c(CCN1CCOCC1)c(C)n2C(=O)c1cccc(Cl)c1Cl,Ki,'=',3.8,nM,8.420216403
CHEMBL2381811,325.45,CC1(C)C(C(=O)c2cn(C[C@H]3CCCO3)c3ccccc23)C1(C)C,Ki,'=',3.802,nM,8.419987887
CHEMBL5192105,499.59,COc1ccc(-c2cnc3c(c2)cc(C(=O)NC2CCC(C)CC2)c(=O)n3Cc2ccc(F)cc2)cc1,Ki,'=',3.83,nM,8.416801226
CHEMBL3410824,351.49,CC1=CC[C@@H]2[C@@H](C1)c1c(O)cc(C3(C#N)CCCCC3)cc1OC2(C)C,Ki,'=',3.86,nM,8.413412695
CHEMBL1215964,493.05,CCCCCn1cc(C(=O)NC23CC4CC(CC(C4)C2)C3)c(=O)n2nc(-c3ccc(Cl)cc3)cc12,Ki,'=',3.88,nM,8.411168274
CHEMBL2018781,355.48,CC1(C)C(C(=O)c2cn(CC3CCOCC3)c3cccc(O)c23)C1(C)C,Ki,'=',3.89,nM,8.410050399
CHEMBL2152800,355.48,CC1(C)C(C(=O)c2cn(CC3CCOCC3)c3cccc(O)c23)C1(C)C,Ki,'=',3.89,nM,8.410050399
CHEMBL2163946,351.49,CC1=CC[C@@H]2[C@@H](C1)c1c(O)cc(C3(C#N)CCCCC3)cc1OC2(C)C,Ki,'=',3.89,nM,8.410050399
CHEMBL3323682,351.49,CC1=CC[C@@H]2[C@@H](C1)c1c(O)cc(C3(C#N)CCCCC3)cc1OC2(C)C,Ki,'=',3.9,nM,8.408935393
CHEMBL111099,420.58,Cc1ccc(C(=O)NC2C(C)(C)[C@@H]3CC[C@]2(C)C3)cc1S(=O)(=O)N1CCOCC1,Ki,'=',3.9,nM,8.408935393
CHEMBL3686298,341.46,CCCCn1c(=O)c(C(=O)NC2CCC(C)CC2)cc2cccnc21,Ki,'=',3.9,nM,8.408935393
CHEMBL3647302,449.6,CCOc1ccc(Cc2nc3cc(C(=O)N(CC)CC)ccc3n2CC2CCOCC2)cc1,Ki,'=',3.9,nM,8.408935393
CHEMBL3686283,420.58,Cc1ccc(C(=O)NC2C(C)(C)[C@@H]3CC[C@@]2(C)C3)cc1S(=O)(=O)N1CCOCC1,Ki,'=',3.9,nM,8.408935393
CHEMBL5200844,355.48,CC1(C)C(C(=O)c2cn(CC3CCOCC3)c3cccc(O)c23)C1(C)C,Ki,'=',3.9,nM,8.408935393
CHEMBL3422791,420.58,Cc1ccc(C(=O)N[C@@H]2C(C)(C)[C@H]3CC[C@]2(C)C3)cc1S(=O)(=O)N1CCOCC1,Ki,'=',3.9,nM,8.408935393
CHEMBL471296,447.36,COc1ccc2c(c1)c(CCN1CCOCC1)c(C)n2C(=O)c1ccc(Cl)cc1Cl,Ki,'=',3.9,nM,8.408935393
CHEMBL1270388,420.58,Cc1ccc(C(=O)N[C@@H]2C(C)(C)[C@@H]3CC[C@@]2(C)C3)cc1S(=O)(=O)N1CCOCC1,Ki,'=',3.9,nM,8.408935393
CHEMBL1836187,426.52,Cc1c(C(=O)c2cccc3ccccc23)c2cccc3c2n1[C@H](CN1CCOCC1)CO3,Ki,'=',3.9,nM,8.408935393
CHEMBL2441475,381.52,CCN1CCN(C(=O)c2cn3c4c(cccc24)OC[C@H]3C2CCCCC2)CC1,Ki,'=',3.981,nM,8.400007822
CHEMBL216735,409.57,COc1cccc2c(C(=O)N3CCN4CCCC[C@H]4C3)cn(CC3CCCCC3)c12,Ki,'=',3.981,nM,8.400007822
CHEMBL3982062,381.52,CCCCCn1cc(C(=O)c2cccc3ccccc23)cc1-c1ccccc1C,Ki,'=',4,nM,8.397940009
CHEMBL593596,402.5,CC(C)(C)[C@H](NC(=O)n1c(=O)n(CCC2CCOCC2)c2ccccc21)C(N)=O,Ki,'=',4,nM,8.397940009
CHEMBL4086649,419.57,CCOc1ccc(Cc2nc3cc(N(C)C(=O)CC(C)C)ccc3n2CC2CC2)cc1,Ki,'=',4,nM,8.397940009
CHEMBL454607,418.58,CCCCCn1cc(C(=O)NC23CC4CC(CC(C4)C2)C3)c(=O)cc1-c1ccccc1,Ki,'=',4,nM,8.397940009
CHEMBL3421695,446.6,CCOc1ccc(Cc2nc3cc(N(C)C(=O)N4CCCCC4)ccc3n2CC2CC2)cc1,Ki,'=',4,nM,8.397940009
CHEMBL4090703,410.5,Cc1ccc(C(=O)Oc2cccc3cccnc23)cc1S(=O)(=O)N1CCCCC1,Ki,'=',4,nM,8.397940009
CHEMBL427843,445.61,CCN(CC)c1ccc(CN(c2ncc(C)s2)S(=O)(=O)c2ccc(OC)cc2)cc1,Ki,'=',4,nM,8.397940009
CHEMBL467476,518.49,O=C(NC12CC3CC(CC(C3)C1)C2)c1nn(-c2ccc(Cl)cc2Cl)c2c1Cc1cc(C3CC3)ccc1-2,Ki,'=',4,nM,8.397940009
CHEMBL2022698,318.46,CCCCn1c2c(cc(C(=O)NC(C)C)c1=O)CCCCCC2,Ki,'=',4,nM,8.397940009
CHEMBL2348469,397.52,COc1ccc(/C=C2\C=C(CCN3CCOCC3)c3ccccc32)c2ccccc12,Ki,'=',4.07,nM,8.390405591
CHEMBL471122,405.54,CCOc1ccc(Cc2nc3cc(C(=O)N(CC)CC)ccc3n2CC2CC2)cc1,Ki,'=',4.1,nM,8.387216143
CHEMBL489251,354.45,CC[C@@H]1COc2cccc3c(=O)c(C(=O)NC4CCCCCC4)cn1c23,Ki,'=',4.12,nM,8.385102784
CHEMBL570792,324.51,CCCCCCC(C)(C)c1ccc(-c2cc(C)cc(C)c2)c(O)c1,Ki,'=',4.14,nM,8.382999659
CHEMBL490648,484.64,CCCCCn1cc(C(=O)NC23CC4CC(CC(C4)C2)C3)c(=O)c2cc(-c3ccc(O)cc3)ccc21,Ki,'=',4.2,nM,8.37675071
CHEMBL249024,358.87,O=C(NC1CCCCCC1)c1cccn(Cc2ccc(Cl)cc2)c1=O,Ki,'=',4.2,nM,8.37675071
CHEMBL4175177,611.66,CC1(C)CN(S(=O)(=O)c2cc3ccccc3n2S(=O)(=O)c2ccccc2F)CCC1CNS(=O)(=O)C(F)(F)F,Ki,'=',4.2,nM,8.37675071
CHEMBL2152805,484.64,CCCCCn1cc(C(=O)NC23CC4CC(CC(C4)C2)C3)c(=O)c2cc(-c3ccc(O)cc3)ccc21,Ki,'=',4.2,nM,8.37675071
CHEMBL3114343,457.64,CC1CCN(C(=O)c2ccc3c(c2)c2c(n3S(=O)(=O)C(C)C)CN(C3CCCC3)C2)CC1,Ki,'=',4.2,nM,8.37675071
CHEMBL466623,459.42,Cc1c(C(=O)NC2CCCCCC2)nn(-c2ccc(Cl)c(Cl)c2)c1-n1c(C)ccc1C,Ki,'=',4.2,nM,8.37675071
CHEMBL1828801,407.55,CC1(C)Oc2cc([C@]34CC5CC(C[C@@](C#N)(C5)C3)C4)cc(O)c2[C@@H]2C[C@H](O)CC[C@H]21,Ki,'=',4.2,nM,8.37675071
CHEMBL1668521,526.81,CC1(C)Oc2cc(C3(CCCCCCCN=C=S)CCCC3)cc(O)c2[C@@H]2C[C@H](CN=C=S)CC[C@H]21,Ki,'=',4.2,nM,8.37675071
CHEMBL1215963,480.45,CC(C)(C)c1nc(N2CCC(F)(F)C2)c2nnn(Cc3ccccc3C3(C(F)(F)F)N=N3)c2n1,Ki,'=',4.2,nM,8.37675071
CHEMBL1224687,431.66,CCCCCCC(C)(C)c1cc(OC)cc(OCCCCCCCC(=O)NC2CC2)c1,Ki,'=',4.2,nM,8.37675071
CHEMBL593434,397.52,CC1CCC(NC(=O)c2cc3ccccc3n(CCN3CCOCC3)c2=O)CC1,Ki,'=',4.2,nM,8.37675071
CHEMBL311690,393.53,C1=C(CCN2CCOCC2)c2ccccc2/C1=C/c1ccc2c3c(cccc13)CC2,Ki,'=',4.22,nM,8.374687549
CHEMBL506652,375.53,CCCc1c(C)sc(NC(=O)C23CC4CC(CC(C4)C2)C3)c1C(=O)OC,Ki,'=',4.28,nM,8.368556231
CHEMBL494787,450.65,CCN(CC)c1ccc(CN(c2ccc(C)cc2)S(=O)(=O)c2ccc(C(C)C)cc2)cc1,Ki,'=',4.295,nM,8.367036832
CHEMBL196518,450.65,CCN(CC)c1ccc(CN(c2ccc(C)cc2)S(=O)(=O)c2ccc(C(C)C)cc2)cc1,Ki,'=',4.3,nM,8.366531544
CHEMBL3421698,390.89,Cc1c(Cl)cc(C(=O)NC2CCCCCC2)c(=O)n1Cc1ccc(F)cc1,Ki,'=',4.3,nM,8.366531544
CHEMBL2387179,375.53,CCCc1c(C)sc(NC(=O)C23CC4CC(CC(C4)C2)C3)c1C(=O)OC,Ki,'=',4.3,nM,8.366531544
CHEMBL3114349,325.46,CCCCCn1nc2c3ccccc3n(CCCCC)cc-2c1=O,Ki,'=',4.3,nM,8.366531544
CHEMBL78663,374.53,CCCc1sc(NC(=O)C23CC4CC(CC(C4)C2)C3)c(C(=O)O[11CH3])c1C,Ki,'=',4.3,nM,8.366531544
CHEMBL4537616,483.56,CC(C)(C)NOc1ccc(C(F)(F)F)cc1C(=O)/N=c1\sc(C(C)(C)C)nn1CCCC#N,Ki,'=',4.3,nM,8.366531544
CHEMBL255096,357.58,CCCCC/C=C\[C@H](C)/C=C\C/C=C\C/C=C\CCCC(=O)NC1CC1,Ki,'=',4.3,nM,8.366531544
CHEMBL2163571,476.06,Cc1ccc(Cn2nc(C(=O)N[C@@H]3C(C)(C)[C@@H]4CC[C@@]3(C)C4)cc2-c2ccc(Cl)c(C)c2)cc1,Ki,'=',4.35,nM,8.361510743
CHEMBL571774,354.49,CC1(C)C(C(=O)c2cn(CCN3CCOCC3)c3ccccc23)C1(C)C,Ki,'=',4.365,nM,8.360015752
CHEMBL3686308,354.49,CC1(C)C(C(=O)c2cn(CCN3CCOCC3)c3ccccc23)C1(C)C,Ki,'=',4.365,nM,8.360015752
CHEMBL384897,442.56,C=CCCn1cc(C(=O)NC23CC4CC(CC(C4)C2)C3)c(=O)c2cc(-c3ccco3)ccc21,Ki,'=',4.4,nM,8.356547324
CHEMBL3104354,541.52,C[C@@H](NS(=O)(=O)C(F)(F)F)c1ccc(S(=O)(=O)c2ccoc2S(=O)(=O)c2ccccc2F)cc1,Ki,'=',4.4,nM,8.356547324
CHEMBL3409150,442.56,C=CCCn1cc(C(=O)NC23CC4CC(CC(C4)C2)C3)c(=O)c2cc(-c3ccco3)ccc21,Ki,'=',4.4,nM,8.356547324
CHEMBL5814017,354.49,CC1(C)C(C(=O)c2cn(CCN3CCOCC3)c3ccccc23)C1(C)C,Ki,'=',4.4,nM,8.356547324
CHEMBL1215919,417.55,O=C(NC12CC3CC(CC(C3)C1)C2)c1cc(-c2ccccc2)nn(C2CCCC2)c1=O,Ki,'=',4.4,nM,8.356547324
CHEMBL568796,537.53,C/C(=N\Oc1ccc(C(F)(F)F)cc1C(=O)/N=c1\sc(C(C)(C)C)cn1C[C@H]1CCCO1)C(F)(F)F,Ki,'=',4.4,nM,8.356547324
CHEMBL409491,562.78,CC(C)(NC(=O)c1cc2c(n(CC3CCCCC3)c1=O)CCCCCC2)C(=O)N1CCC(NS(C)(=O)=O)CC1,Ki,'=',4.4,nM,8.356547324
CHEMBL3410823,460.64,CCn1cc(C(=O)N[C@@H]2C(C)(C)C3CC[C@]2(C)C3)c(=O)c2ccc(Sc3ccccc3)cc21,Ki,'=',4.4,nM,8.356547324
CHEMBL606377,435.61,CCN(CC)C(=O)c1ccc2c(c1)nc(Cc1ccc(OC(C)C)cc1)n2CCC(C)C,Ki,'=',4.5,nM,8.346787486
CHEMBL4239541,538.65,COc1ccc(S(=O)(=O)c2ccc(C(C)NS(C)(=O)=O)cc2)c(S(=O)(=O)c2ccc(O[11CH3])cc2)c1,Ki,'=',4.5,nM,8.346787486
CHEMBL3647326,538.65,COc1ccc(S(=O)(=O)c2ccc([C@H](C)NS(C)(=O)=O)cc2)c(S(=O)(=O)c2ccc(O[11CH3])cc2)c1,Ki,'=',4.5,nM,8.346787486
CHEMBL605199,390.52,CCCCOC(=O)C(C)(C)c1cc(O)c2c(c1)OC(C)(C)[C@@H]1CC[C@H](O)C[C@@H]21,Ki,'=',4.5,nM,8.346787486
CHEMBL3416121,390.52,CCCCOC(=O)C(C)(C)c1cc(O)c2c(c1)OC(C)(C)[C@@H]1CC[C@H](O)C[C@@H]21,Ki,'=',4.5,nM,8.346787486
CHEMBL1270479,421.59,CCOc1ccc(Cc2nc3cc(C(=O)N(CC)CC)ccc3n2CCC(C)C)cc1,Ki,'=',4.5,nM,8.346787486
CHEMBL3774565,421.59,CCOc1ccc(Cc2nc3cc(C(=O)N(CC)CC)ccc3n2CCC(C)C)cc1,Ki,'=',4.5,nM,8.346787486
CHEMBL307627,421.59,CCOc1ccc(Cc2nc3cc(C(=O)N(CC)CC)ccc3n2CCC(C)C)cc1,Ki,'=',4.5,nM,8.346787486
CHEMBL73206,369.51,COc1ccc2c(c1)c(C(=O)C1C(C)(C)C1(C)C)cn2CC1CCOCC1,Ki,'=',4.571,nM,8.339988779
CHEMBL4213900,369.51,COc1ccc2c(c1)c(C(=O)C1C(C)(C)C1(C)C)cn2CC1CCOCC1,Ki,'=',4.571,nM,8.339988779
CHEMBL1814462,354.49,CC1(C)C(C(=O)c2cn(CCN3CCOCC3)c3ccccc23)C1(C)C,Ki,'=',4.571,nM,8.339988779
CHEMBL3650101,369.51,COc1ccc2c(c1)c(C(=O)C1C(C)(C)C1(C)C)cn2CC1CCOCC1,Ki,'=',4.6,nM,8.337242168
CHEMBL568468,369.51,COc1ccc2c(c1)c(C(=O)C1C(C)(C)C1(C)C)cn2CC1CCOCC1,Ki,'=',4.6,nM,8.337242168
CHEMBL3092905,354.49,CC1(C)C(C(=O)c2cn(CCN3CCOCC3)c3ccccc23)C1(C)C,Ki,'=',4.6,nM,8.337242168
CHEMBL6045958,457.6,O=C(O)Cc1cnc(NC(=O)c2cc3c(n(CC4CCCCC4)c2=O)CCCCCC3)s1,Ki,'=',4.6,nM,8.337242168
CHEMBL5924346,421.58,CC1(C)Oc2cc([C@]34CC5CC(C[C@@](CC#N)(C5)C3)C4)cc(O)c2[C@@H]2C[C@H](O)CC[C@H]21,Ki,'=',4.6,nM,8.337242168
CHEMBL2316279,511.61,CC(C)(C)c1cn(C[C@H]2CCCO2)/c(=N/C(=O)c2cc(C(F)(F)F)ccc2OC[C@@H]2CCCN2)s1,Ki,'=',4.6,nM,8.337242168
CHEMBL1215888,525.64,CN1CCC[C@H]1COc1ccc(C(F)(F)F)cc1C(=O)/N=c1\sc(C(C)(C)C)cn1C[C@H]1CCCO1,Ki,'=',4.6,nM,8.337242168
CHEMBL488310,457.6,O=C(O)Cc1cnc(NC(=O)c2cc3c(n(CC4CCCCC4)c2=O)CCCCCC3)s1,Ki,'=',4.6,nM,8.337242168
CHEMBL250609,481.57,CCOC(=O)C(CC)(CC)NC(=O)c1ccc(N2CC(OC)C2)c(OC[C@@H]2C[C@@H]2COCF)n1,Ki,'=',4.6,nM,8.337242168
CHEMBL2163943,457.6,O=C(O)Cc1cnc(NC(=O)c2cc3c(n(CC4CCCCC4)c2=O)CCCCCC3)s1,Ki,'=',4.603,nM,8.336959025
CHEMBL2380327,386.65,C=C(C)[C@@H]1CCC(C)=C[C@H]1c1c(O)cc([Si](C)(C)CCCCCC)cc1O,Ki,'=',4.66,nM,8.331614083
CHEMBL521668,453.95,Cc1cc(-c2cc(C(=O)NC3CCCCC3)c(=O)n(Cc3ccc(F)cc3)n2)ccc1Cl,Ki,'=',4.7,nM,8.327902142
CHEMBL2170550,392.54,CCCCCn1cc(C(=O)NC23CC4CC(CC(C4)C2)C3)c(=O)c2ccccc21,Ki,'=',4.7,nM,8.327902142
CHEMBL2414029,392.54,CCCCCn1cc(C(=O)NC23CC4CC(CC(C4)C2)C3)c(=O)c2ccccc21,Ki,'=',4.7,nM,8.327902142
CHEMBL1270481,356.44,Cc1ccc(C(=O)NC2CCCCCC2)c(=O)n1Cc1ccc(F)cc1,Ki,'=',4.7,nM,8.327902142
CHEMBL2022362,443.67,C=CCOc1cc(CCCCC)cc(OCCCCCCCCCCC(=O)NC2CC2)c1,Ki,'=',4.7,nM,8.327902142
CHEMBL1668513,381.57,CSC(=S)N1CC2(CCCCC2)CO/C1=N\c1cc(C(C)(C)C)on1,Ki,'=',4.7,nM,8.327902142
CHEMBL259462,302.42,Cc1cccc(-c2ccc(C(C)(C)c3ccccc3)cc2O)c1,Ki,'=',4.7,nM,8.327902142
CHEMBL232730,469.65,CC1(C)Oc2cc(C34CC5CC(CC(CN=C=S)(C5)O3)C4)cc(O)c2[C@@H]2C[C@H](CO)CC[C@H]21,Ki,'=',4.7,nM,8.327902142
CHEMBL199139,302.41,CCCc1cc(O)c2c(c1)OC(C)(C)[C@@H]1CCC(CO)=C[C@@H]21,Ki,'=',4.7,nM,8.327902142
CHEMBL602591,373.24,COc1cc(C(=O)c2ccccc2)cc(O)c1-c1cc(Cl)cc(Cl)c1,Ki,'=',4.77,nM,8.321481621
CHEMBL391561,373.24,COc1cc(C(=O)c2ccccc2)cc(O)c1-c1cc(Cl)cc(Cl)c1,Ki,'=',4.77,nM,8.321481621
CHEMBL4085733,383.49,CCCCCOc1cc(/C=C/C(=O)NCCc2ccc(O)cc2)ccc1OC,Ki,'=',4.797,nM,8.319030282
CHEMBL3647303,342.41,CC1CCC(NC(=O)c2cccn(Cc3ccc(F)cc3)c2=O)CC1,Ki,'=',4.8,nM,8.318758763
CHEMBL512063,396.53,CCCCCCC(C)(C)c1cc(O)c2c(c1)OC(C)(C)c1ccc(C(=O)O)cc1-2,Ki,'=',4.8,nM,8.318758763
CHEMBL1950351,442.56,CCCCCn1c(=O)c(C(=O)NC23CC4CC(CC(C4)C2)C3)c(O)c2nn(CCO)cc21,Ki,'=',4.8,nM,8.318758763
CHEMBL58501,383.49,CCCCCOc1cc(/C=C/C(=O)NCCc2ccc(O)cc2)ccc1OC,Ki,'=',4.8,nM,8.318758763
CHEMBL2348460,411.44,CC1(C)C(C(=O)c2cn(CC3CCOCC3)c3c(F)c(F)c(F)c(F)c23)C1(C)C,Ki,'=',4.898,nM,8.309981219
CHEMBL5899776,411.44,CC1(C)C(C(=O)c2cn(CC3CCOCC3)c3c(F)c(F)c(F)c(F)c23)C1(C)C,Ki,'=',4.898,nM,8.309981219
CHEMBL5977894,406.57,CCCCCn1cc(C(=O)NC23CC4CC(CC(C4)C2)C3)c(=O)c2cccc(C)c21,Ki,'=',4.9,nM,8.30980392
CHEMBL5176902,469.63,CCN(CC)C(=O)c1ccc2c(c1)nc(Cc1ccc(Oc3ccccc3)cc1)n2CCC(C)C,Ki,'=',4.9,nM,8.30980392
CHEMBL220304,359.51,CCCCCn1cc(C(=O)c2ccc3c(c2)CC(C)(C)C3)c2ccccc21,Ki,'=',4.9,nM,8.30980392
CHEMBL1223835,583.72,CC(C)(C)CO/C=N/CCCOc1ccc(C(F)(F)F)cc1C(=O)/N=c1\sc(C(C)(C)C)cn1C[C@H]1CCCO1,Ki,'=',4.9,nM,8.30980392
CHEMBL579241,467.97,Cc1cc(-c2cc(C(=O)NC3CCCCCC3)c(=O)n(Cc3ccc(F)cc3)n2)ccc1Cl,Ki,'=',4.9,nM,8.30980392
CHEMBL3647308,448.57,CCCCCn1cc(C(=O)NC23CC4CC(CC(C4)C2)C3)c(=O)n2nc(-c3ccco3)cc12,Ki,'=',4.92,nM,8.308034897
CHEMBL498132,392.5,CC[C@@H]1COc2cccc3c(=O)c(C(=O)NC45CC6CC(CC(C6)C4)C5)cn1c23,Ki,'=',4.93,nM,8.307153081
CHEMBL3092891,438.62,CCCCCn1cc(C(=O)NC23CC4CC(CC(C4)C2)C3)c(=O)n2nc(C(C)(C)C)cc12,Ki,'=',4.95,nM,8.305394801
CHEMBL2170547,411.44,CC1(C)C(C(=O)c2cn(CC3CCOCC3)c3c(F)c(F)c(F)c(F)c23)C1(C)C,Ki,'=',5,nM,8.301029996
CHEMBL2163928,445.59,CCOc1ccc(Cc2nc3cc(N(C)C(=O)c4cccs4)ccc3n2CC2CC2)cc1,Ki,'=',5,nM,8.301029996
CHEMBL2163964,473.46,CCCCCn1cc(C(=O)N[C@H]2C(C)(C)[C@H]3CC[C@]2(C)C3)c(=O)c2cc(Br)ccc21,Ki,'=',5,nM,8.301029996
CHEMBL4440363,410.6,CCCCCn1c(C)c(C(=O)NC2C(C)(C)[C@@H]3CC[C@@]2(C)C3)c2cccc(OC)c21,Ki,'=',5,nM,8.301029996
CHEMBL410842,607.58,O=S(=O)(c1ccccn1)c1ccc(C(F)(F)F)cc1S(=O)(=O)N1CCC2(CC1)CC2NS(=O)(=O)C(F)(F)F,Ki,'=',5,nM,8.301029996
CHEMBL381492,364.49,CC1(C)C(C(=O)c2cn(CC3CCOCC3)c3cc(C#N)ccc23)C1(C)C,Ki,'=',5,nM,8.301029996
CHEMBL203924,442.52,Cn1nnc([C@@H](NC(=O)n2c(=O)n(CCN3CCOCC3)c3ccccc32)C(C)(C)C)n1,Ki,'=',5,nM,8.301029996
CHEMBL256753,385.47,CC(C)(C)[C@@H](C#N)NC(=O)n1c(=O)n(CCN2CCOCC2)c2ccccc21,Ki,'=',5,nM,8.301029996
CHEMBL500415,403.48,CC(C)(C)[C@H](NC(=O)n1c(=O)n(CCN2CCOCC2)c2ccccc21)C(N)=O,Ki,'=',5,nM,8.301029996
CHEMBL404211,390.64,CSC(=S)N1CC2(CCCCC2)CS/C1=N\c1cccc2c1CCC2,Ki,'=',5,nM,8.301029996
CHEMBL516057,370.38,COc1ccc2cc(C(=O)NCCc3ccc(F)cc3)c(=O)[nH]c2c1OC,Ki,'=',5,nM,8.301029996
CHEMBL2336536,370.38,COc1ccc2cc(C(=O)NCCc3ccc(F)cc3)c(=O)[nH]c2c1OC,Ki,'=',5,nM,8.301029996
CHEMBL4282822,520.58,CC(C)(C)c1cn(C[C@H]2CCCO2)/c(=N/C(=O)c2cc(C(F)(F)F)ccc2OCc2cnccn2)s1,Ki,'=',5,nM,8.301029996
CHEMBL3984538,370.38,COc1ccc2cc(C(=O)NCCc3ccc(F)cc3)c(=O)[nH]c2c1OC,Ki,'=',5,nM,8.301029996
CHEMBL2316299,484.58,CC(C)Cn1cc(C(C)(C)C)s/c1=N\C(=O)c1cc(C(F)(F)F)ccc1OCC1CCOC1,Ki,'=',5,nM,8.301029996
CHEMBL2381672,312.5,CCCC(C)(C)c1ccc2c(c1)OC(C)(C)[C@@H]1CC=C(C)C[C@@H]21,Ki,'=',5,nM,8.301029996
CHEMBL2170549,538.69,CC(C)(C)c1nc(N2CCC(F)(F)C2)c2nnn(Cc3ccccc3CCSSCC(O)CO)c2n1,Ki,'=',5,nM,8.301029996
CHEMBL1081610,354.57,CCCC[Si](C)(C)c1cc(O)c2c(c1)OC(C)(C)c1ccc(C)cc1-2,Ki,'=',5.01,nM,8.300162274
CHEMBL3416129,364.49,CC1(C)C(C(=O)c2cn(CC3CCOCC3)c3cc(C#N)ccc23)C1(C)C,Ki,'=',5.012,nM,8.299988938
CHEMBL2068805,364.49,CC1(C)C(C(=O)c2cn(CC3CCOCC3)c3cc(C#N)ccc23)C1(C)C,Ki,'=',5.012,nM,8.299988938
CHEMBL598252,373.52,COC(=O)c1c(NC(=O)C23CC4CC(CC(C4)C2)C3)sc2c1CCCC2,Ki,'=',5.08,nM,8.294136288
CHEMBL595035,623.07,CC(O)C1(CNS(=O)(=O)C(F)(F)F)CCN(S(=O)(=O)c2ccc(Cl)cc2S(=O)(=O)c2ccccc2F)CC1,Ki,'=',5.1,nM,8.292429824
CHEMBL1668515,369.3,CCCCn1cc(Br)cc(C(=O)NC2CCCCCC2)c1=O,Ki,'=',5.1,nM,8.292429824
CHEMBL4242964,471.55,CCCCn1nc(C(C)(C)C)s/c1=N\C(=O)c1cc(C(F)(F)F)ccc1O/N=C(\N)CC,Ki,'=',5.1,nM,8.292429824
CHEMBL2380416,394.56,Cc1ccc(-c2nc(CC(C)(C)C)cs2)cc1S(=O)(=O)N1CCOCC1,Ki,'=',5.2,nM,8.283996656
CHEMBL597438,394.56,Cc1ccc(-c2nc(CC(C)(C)C)cs2)cc1S(=O)(=O)N1CCOCC1,Ki,'=',5.2,nM,8.283996656
CHEMBL2316300,401.94,CCCCCn1cc(C(=O)c2cccc3ccccc23)cc1-c1ccccc1Cl,Ki,'=',5.2,nM,8.283996656
CHEMBL3647314,372.51,CCCCCn1cc(C(=O)NC2CCCCCC2)c(=O)n2nc(CC)cc12,Ki,'=',5.22,nM,8.282329497
CHEMBL5769708,343.47,CCCCCCC(C)(C)c1cc(O)c2c(c1)OC(C)(C)c1cnoc1-2,Ki,'=',5.3,nM,8.27572413
CHEMBL1668507,485.58,CCCCn1nc(C(C)(C)C)s/c1=N\C(=O)c1cc(C(F)(F)F)ccc1O/N=C(\N)C(C)C,Ki,'=',5.3,nM,8.27572413
CHEMBL197985,477.4,COCCn1c(-c2ccccc2Cl)nc2c(N3CCN4C(=O)CCC4C3)nc(C)nc21.Cl,Ki,'=',5.3,nM,8.27572413
CHEMBL596671,319.45,CCCC(C)(C)C(=O)Nc1cc(CN2CCOCC2)c(C)cn1,Ki,'=',5.3,nM,8.27572413
CHEMBL258243,455.04,CCCCCn1cc(C(=O)NC23CC4CC(C)(CC(C)(C4)C2)C3)c(=O)c2ccc(Cl)cc21,Ki,'=',5.3,nM,8.27572413
CHEMBL2206847,395.59,CCCCCC1=NN(C(=O)N[C@H]2C[C@H]3CC[C@]2(C)C3(C)C)CC1c1ccccc1,Ki,'=',5.3,nM,8.27572413
CHEMBL2206842,379.59,CCCCCCC(C)(C)c1cc(C#N)c2c(c1)OC(C)(C)[C@@H]1CCC(C)=C[C@@H]21,Ki,'=',5.3,nM,8.27572413
CHEMBL5565060,422.59,CCN(CC)c1ccc(CN(c2ccc(C)cc2)S(=O)(=O)c2ccc(C)cc2)cc1,Ki,'=',5.395,nM,8.268008551
CHEMBL3650092,426.49,CCCCCOc1c(OC)ccc2cc(C(=O)NCCc3ccc(F)cc3)c(=O)[nH]c12,Ki,'=',5.4,nM,8.26760624
CHEMBL1641948,541.64,CC(C)(C)/C(COc1ccc(C(F)(F)F)cc1C(=O)/N=c1\sc(C(C)(C)C)cn1C[C@H]1CCCO1)=N\O,Ki,'=',5.4,nM,8.26760624
CHEMBL2381777,476.06,Cc1ccc(Cn2nc(C(=O)NC3C4(C)CCC(C4)C3(C)C)cc2-c2ccc(Cl)c(C)c2)cc1,Ki,'=',5.4,nM,8.26760624
CHEMBL1836189,476.06,Cc1ccc(Cn2nc(C(=O)NC3C4(C)CCC(C4)C3(C)C)cc2-c2ccc(Cl)c(C)c2)cc1,Ki,'=',5.4,nM,8.26760624
CHEMBL2170551,476.06,Cc1ccc(Cn2nc(C(=O)NC3C4(C)CCC(C4)C3(C)C)cc2-c2ccc(Cl)c(C)c2)cc1,Ki,'=',5.4,nM,8.26760624
CHEMBL2381790,476.06,Cc1ccc(Cn2nc(C(=O)NC3C4(C)CCC(C4)C3(C)C)cc2-c2ccc(Cl)c(C)c2)cc1,Ki,'=',5.4,nM,8.26760624
CHEMBL3416128,621.1,CCCC1(CNS(=O)(=O)C(F)(F)F)CCN(S(=O)(=O)c2ccc(Cl)cc2S(=O)(=O)c2ccccc2F)CC1,Ki,'=',5.4,nM,8.26760624
CHEMBL2087101,420.35,CCCCCn1cc(C(=O)c2cccc3cccc(Br)c23)c2ccccc21,Ki,'=',5.4,nM,8.26760624
CHEMBL2381793,476.06,Cc1ccc(Cn2nc(C(=O)NC3C4(C)CCC(C4)C3(C)C)cc2-c2ccc(Cl)c(C)c2)cc1,Ki,'=',5.4,nM,8.26760624
CHEMBL4644130,424.57,CCN(CC)c1ccc(CN(c2ccccc2)S(=O)(=O)c2ccc(OC)cc2)cc1,Ki,'=',5.4,nM,8.26760624
CHEMBL2381803,476.06,Cc1ccc(Cn2nc(C(=O)NC3C4(C)CCC(C4)C3(C)C)cc2-c2ccc(Cl)c(C)c2)cc1,Ki,'=',5.4,nM,8.26760624
CHEMBL204433,467.51,CCCCn1/c(=N/C(=O)c2cc(C(F)(F)F)ccc2OCC(C)(C)O)sc2ccncc21,Ki,'=',5.4,nM,8.26760624
CHEMBL3421696,476.06,Cc1ccc(Cn2nc(C(=O)NC3C4(C)CCC(C4)C3(C)C)cc2-c2ccc(Cl)c(C)c2)cc1,Ki,'=',5.4,nM,8.26760624
CHEMBL2163940,422.59,CCN(CC)c1ccc(CN(c2ccc(C)cc2)S(=O)(=O)c2ccc(C)cc2)cc1,Ki,'=',5.4,nM,8.26760624
CHEMBL2381807,400.49,COCCn1cc(C(=O)N[C@@H]2C(C)(C)C3CC[C@]2(C)C3)c(=O)c2ccc(F)cc21,Ki,'=',5.5,nM,8.259637311
CHEMBL4206580,393.46,Cc1ccc2c(=O)c(C(=O)NC3CCCCC3)cn(Cc3ccc(F)cc3)c2n1,Ki,'=',5.5,nM,8.259637311
CHEMBL1641947,579.01,O=S(=O)(c1ccccc1F)c1cc(Cl)ccc1S(=O)(=O)N1CCC(CNS(=O)(=O)C(F)(F)F)CC1,Ki,'=',5.5,nM,8.259637311
CHEMBL4649714,408.57,CCN(CC)c1ccc(CN(c2ccccc2)S(=O)(=O)c2ccc(C)cc2)cc1,Ki,'=',5.5,nM,8.259637311
CHEMBL2316297,525.62,CC(C)(C)c1cn(C[C@H]2CCCO2)/c(=N/C(=O)c2cc(C(F)(F)F)ccc2OCc2nccs2)s1,Ki,'=',5.5,nM,8.259637311
CHEMBL512343,394.56,CC1(C)Oc2cc(C34CC5CC(CC(C5)C3)C4)cc(O)c2[C@@H]2C[C@H](C=O)CC[C@H]21,Ki,'=',5.5,nM,8.259637311
CHEMBL497325,350.55,CCCCCCC1(c2ccc(-c3cc(C)cc(C)c3)c(O)c2)CCCC1,Ki,'=',5.5,nM,8.259637311
CHEMBL5437134,426.56,CCN(CC)c1ccc(CN(c2ccc(C)cc2)S(=O)(=O)c2ccc(F)cc2)cc1,Ki,'=',5.598,nM,8.251967106
CHEMBL2380428,418.56,Cc1ccc(C(=O)NC2C3CC4CC(C3)CC2C4)cc1S(=O)(=O)N1CCOCC1,Ki,'=',5.6,nM,8.251811973
CHEMBL5782458,326.44,COC(=O)CCC(C)(C)c1ccc(-c2cc(C)cc(C)c2)c(O)c1,Ki,'=',5.6,nM,8.251811973
CHEMBL570907,476.06,Cc1ccc(Cn2nc(C(=O)N[C@@H]3C(C)(C)[C@@H]4CC[C@@]3(C)C4)cc2-c2ccc(Cl)c(C)c2)cc1,Ki,'=',5.6,nM,8.251811973
CHEMBL3410834,513.48,CCOc1ccc(Cc2nc3cc(C(=O)N(CC(F)(F)F)CC(F)(F)F)ccc3n2CC2CC2)cc1,Ki,'=',5.6,nM,8.251811973
CHEMBL1215917,386.46,C#Cc1ccccc1Cn1nnc2c(N3CCC4(C3)N=N4)nc(C(C)(C)C)nc21,Ki,'=',5.6,nM,8.251811973
CHEMBL3650079,426.56,CCN(CC)c1ccc(CN(c2ccc(C)cc2)S(=O)(=O)c2ccc(F)cc2)cc1,Ki,'=',5.6,nM,8.251811973
CHEMBL453842,266.34,C=CCc1ccc(O)c(-c2ccc(O)c(CC=C)c2)c1,Ki,'=',5.61,nM,8.251037139
CHEMBL592895,367.49,C1=C(CCN2CCOCC2)c2ccccc2/C1=C/c1cccc2ccccc12,Ki,'=',5.62,nM,8.250263684
CHEMBL474692,422.5,O=C(c1c(NC(=O)C23CC4CC(CC2C4)C3)sc2c1CCOC2)N1CC(F)(F)C1,Ki,'=',5.623,nM,8.250031916
CHEMBL398145,379.31,CC(C)(c1cc(O)c(-c2cc(Cl)cc(Cl)c2)c(O)c1)c1cccs1,Ki,'=',5.69,nM,8.244887734
CHEMBL570659,405.33,CCC(C)(C)NC(=O)c1nn(-c2ccc(Cl)cc2Cl)c(-n2cccc2)c1C,Ki,'=',5.7,nM,8.244125144
CHEMBL471671,467.4,Cc1c(C(=O)NC(C)c2ccccc2)nn(-c2ccc(Cl)c(Cl)c2)c1-n1c(C)ccc1C,Ki,'=',5.7,nM,8.244125144
CHEMBL475611,420.56,CCOc1ccc(Cc2nc3cc(N(C)C(=O)NC(C)C)ccc3n2CC2CC2)cc1,Ki,'=',5.7,nM,8.244125144
CHEMBL3234671,419.5,C[C@H]1CC[C@@H](NC(=O)c2cc(-c3ccccc3)nn(Cc3ccc(F)cc3)c2=O)CC1,Ki,'=',5.7,nM,8.244125144
CHEMBL3353833,412.48,Cc1c(C(C)(C)C)s/c(=N\C(=O)c2ccc(OC(F)(F)F)cc2)n1CC1CC1,Ki,'=',5.7,nM,8.244125144
CHEMBL3686315,432.54,Cc1c(-c2ccccc2)cc(C(=O)NC2CCCCCC2)c(=O)n1Cc1ccc(F)cc1,Ki,'=',5.7,nM,8.244125144
CHEMBL250565,380.54,Cc1ccc(-c2nc(C(C)(C)C)cs2)cc1S(=O)(=O)N1CCOCC1,Ki,'=',5.7,nM,8.244125144
CHEMBL472121,407.51,CCCOc1cccc2c(C(=O)c3ccc(OC)cc3)cn(CC3CCOCC3)c12,Ki,'=',5.7,nM,8.244125144
CHEMBL256754,374.43,Cc1c(F)cc(C(=O)NC2CCCCCC2)c(=O)n1Cc1ccc(F)cc1,Ki,'=',5.7,nM,8.244125144
CHEMBL68288,475.08,Cc1ccc(Cn2cc(C(=O)N[C@@H]3C(C)(C)C4CC[C@@]3(C)C4)cc2-c2ccc(Cl)c(C)c2)cc1,Ki,'=',5.7,nM,8.244125144
CHEMBL5802470,400.52,C=CCn1cc(C(=O)NC23CC4CC(CC(C4)C2)C3)c2cc(-c3ccco3)ccc21,Ki,'=',5.73,nM,8.241845378
CHEMBL400399,422.59,CCN(CC)c1ccc(CN(c2ccc(C)cc2)S(=O)(=O)c2cccc(C)c2)cc1,Ki,'=',5.794,nM,8.237021509
CHEMBL3422792,368.5,CSC(=O)N1CC2(CCCCC2)CO/C1=N\c1cccc2ccccc12,Ki,'=',5.8,nM,8.236572006
CHEMBL2316298,338.5,CC1(C)C(C(=O)c2cn(CCN3CCCC3)c3ccccc23)C1(C)C,Ki,'=',5.8,nM,8.236572006
CHEMBL3613118,375.47,C[C@H]1CC[C@@H](NC(=O)c2cc3cccnc3n(Cc3ccccc3)c2=O)CC1,Ki,'=',5.8,nM,8.236572006
CHEMBL2087103,525.35,O=C(CCc1nc(-c2ccc(F)cc2Br)no1)Nc1ccc2c(c1)c1ccccc1n2CCF,Ki,'=',5.8,nM,8.236572006
CHEMBL2348466,423.05,CSC(=S)N1CC2(CCCCC2)CO/C1=N\c1ccc(Cl)c2c1CCCC2,Ki,'=',5.8,nM,8.236572006
CHEMBL2179724,422.59,CCN(CC)c1ccc(CN(c2ccc(C)cc2)S(=O)(=O)c2cccc(C)c2)cc1,Ki,'=',5.8,nM,8.236572006
CHEMBL4218304,449.43,CC1(C)Oc2cc(C3(CCCCCBr)CCC3)cc(O)c2[C@@H]2CC(=O)CC[C@H]21,Ki,'=',5.88,nM,8.230622674
CHEMBL3775267,379.5,O=C(c1cn(CC2CCOCC2)c2ccccc12)C12CC3CC(CC(C3)O1)C2,Ki,'=',5.888,nM,8.230032199
CHEMBL2316296,338.5,CC1(C)C(C(=O)c2cn(CCN3CCCC3)c3ccccc23)C1(C)C,Ki,'=',5.888,nM,8.230032199
CHEMBL5762305,434.58,CCOc1ccc(Cc2nc3cc(N(C)C(=O)N(CC)CC)ccc3n2CC2CC2)cc1,Ki,'=',5.9,nM,8.229147988
CHEMBL5186682,379.5,O=C(c1cn(CC2CCOCC2)c2ccccc12)C12CC3CC(CC(C3)O1)C2,Ki,'=',5.9,nM,8.229147988
CHEMBL3397520,497.56,Cn1c(C(C)(C)C)c/c(=N\C(=O)c2cc(C(F)(F)F)ccc2OCC(C)(C)O)n1C[C@H]1CCCO1,Ki,'=',5.9,nM,8.229147988
CHEMBL2316274,356.44,Cc1ccn(Cc2ccc(F)cc2)c(=O)c1C(=O)NC1CCCCCC1,Ki,'=',5.9,nM,8.229147988
CHEMBL524884,361.51,CCc1sc(NC(=O)C23CC4CC(CC(C4)C2)C3)c(C(=O)OC)c1C,Ki,'=',5.92,nM,8.227678293
CHEMBL2381780,553.68,COc1ccc(S(=O)(=O)c2cc(OC)ccc2S(=O)(=O)c2ccc(C(C)(C)NS(C)(=O)=O)cc2)cc1,Ki,'=',6,nM,8.22184875
CHEMBL2087107,400.64,CSC(=S)N1CC2(CCCCC2)CS/C1=N\c1cccc2ccccc12,Ki,'=',6,nM,8.22184875
CHEMBL238082,548.49,C[C@H](NS(C)(=O)=O)c1ccc(S(=O)(=O)c2ccc(Cl)cc2S(=O)(=O)c2ccccc2Cl)cc1,Ki,'=',6,nM,8.22184875
CHEMBL5739617,434.57,CSC(=S)N1CC2(CCCCC2)CS/C1=N\c1ccc(OC(F)(F)F)cc1,Ki,'=',6,nM,8.22184875
CHEMBL3234681,400.64,CSC(=S)N1CC2(CCCCC2)CS/C1=N\c1cccc2ccccc12,Ki,'=',6,nM,8.22184875
CHEMBL2087093,374.44,CC(C)(C)[C@H](NC(=O)n1c(=O)n(CC2CCCO2)c2ccccc21)C(N)=O,Ki,'=',6,nM,8.22184875
CHEMBL1223716,518.6,CC(C)(C)c1cn(C[C@H]2CCCO2)/c(=N/C(=O)c2cc(C(F)(F)F)ccc2OCc2ccccc2)s1,Ki,'=',6,nM,8.22184875
CHEMBL1259018,324.46,CCCC(C)(C)c1cc(O)c2c(c1)OC(C)(C)c1ccc(C)cc1-2,Ki,'=',6,nM,8.22184875
CHEMBL575395,520.5,CC1(C)C2CC[C@@](C)(C2)C1NC(=O)c1nn(-c2ccc(Cl)cc2Cl)c2c1Cc1cc(C3CC3)ccc1-2,Ki,'=',6,nM,8.22184875
CHEMBL577165,458.6,CC(C)(NC(=O)c1cc2c(n(CC3CCCCC3)c1=O)CCCCCC2)C(=O)NCC(N)=O,Ki,'=',6,nM,8.22184875
CHEMBL267227,362.45,COc1cc(Nc2ccc(S(=O)(=O)NCC3CC3)cc2)cc(OC)c1,Ki,'=',6,nM,8.22184875
CHEMBL2348280,454.48,CC(C)(C)c1nc(N2CCC(F)(F)C2)c2nnn(Cc3ccccc3S(=O)(=O)F)c2n1,Ki,'=',6,nM,8.22184875
CHEMBL393188,414.63,CCCCCCC(C)(C)c1cc(OC)c(C2=C[C@H]3CC[C@]2(CO)C3(C)C)c(OC)c1,Ki,'=',6,nM,8.22184875
CHEMBL5947465,508.66,CC(C)(C)c1nc(N2CCC(F)(F)C2)c2nnn(Cc3ccccc3CCSSCCO)c2n1,Ki,'=',6,nM,8.22184875
CHEMBL603736,371.52,CCCC(C)O/N=C(/C)c1cc(O)c2c(c1)OC(C)(C)[C@H]1CC=C(C)C[C@H]21,Ki,'=',6.1,nM,8.214670165
CHEMBL575382,327.43,CCCn1cc(C(=O)c2ccc(C)c3ccccc23)c2ccccc21,Ki,'=',6.1,nM,8.214670165
CHEMBL419282,327.43,CCCn1cc(C(=O)c2ccc(C)c3ccccc23)c2ccccc21,Ki,'=',6.1,nM,8.214670165
CHEMBL420939,515.56,CCCCn1nc(C(C)(C)C)s/c1=N/C(=O)c1cc(C(F)(F)F)ccc1O/N=C(\CC)C(=O)ON,Ki,'=',6.1,nM,8.214670165
CHEMBL471992,362.52,CCc1c(C(=O)NC23CC4CC(CC(C4)C2)C3)cc(C)n1-c1ccccc1,Ki,'=',6.15,nM,8.211124884
CHEMBL519592,470.65,O=C(NC1(C(=O)O)CCCCCCC1)c1cc2c(n(CC3CCCCC3)c1=O)CCCCCC2,Ki,'=',6.194,nM,8.208028799
CHEMBL3686321,432.5,Cn1cc2c(n1)c(O)c(C(=O)NC13CC4CC(CC(O)(C4)C1)C3)c(=O)n2CCCCF,Ki,'=',6.2,nM,8.207608311
CHEMBL4437741,421.54,CC1=CC[C@H]2[C@H](C1)c1c(O)cc(/C(C)=N/OCCOc3ccccc3)cc1OC2(C)C,Ki,'=',6.2,nM,8.207608311
CHEMBL3650105,490.57,CC(C)(C)NOc1ccc(C(F)(F)F)cc1C(=O)/N=c1\sc(C(C)(C)C)nn1CCCCF,Ki,'=',6.2,nM,8.207608311
CHEMBL3650131,470.65,O=C(NC1(C(=O)O)CCCCCCC1)c1cc2c(n(CC3CCCCC3)c1=O)CCCCCC2,Ki,'=',6.2,nM,8.207608311
CHEMBL3964915,388.5,CCCCOC(=O)C(C)(C)c1cc(O)c2c(c1)OC(C)(C)[C@@H]1CCC(=O)C[C@@H]21,Ki,'=',6.2,nM,8.207608311
CHEMBL2316282,469.58,CCCCn1nc(C(C)(C)C)s/c1=N\C(=O)c1cc(C(F)(F)F)ccc1/N=N/C(C)(C)C,Ki,'=',6.2,nM,8.207608311
CHEMBL2381810,470.65,O=C(NC1(C(=O)O)CCCCCCC1)c1cc2c(n(CC3CCCCC3)c1=O)CCCCCC2,Ki,'=',6.2,nM,8.207608311
CHEMBL471123,493.05,CCCCCn1cc(C(=O)NC23CC4CC(CC(C4)C2)C3)c(=O)n2nc(-c3ccccc3Cl)cc12,Ki,'=',6.21,nM,8.2069084
CHEMBL4863350,464.64,CCCCCn1cc(C(=O)NC23CC4CC(CC(C4)C2)C3)c(=O)n2nc(-c3cccs3)cc12,Ki,'=',6.24,nM,8.20481541
CHEMBL2326285,434.62,CCCCCn1cc(C(=O)NC23CC4CC(CC(C4)C2)C3)c(=O)c2cc(C(C)C)ccc21,Ki,'=',6.3,nM,8.200659451
CHEMBL2087100,394.63,CCOc1ccccc1/N=C1\SCC2(CCCCC2)CN1C(=S)SC,Ki,'=',6.3,nM,8.200659451
CHEMBL604120,372.51,CCCCOC(=O)[C@@H](C)c1cc(O)c2c(c1)OC(C)(C)[C@@H]1CC=C(C)C[C@@H]21,Ki,'=',6.3,nM,8.200659451
CHEMBL2381804,434.62,CCCCCn1cc(C(=O)NC23CC4CC(CC(C4)C2)C3)c(=O)c2cc(C(C)C)ccc21,Ki,'=',6.3,nM,8.200659451
CHEMBL4444725,434.62,CCCCCn1cc(C(=O)NC23CC4CC(CC(C4)C2)C3)c(=O)c2cc(C(C)C)ccc21,Ki,'=',6.3,nM,8.200659451
CHEMBL4213566,429.59,CCS(=O)(=O)n1c2c(c3cc(C(=O)N4CCC(C)CC4)ccc31)CN(CC1CC1)C2,Ki,'=',6.3,nM,8.200659451
CHEMBL5928785,393.58,CCCCCC1=NN(C(=O)NC2C3CC4CC(C3)CC2C4)CC1c1ccccc1,Ki,'=',6.3,nM,8.200659451
CHEMBL2112287,446.61,Cc1ccc(C(=O)NC(C)C23CC4CC(CC(C4)C2)C3)cc1S(=O)(=O)N1CCOCC1,Ki,'=',6.3,nM,8.200659451
CHEMBL229872,417.9,CN(CC(N)=O)Cc1nc(-c2cn(CC3CCOCC3)c3c(Cl)cccc23)no1,Ki,'=',6.31,nM,8.199970641
CHEMBL567731,372.55,CCCCCCC(C)(C)c1cc(O)c2c(c1)OC(C)(C)C1CCC(=O)CC21,Ki,'=',6.31,nM,8.199970641
CHEMBL3686291,455,CCCCCn1cc(C(=O)NC2CCCCCC2)c(=O)n2nc(-c3ccc(Cl)cc3)cc12,Ki,'=',6.31,nM,8.199970641
CHEMBL3092908,446.66,CCCCCn1cc(C(=O)NC23CC4CC(CC(C4)C2)C3)c2cc(-c3cccs3)ccc21,Ki,'=',6.37,nM,8.195860568
CHEMBL4098746,374.48,O=C(NC1CCCCCC1)c1cn(Cc2ccccc2)c2ccccc2c1=O,Ki,'=',6.4,nM,8.193820026
CHEMBL225506,415.56,C=CCN1Cc2c(n(S(=O)(=O)CC)c3ccc(C(=O)N4CCC(C)CC4)cc23)C1,Ki,'=',6.4,nM,8.193820026
CHEMBL2206851,367.49,CCCCCn1cc(C(=O)c2cccc3ccccc23)cc1-c1ccccc1,Ki,'=',6.4,nM,8.193820026
CHEMBL198616,384.56,CCCCCn1cc(C(=O)NC(C)C23CC4CC(CC(C4)C2)C3)c(=O)cc1C,Ki,'=',6.4,nM,8.193820026
CHEMBL256752,316.41,CCCCn1nc(C(=O)N[C@H](C(N)=O)C(C)C)c2ccccc21,Ki,'=',6.457,nM,8.189969214
CHEMBL5774934,342.48,CCCCC1(c2cc(O)c3cc(CCC)c(=O)oc3c2)CCCCC1,Ki,'=',6.457,nM,8.189969214
CHEMBL3416124,316.41,CCCCn1nc(C(=O)N[C@H](C(N)=O)C(C)C)c2ccccc21,Ki,'=',6.46,nM,8.189767482
CHEMBL1641957,395.52,COC(=O)c1cc(-c2ccccc2)sc1NC(=O)C12CC3CC(CC(C3)C1)C2,Ki,'=',6.48,nM,8.188424994
CHEMBL2163930,425.62,CCCCCn1c(C)c(C(=O)c2ccc(CCCC)c3ccc(C)cc23)c2ccccc21,Ki,'=',6.5,nM,8.187086643
CHEMBL1224631,342.48,CCCCC1(c2cc(O)c3cc(CCC)c(=O)oc3c2)CCCCC1,Ki,'=',6.5,nM,8.187086643
CHEMBL3889602,404.55,CCCCOC(=O)C(C)(C)c1cc(O)c2c(c1)OC(C)(C)[C@@H]1CC[C@@H](CO)C[C@H]21,Ki,'=',6.5,nM,8.187086643
CHEMBL2152826,596.86,CC1(C)C2CC[C@](C)(C2)[C@@H]1NC(=O)c1cn(CCCCSc2ccccc2)c2cc(Sc3ccccc3)ccc2c1=O,Ki,'=',6.5,nM,8.187086643
CHEMBL264521,483.61,CCCCCn1cc(-c2nnc(C34CC5CC(CC(C5)C3)C4)o2)c(=O)c2cc(-c3ccco3)ccc21,Ki,'=',6.5,nM,8.187086643
CHEMBL2170526,348.6,CCCCCC[Si](C)(C)c1cc(O)c(C2CCCCCC2)c(O)c1,Ki,'=',6.53,nM,8.185086819
CHEMBL1641946,410.52,CCCCCn1cc(C(=O)NC2CCCCCC2)c(=O)n2nc(-c3ccco3)cc12,Ki,'=',6.57,nM,8.18243463
CHEMBL4517991,460.66,CCCCCn1cc(C(=O)NCC23CC4CC(C)(CC(C)(C4)C2)C3)c(=O)cc1-c1ccccc1,Ki,'=',6.6,nM,8.180456064
CHEMBL3914728,462.41,Cc1cc(NC(=O)C(C)(C(F)(F)F)C(F)(F)F)cc(S(=O)(=O)N2CCOCC2)c1C,Ki,'=',6.6,nM,8.180456064
CHEMBL471367,418.38,CC1(C)C(C(=O)c2cn(CC3CCOCC3)c3ccc(Br)cc23)C1(C)C,Ki,'=',6.6,nM,8.180456064
CHEMBL3114344,324.51,CCCCCCC(C)(C)c1ccc(-c2cc(C)ccc2C)c(O)c1,Ki,'=',6.6,nM,8.180456064
CHEMBL4846991,439.3,CCCn1cc(C(=O)c2ccc(I)c3ccccc23)c2ccccc21,Ki,'=',6.6,nM,8.180456064
CHEMBL3092897,427.64,CSC(=S)N1CC2(CCCCC2)CO/C1=N\c1ccc(N(C)C)c2ccccc12,Ki,'=',6.6,nM,8.180456064
CHEMBL604307,418.38,CC1(C)C(C(=O)c2cn(CC3CCOCC3)c3ccc(Br)cc23)C1(C)C,Ki,'=',6.607,nM,8.179995693
CHEMBL306764,418.38,CC1(C)C(C(=O)c2cn(CC3CCOCC3)c3ccc(Br)cc23)C1(C)C,Ki,'=',6.607,nM,8.179995693
CHEMBL1338358,442.6,O=C(NC1(C(=O)O)CCCCC1)c1cc2c(n(CC3CCCCC3)c1=O)CCCCCC2,Ki,'=',6.699,nM,8.173990022
CHEMBL453472,471.59,CCCCn1cc(C(C)(C)C)s/c1=N\C(=O)c1cc(C(F)(F)F)ccc1ONC(C)(C)C,Ki,'=',6.7,nM,8.173925197
CHEMBL599878,498.45,C[C@H](NS(C)(=O)=O)c1ccc(Cc2ccc(Cl)cc2S(=O)(=O)c2ccc(Cl)cc2)cc1,Ki,'=',6.7,nM,8.173925197
CHEMBL514490,442.6,O=C(NC1(C(=O)O)CCCCC1)c1cc2c(n(CC3CCCCC3)c1=O)CCCCCC2,Ki,'=',6.7,nM,8.173925197
CHEMBL2348277,368.47,CCCCCCC(C)(C)c1cc(O)c2c(c1)oc(=O)c1ccc(OC)cc12,Ki,'=',6.7,nM,8.173925197
CHEMBL2326288,442.6,O=C(NC1(C(=O)O)CCCCC1)c1cc2c(n(CC3CCCCC3)c1=O)CCCCCC2,Ki,'=',6.7,nM,8.173925197
CHEMBL2348472,431.66,CCCCCc1cc(OCC)cc(OCCCCCCCCCCC(=O)NC2CC2)c1,Ki,'=',6.7,nM,8.173925197
CHEMBL1950330,422.53,CCC1COc2c(OC)ccc3c(=O)c(C(=O)NC45CC6CC(CC(C6)C4)C5)cn1c23,Ki,'=',6.78,nM,8.168770306
CHEMBL5281620,473.62,CCCCCn1cc(C(=O)NC23CC4CC(CC(C4)C2)C3)c(=O)n2nc(-c3ccc(C)cc3)nc12,Ki,'=',6.8,nM,8.167491087
CHEMBL233637,376.51,CSC(=S)N1CC2(CCCCC2)CO/C1=N\c1cccc2nonc12,Ki,'=',6.8,nM,8.167491087
CHEMBL3410828,371.61,CCCCC/C=C\[C@H](C)/C=C\C/C=C\C/C=C\CCCC(=O)NC1CCC1,Ki,'=',6.8,nM,8.167491087
CHEMBL72374,417.63,C=CCNC(=O)CCCCCCCCCCOc1cc(CCCCC)cc(OC)c1,Ki,'=',6.8,nM,8.167491087
CHEMBL2336540,447.36,COc1ccc2c(c1)c(CCN1CCOCC1)c(C)n2C(=O)c1cccc(Cl)c1Cl,Ki,'=',6.9,nM,8.161150909
CHEMBL454864,392.5,CCC1COc2cccc3c(=O)c(C(=O)NC45CC6CC(CC(C6)C4)C5)cn1c23,Ki,'=',6.9,nM,8.161150909
CHEMBL236333,370.54,CCC(C)(C)C(=O)Nc1cc(C)c(C)c(S(=O)(=O)N2CCSC2)c1,Ki,'=',6.9,nM,8.161150909
CHEMBL3686299,432.54,Cc1c(-c2ccccc2)cn(Cc2ccc(F)cc2)c(=O)c1C(=O)NC1CCCCCC1,Ki,'=',6.9,nM,8.161150909
CHEMBL274833,342.52,CCCCCCCc1cc(O)c2c(c1)OC(C)(C)[C@@H]1CCC(C)=C[C@@H]21,Ki,'=',6.9,nM,8.161150909
CHEMBL2336537,417.55,CCOc1ccc(Cc2nc3cc(C(=O)N4CCCCC4)ccc3n2CC2CC2)cc1,Ki,'=',6.9,nM,8.161150909
CHEMBL5088686,408.5,CCCCCOc1c(OC)ccc2cc(C(=O)NCCc3ccccc3)c(=O)[nH]c12,Ki,'=',6.92,nM,8.159893906
CHEMBL2170548,374.55,CCCCCn1cc(C(=O)NC2CCCCCC2)c(=O)c2c(C)csc21,Ki,'=',6.95,nM,8.158015195
CHEMBL2163951,453.48,CCn1c2ccccc2c2cc(NC(=O)CCc3nc(-c4ccc(F)cc4C#N)no3)ccc21,Ki,'=',6.98,nM,8.156144577
CHEMBL1641940,392.66,CCCc1ccc(/N=C2\SCC3(CCCCC3)CN2C(=S)SC)cc1,Ki,'=',7,nM,8.15490196
CHEMBL498297,593.04,C[C@H]1CN(S(=O)(=O)c2ccc(Cl)cc2S(=O)(=O)c2ccccc2F)CC[C@@H]1CNS(=O)(=O)C(F)(F)F,Ki,'=',7,nM,8.15490196
CHEMBL4641494,345.49,CCC1(C(=O)Nc2cc(CN3CCOCC3)c(C)cn2)CCCCC1,Ki,'=',7,nM,8.15490196
CHEMBL1631294,420.51,O=C(N[C@@H]1CCCc2ccccc21)n1c(=O)n(CCN2CCOCC2)c2ccccc21,Ki,'=',7,nM,8.15490196
CHEMBL2152821,503.34,CN1CCCCC1Cn1cc(C(=O)c2cc([N+](=O)[O-])ccc2I)c2ccccc21,Ki,'=',7,nM,8.15490196
CHEMBL5421995,443.61,CCS(=O)(=O)n1c2c(c3cc(C(=O)N4CCC(C)CC4)ccc31)CN(C1CCCC1)C2,Ki,'=',7,nM,8.15490196
CHEMBL1224629,339.87,CCCCCn1cc(C(=O)Cc2ccccc2Cl)c2ccccc21,Ki,'=',7,nM,8.15490196
CHEMBL1814467,435.34,Cc1c(Br)cc(C(=O)NC2CCCCCC2)c(=O)n1Cc1ccc(F)cc1,Ki,'=',7,nM,8.15490196
CHEMBL216836,396.57,CCCC/C=C\C1(c2cc(O)c3c(c2)OC(C)(C)[C@@H]2CCC(=O)C[C@@H]32)CCCC1,Ki,'=',7.02,nM,8.153662888
CHEMBL3686282,393.58,CCCCCN1N=C(C(=O)NC2C3CC4CC(C3)CC2C4)CC1c1ccccc1,Ki,'=',7.1,nM,8.148741651
CHEMBL4469545,437.37,CC1=CC[C@@H]2[C@@H](C1)c1c(O)cc(CC(=O)OCCCCBr)cc1OC2(C)C,Ki,'=',7.1,nM,8.148741651
CHEMBL3639461,381.52,CCCCCCn1cc(C(=O)c2cccc3ccccc23)cc1-c1ccccc1,Ki,'=',7.1,nM,8.148741651
CHEMBL495881,437.37,CC1=CC[C@@H]2[C@@H](C1)c1c(O)cc(CC(=O)OCCCCBr)cc1OC2(C)C,Ki,'=',7.1,nM,8.148741651
CHEMBL522527,361.51,CCCc1cc(C(=O)OC)c(NC(=O)C23CC4CC(CC(C4)C2)C3)s1,Ki,'=',7.21,nM,8.142064735
CHEMBL1223650,400.57,CCCCCn1cc(C(=O)NC2CCCCCC2)c(=O)n2nc(C(C)(C)C)cc12,Ki,'=',7.22,nM,8.141462802
CHEMBL471558,358.6,C=C(C)[C@@H]1CCC(C)=C[C@H]1c1c(O)cc([Si](C)(C)CCCC)cc1O,Ki,'=',7.25,nM,8.139661993
CHEMBL3647329,383.44,CCCCCOc1c(OC)ccc2c1C(=O)N(CCc1ccc(O)cc1)C2=O,Ki,'=',7.295,nM,8.136974704
CHEMBL3650114,474.69,CCCCCn1cc(C(=O)NC23CC4CC(CC(C4)C2)C3)c(=O)c2cc(C3CCCCC3)ccc21,Ki,'=',7.3,nM,8.13667714
CHEMBL2381779,474.69,CCCCCn1cc(C(=O)NC23CC4CC(CC(C4)C2)C3)c(=O)c2cc(C3CCCCC3)ccc21,Ki,'=',7.3,nM,8.13667714
CHEMBL1259001,494.66,CC(C)(NC(=O)c1cc2c(n(CC3CCCCC3)c1=O)CCCCCC2)C(=O)NNS(C)(=O)=O,Ki,'=',7.3,nM,8.13667714
CHEMBL2170546,370.47,CCn1cc(C(=O)N[C@@H]2C(C)(C)C3CC[C@]2(C)C3)c(=O)c2ccc(F)cc21,Ki,'=',7.3,nM,8.13667714
CHEMBL2152808,383.44,CCCCCOc1c(OC)ccc2c1C(=O)N(CCc1ccc(O)cc1)C2=O,Ki,'=',7.3,nM,8.13667714
CHEMBL2152807,386.58,CCCCCCC(C)(C)c1cc(O)c2c(c1)OC(C)(C)[C@@H]1CC=C(CO)C[C@@H]21,Ki,'=',7.3,nM,8.13667714
CHEMBL2420249,410.49,CCC1COc2c(F)ccc3c(=O)c(C(=O)NC45CC6CC(CC(C6)C4)C5)cn1c23,Ki,'=',7.34,nM,8.13430394
CHEMBL2163941,417.63,C=CCNC(=O)CCCCCCCOc1cc(O)cc(C(C)(C)CCCCCC)c1,Ki,'=',7.36,nM,8.133122186
CHEMBL3781953,395.59,CCCCCC1=NN(C(=O)N[C@H]2C[C@H]3CC[C@]2(C)C3(C)C)CC1c1ccccc1,Ki,'=',7.4,nM,8.13076828
CHEMBL2029729,330.47,CCCCCc1cc(O)c2c(c1)OC(C)(C)[C@@H]1CC=C(CO)CC21,Ki,'=',7.4,nM,8.13076828
CHEMBL4855206,501.57,CC(C)(C)c1cn(C[C@@H]2CCCO2)/c(=N/C(=O)c2cc(C(F)(F)F)ccc2OC[C@H](N)CO)s1,Ki,'=',7.4,nM,8.13076828
CHEMBL372544,480.55,CC(C)Cn1cc(C(C)(C)C)s/c1=N\C(=O)c1cc(C(F)(F)F)ccc1OCc1ccco1,Ki,'=',7.4,nM,8.13076828
CHEMBL2163931,511.61,CN1CC[C@H]1COc1ccc(C(F)(F)F)cc1C(=O)/N=c1\sc(C(C)(C)C)cn1C[C@H]1CCCO1,Ki,'=',7.4,nM,8.13076828
CHEMBL1909850,386.65,CCCCCC[Si](C)(C)c1cc(O)c2c(c1)OC(C)(C)[C@@H]1CCC(C)=C[C@@H]21,Ki,'=',7.41,nM,8.130181792
CHEMBL3092906,414.51,CC1CCC(NC(=O)c2c(O)c3cccnc3n(CCN3CCOCC3)c2=O)CC1,Ki,'=',7.44,nM,8.128427064
CHEMBL584738,390.57,CC1=CC[C@@H]2[C@@H](C1)c1c(O)cc(C(C)(C)c3cc(C)cc(C)c3)cc1OC2(C)C,Ki,'=',7.45,nM,8.127843727
CHEMBL2017678,590.6,C[C@@H](NS(=O)(=O)C(F)(F)F)c1ccc(S(=O)(=O)c2cc3ccccc3n2S(=O)(=O)c2ccccc2F)cc1,Ki,'=',7.5,nM,8.124938737
CHEMBL199029,419.55,N#C/C(=C\c1cn(CCN2CCCCC2)c2ccccc12)S(=O)(=O)c1ccccc1,Ki,'=',7.5,nM,8.124938737
CHEMBL391380,378.52,CCCCCn1c2ccc(C(=O)N3CCCCC3)cc2c2ccc(OC)cc21,Ki,'=',7.5,nM,8.124938737
CHEMBL1668511,440.37,Cc1ccc2c(c1)Cc1c(C(=O)NC3CCCCC3)nn(-c3ccc(Cl)cc3Cl)c1-2,Ki,'=',7.586,nM,8.119987162
CHEMBL3650084,419.55,N#C/C(=C\c1cn(CCN2CCCCC2)c2ccccc12)S(=O)(=O)c1ccccc1,Ki,'=',7.586,nM,8.119987162
CHEMBL3650122,348.49,Cc1cc(C(=O)NC23CC4CC(CC(C4)C2)C3)c(C)n1-c1ccccc1,Ki,'=',7.59,nM,8.119758224
CHEMBL2019086,597.01,O=S(=O)(c1ccccc1F)c1cc(Cl)ccc1S(=O)(=O)N1CCC(F)(CNS(=O)(=O)C(F)(F)F)CC1,Ki,'=',7.6,nM,8.119186408
CHEMBL576855,466.03,Cc1ccc(-c2cc(C(=O)NC34CC5CC(CC(C5)C3)C4)c(=O)n(C3CCCC3)n2)cc1Cl,Ki,'=',7.6,nM,8.119186408
CHEMBL3650102,405.54,CCCN(C)C(=O)c1ccc2c(c1)nc(Cc1ccc(OCC)cc1)n2CC1CC1,Ki,'=',7.6,nM,8.119186408
CHEMBL1668520,339.48,CCCCCCn1nc2c3ccccc3n(CCCCC)cc-2c1=O,Ki,'=',7.7,nM,8.113509275
CHEMBL512906,452.6,CC1=CC[C@@H]2[C@@H](C1)c1c(O)cc(C(C)(C)C(=O)OCCCCn3ccnc3)cc1OC2(C)C,Ki,'=',7.7,nM,8.113509275
CHEMBL1270083,437.37,CC1=CC[C@@H]2[C@@H](C1)c1c(O)cc(C(C)(C)C(=O)OCCBr)cc1OC2(C)C,Ki,'=',7.7,nM,8.113509275
CHEMBL2022360,356.51,CCCCCCC(C)(C)c1ccc(-c2cccc(OC)c2OC)c(O)c1,Ki,'=',7.8,nM,8.107905397
CHEMBL1215916,375.47,CC1CCC(NC(=O)c2cc3cccnc3n(Cc3ccccc3)c2=O)CC1,Ki,'=',7.8,nM,8.107905397
CHEMBL3647317,342.41,O=C(NC1CCCCCC1)c1cccn(Cc2ccc(F)cc2)c1=O,Ki,'=',7.8,nM,8.107905397
CHEMBL74415,408.58,CC1(C)Oc2cc(C34CC5CC(CC(C5)C3)C4)cc(O)c2[C@@H]2C[C@@H](CC=O)CC[C@H]21,Ki,'=',7.8,nM,8.107905397
CHEMBL374937,342.41,O=C(NC1CCCCCC1)c1cccn(Cc2ccc(F)cc2)c1=O,Ki,'=',7.8,nM,8.107905397
CHEMBL6040690,404.59,CCCc1ccc(C(C)(C)c2cc(O)c3c(c2)OC(C)(C)[C@@H]2CC=C(C)C[C@@H]32)cc1,Ki,'=',7.83,nM,8.106238238
CHEMBL3686310,392.5,CCC1COc2cccc3c(=O)c(C(=O)NC45CC6CC(CC(C6)C4)C5)cn1c23,Ki,'=',7.83,nM,8.106238238
CHEMBL2152809,459.72,CCCCCCC(C)(C)c1cc(O)cc(OCCCCCCCCCCC(=O)NC2CC2)c1,Ki,'=',7.9,nM,8.102372909
CHEMBL593166,319.45,CCc1cnc(NC(=O)C(C)(C)CC)cc1CN1CCOCC1,Ki,'=',7.9,nM,8.102372909
CHEMBL4102128,417.63,CCCCCCC(C)(C)c1cc(O)cc(OCCCCCCCC(=O)NC2CC2)c1,Ki,'=',7.9,nM,8.102372909
CHEMBL2387075,429.59,CC1CCN(C(=O)c2ccc3c(c2)c2c(n3S(C)(=O)=O)CN(C3CCCC3)C2)CC1,Ki,'=',7.9,nM,8.102372909
CHEMBL2348276,462.57,COc1ccc(-c2cn(Cc3ccc(F)cc3)c(=O)c(C(=O)NC3CCCCCC3)c2C)cc1,Ki,'=',7.9,nM,8.102372909
CHEMBL3650098,429.59,CC1CCN(C(=O)c2ccc3c(c2)c2c(n3S(C)(=O)=O)CN(C3CCCC3)C2)CC1,Ki,'=',7.9,nM,8.102372909
CHEMBL500414,413.54,CN(C)CCn1cc(C(=O)N[C@@H]2C(C)(C)C3CC[C@]2(C)C3)c(=O)c2ccc(F)cc21,Ki,'=',7.9,nM,8.102372909
CHEMBL5922843,444.55,O=C(NC1CCCCCC1)c1cc(/C=C/c2ccccc2)cn(Cc2ccc(F)cc2)c1=O,Ki,'=',7.9,nM,8.102372909
CHEMBL3582024,384.48,O=C(NC1CCCCC1)c1cc2cccnc2n(CCN2CCOCC2)c1=O,Ki,'=',7.9,nM,8.102372909
CHEMBL2163927,417.63,CCCCCCC(C)(C)c1cc(O)cc(OCCCCCCCC(=O)NC2CC2)c1,Ki,'=',7.943,nM,8.100015437
CHEMBL4435655,459.72,CCCCCCC(C)(C)c1cc(O)cc(OCCCCCCCCCCC(=O)NC2CC2)c1,Ki,'=',7.943,nM,8.100015437
CHEMBL3323681,367.49,CCCCCn1cc(C(=O)c2ccccc2-c2ccccc2)c2ccccc21,Ki,'=',7.943,nM,8.100015437
CHEMBL250808,369.51,CCCCCCn1cc(C(=O)NC2CCCCC2)c(=O)c2ccc(C)nc21,Ki,'=',8,nM,8.096910013
CHEMBL3930225,312.5,CCCC(C)(C)c1ccc2c(c1)OC(C)(C)[C@@H]1CC=C(C)C[C@@H]21,Ki,'=',8,nM,8.096910013
CHEMBL1215976,458.61,CCCCCn1cc(C(=O)NC23CC4CC(CC(C4)C2)C3)c(=O)c2cc(-n3ccnc3)ccc21,Ki,'=',8,nM,8.096910013
CHEMBL4240996,407.6,CCCCCC1=NN(C(=O)NCC23CC4CC(CC(C4)C2)C3)CC1c1ccccc1,Ki,'=',8,nM,8.096910013
CHEMBL596401,593.04,C[C@H]1CC(CNS(=O)(=O)C(F)(F)F)CCN1S(=O)(=O)c1ccc(Cl)cc1S(=O)(=O)c1ccccc1F,Ki,'=',8,nM,8.096910013
CHEMBL515102,479.58,COC(=O)[C@H](Cc1ccccc1)NC(=O)c1c(C)n(CCN2CCOCC2)c2c(OC)cccc12,Ki,'=',8,nM,8.096910013
CHEMBL234897,593.04,C[C@H]1CC(CNS(=O)(=O)C(F)(F)F)CCN1S(=O)(=O)c1ccc(Cl)cc1S(=O)(=O)c1ccccc1F,Ki,'=',8,nM,8.096910013
CHEMBL579194,376.46,CC(C)(O)CCn1c(=O)n(C(=O)N[C@H](C(N)=O)C(C)(C)C)c2ccccc21,Ki,'=',8,nM,8.096910013
CHEMBL487629,416.48,O=C(Nc1cccc2ccccc12)n1c(=O)n(CCN2CCOCC2)c2ccccc21,Ki,'=',8,nM,8.096910013
CHEMBL3329945,582.04,C[C@H](NS(C)(=O)=O)c1ccc(S(=O)(=O)c2ccc(C(F)(F)F)cc2S(=O)(=O)c2ccc(Cl)cc2)cc1,Ki,'=',8,nM,8.096910013
CHEMBL3647330,365.52,CCCCCn1cc2c(=O)n(CCC3CCCCC3)nc-2c2ccccc21,Ki,'=',8,nM,8.096910013
CHEMBL3905036,479.58,COC(=O)[C@H](Cc1ccccc1)NC(=O)c1c(C)n(CCN2CCOCC2)c2c(OC)cccc12,Ki,'=',8,nM,8.096910013
CHEMBL2387076,368.48,COCCn1c2c(cc(C(=O)NCc3ccccc3)c1=O)CCCCCC2,Ki,'=',8,nM,8.096910013
CHEMBL4763456,458.61,CCCCCn1cc(C(=O)NC23CC4CC(CC(C4)C2)C3)c(=O)c2cc(-n3ccnc3)ccc21,Ki,'=',8,nM,8.096910013
CHEMBL5089095,324.42,O=C(NC1CCCCCC1)c1cccn(Cc2ccccc2)c1=O,Ki,'=',8,nM,8.096910013
CHEMBL497326,463.58,COc1cccc2c(C(=O)N[C@@H](Cc3ccccc3)C(C)=O)c(C)n(CCN3CCOCC3)c12,Ki,'=',8,nM,8.096910013
CHEMBL4640710,465.66,CCCCCc1sc(NC(=O)C23CC4CC(CC(C4)C2)C3)c(C(=O)OC)c1-c1ccccc1,Ki,'=',8.03,nM,8.095284455
CHEMBL111702,420.58,Cc1ccc(C(=O)N[C@H]2CC3CC[C@@]2(C)C3(C)C)cc1S(=O)(=O)N1CCOCC1,Ki,'=',8.1,nM,8.091514981
CHEMBL250493,461.61,CCC1COc2c(N3CCCC3)ccc3c(=O)c(C(=O)NC45CC6CC(CC(C6)C4)C5)cn1c23,Ki,'=',8.12,nM,8.090443971
CHEMBL118028,331.46,CC1(C)C(C(=O)c2cn(Cc3ccccc3)c3ccccc23)C1(C)C,Ki,'=',8.128,nM,8.090016305
CHEMBL1224691,331.46,CC1(C)C(C(=O)c2cn(Cc3ccccc3)c3ccccc23)C1(C)C,Ki,'=',8.2,nM,8.086186148
CHEMBL250607,539.66,CCN1CCC[C@H]1COc1ccc(C(F)(F)F)cc1C(=O)/N=c1\sc(C(C)(C)C)cn1C[C@H]1CCCO1,Ki,'=',8.2,nM,8.086186148
CHEMBL2087096,435.49,CCCCCn1cc(C(=O)c2cccc3ccccc23)cc1-c1ccccc1C(F)(F)F,Ki,'=',8.2,nM,8.086186148
CHEMBL250626,358.48,CCCCOC(=O)Cc1cc(O)c2c(c1)OC(C)(C)[C@@H]1CC=C(C)C[C@@H]21,Ki,'=',8.2,nM,8.086186148
CHEMBL225622,330.43,CCCCn1cc(C(=O)NC(C)(C)C)c(=O)c2cccc(OC)c21,Ki,'=',8.2,nM,8.086186148
CHEMBL3410730,481.57,CCOC(=O)C(CC)(CC)NC(=O)c1ccc(N2CC(OC)C2)c(OC[C@@H]2C[C@H]2COCF)n1,Ki,'=',8.2,nM,8.086186148
CHEMBL571095,472.67,CCCCCn1cc(C(=O)NC23CC4CC(CC(C4)C2)C3)c(=O)c2cc(C3=CCCCC3)ccc21,Ki,'=',8.3,nM,8.080921908
CHEMBL232410,387.94,CC1(C)C(C(=O)c2cn(CCc3nsc(Cl)n3)c3ccccc23)C1(C)C,Ki,'=',8.3,nM,8.080921908
CHEMBL231935,355.48,CC1(C)C(C(=O)c2cn(CC3CCOCC3)c3cc(O)ccc23)C1(C)C,Ki,'=',8.3,nM,8.080921908
CHEMBL3353429,387.94,CC1(C)C(C(=O)c2cn(CCc3nsc(Cl)n3)c3ccccc23)C1(C)C,Ki,'=',8.318,nM,8.079981084
CHEMBL5420560,366.46,CCCCCOc1c(OC)ccc2c(=O)n(CCc3ccncc3)ccc12,Ki,'=',8.395,nM,8.0759793
CHEMBL2112293,414.35,Cc1nc(C(=O)NC23CC4CC(CC(C4)C2)C3)c(Br)n1-c1ccccc1,Ki,'=',8.4,nM,8.075720714
CHEMBL3329946,398.55,CC1=CC[C@H]2[C@H](C1)c1c(O)cc(/C(C)=N/OCCN3CCCC3)cc1OC2(C)C,Ki,'=',8.4,nM,8.075720714
CHEMBL245449,521.48,CC(C)(O)COc1ccc(C(F)(F)F)cc1C(=O)/N=c1\sc2ccncc2n1CCCC(F)(F)F,Ki,'=',8.4,nM,8.075720714
CHEMBL3650132,416.57,CCC(C)(C)C(=O)Nc1cc(C)c(C)c(S(=O)(=O)N2CCS(=O)(=O)CC2)c1,Ki,'=',8.4,nM,8.075720714
CHEMBL385653,455.6,COC(=O)N[C@]12CC3CC(C1)C[C@](c1cc(O)c4c(c1)OC(C)(C)[C@@H]1CC[C@@H](O)C[C@@H]41)(C3)C2,Ki,'=',8.4,nM,8.075720714
CHEMBL498346,366.46,CCCCCOc1c(OC)ccc2c(=O)n(CCc3ccncc3)ccc12,Ki,'=',8.4,nM,8.075720714
CHEMBL2023583,540.54,C[C@@H](NS(=O)(=O)C(F)(F)F)c1ccc(S(=O)(=O)n2cccc2S(=O)(=O)c2ccccc2F)cc1,Ki,'=',8.4,nM,8.075720714
CHEMBL2336539,487.65,CCCCCn1cc(C(=O)NC23CC4CC(C)(CC(C)(C4)C2)C3)c(=O)n2nc(-c3ccccc3)nc12,Ki,'=',8.4,nM,8.075720714
CHEMBL3650117,376.58,CCCCCCC(C)(C)c1ccc([C@@H]2C[C@H](O)CC[C@H]2CCCO)c(O)c1,Ki,'=',8.44,nM,8.073657553
CHEMBL236361,398.51,Cc1c(CCN2CCOCC2)c2ccccc2n1C(=O)c1cccc2ccccc12,Ki,'=',8.5,nM,8.070581074
CHEMBL3582012,384.48,Cc1c(CN2CCOCC2)c2ccccc2n1C(=O)c1cccc2ccccc12,Ki,'=',8.5,nM,8.070581074
CHEMBL1909844,398.6,C[C@H](/C=C\C/C=C\C/C=C\CCCC(=O)NC1CC1)/C=C\CCCCCN=[N+]=[N-],Ki,'=',8.5,nM,8.070581074
CHEMBL2163958,488.63,CCCCCn1cc(C(=O)NC23CC4CC(CC(C4)C2)C3)c(=O)c2cc(-c3ccco3)cc(OC)c21,Ki,'=',8.5,nM,8.070581074
CHEMBL1641944,355.48,CC1(C)C(C(=O)c2cn(CC3CCOCC3)c3cc(O)ccc23)C1(C)C,Ki,'=',8.5,nM,8.070581074
CHEMBL4643391,439.03,CCCCn1nc(C(C)(C)C)s/c1=N\C(=O)c1cc(Cl)ccc1ONC(C)(C)C,Ki,'=',8.5,nM,8.070581074
CHEMBL2316280,355.48,CC1(C)C(C(=O)c2cn(CC3CCOCC3)c3cc(O)ccc23)C1(C)C,Ki,'=',8.511,nM,8.070019409
CHEMBL456535,355.48,CC1(C)C(C(=O)c2cn(CC3CCOCC3)c3cc(O)ccc23)C1(C)C,Ki,'=',8.511,nM,8.070019409
CHEMBL4854325,426.52,Cc1c(C(=O)c2cccc3ccccc23)c2cccc3c2n1[C@H](CN1CCOCC1)CO3,Ki,'=',8.57,nM,8.067019178
CHEMBL1641959,344.5,Cc1cc(NC(=O)C2CCCCC2C)cc(CN2CCOCC2)c1C,Ki,'=',8.6,nM,8.065501549
CHEMBL3421689,407.35,CCN1CCN(c2nc(C)nc3c2nc(-c2ccccc2Cl)n3C)CC1.Cl,Ki,'=',8.6,nM,8.065501549
CHEMBL3907056,468.59,CC(C)(C(=O)OCCCCn1ccnc1)c1cc(O)c2c(c1)OC(C)(C)[C@@H]1CC=C(CO)C[C@@H]21,Ki,'=',8.7,nM,8.060480747
CHEMBL6011448,452.6,CC1=CC[C@@H]2[C@@H](C1)c1c(O)cc(C(C)(C)C(=O)OCCCCn3ccnc3)cc1OC2(C)C,Ki,'=',8.7,nM,8.060480747
CHEMBL4639191,441.61,CC1=CC[C@@H]2[C@@H](C1)c1ccc(C(C)(C)C(=O)OCCCN3CCOCC3)cc1OC2(C)C,Ki,'=',8.7,nM,8.060480747
CHEMBL2326311,345.44,CCCCCn1cc(C(=O)NC2CCCCC2)c(=O)c2c(C)noc21,Ki,'=',8.74,nM,8.058488567
CHEMBL3891231,416.57,C#Cc1ccc2c(c1)c(=O)c(C(=O)NC13CC4CC(CC(C4)C1)C3)cn2CCCCC,Ki,'=',8.8,nM,8.055517328
CHEMBL579193,416.57,C#Cc1ccc2c(c1)c(=O)c(C(=O)NC13CC4CC(CC(C4)C1)C3)cn2CCCCC,Ki,'=',8.8,nM,8.055517328
CHEMBL188494,462.64,CCOc1ccc(Cc2nc3cc(C(=O)N(CC)CC)ccc3n2C[C@H]2CCCCN2C)cc1,Ki,'=',8.9,nM,8.050609993
CHEMBL1214559,417.58,CCS(=O)(=O)n1c2c(c3cc(C(=O)N4CCC(C)CC4)ccc31)CN(C(C)C)C2,Ki,'=',8.9,nM,8.050609993
CHEMBL244403,404.51,O=C(NC12CC3CC(CC(C3)C1)C2)c1cn2c3c(cccc3c1=O)OCC2C1CC1,Ki,'=',8.92,nM,8.049635146
CHEMBL2206843,434.58,CCCCCn1cc(C(=O)NC2CCCCCC2)c(=O)n2nc(-c3ccccc3C)cc12,Ki,'=',8.93,nM,8.049148541
CHEMBL258244,434.54,O=C(N[C@@H]1CCCc2ccccc21)N1Cc2ccccc2N(CCN2CCOCC2)C1=O,Ki,'=',9,nM,8.045757491
CHEMBL5769530,426.65,CCCCCn1cc(C(=O)NC(C)C23CC4CC(CC(C4)C2)C3)c(=O)cc1C(C)(C)C,Ki,'=',9,nM,8.045757491
CHEMBL4467500,394.52,CCCCCOc1ccccc1-c1cc(C(=O)NC23CC4CC(CC2C4)C3)no1,Ki,'=',9,nM,8.045757491
CHEMBL1909846,581.59,O=S(=O)(c1cc2ccccc2n1S(=O)(=O)c1ccccc1F)N1C[C@@H]2[C@@H](CNS(=O)(=O)C(F)(F)F)[C@@H]2C1,Ki,'=',9,nM,8.045757491
CHEMBL2152827,383.49,O=C(NC1CCCCC1)c1cc2ccccc2n(CCN2CCOCC2)c1=O,Ki,'=',9,nM,8.045757491
CHEMBL4646331,379.57,CCC(C)(C)C(=O)Cc1cc(C)c(C)c(S(=O)(=O)N2CCCCCC2)c1,Ki,'=',9,nM,8.045757491
CHEMBL456803,354.49,CC1(C)C(C(=O)c2cn(CC3CCOCC3)c3ccc(N)cc23)C1(C)C,Ki,'=',9,nM,8.045757491
CHEMBL294013,352.59,CSC(=S)N1CC(C)(C)CS/C1=N\c1ccccc1C(C)C,Ki,'=',9,nM,8.045757491
CHEMBL578179,497.59,C[C@H](NS(C)(=O)=O)c1ccc(S(=O)(=O)c2ccccc2S(=O)(=O)c2ccccc2F)cc1,Ki,'=',9,nM,8.045757491
CHEMBL325135,380.55,CCC(C)(C)C(=O)Nc1cc(C)c(C)c(S(=O)(=O)N2CCCCCC2)c1,Ki,'=',9,nM,8.045757491
CHEMBL3978981,380.65,CCC1(CC)CS/C(=N\c2ccccc2C(C)C)N(C(=S)SC)C1,Ki,'=',9,nM,8.045757491
CHEMBL3409151,352.59,CSC(=S)N1CC(C)(C)CS/C1=N\c1ccccc1C(C)C,Ki,'=',9,nM,8.045757491
CHEMBL1223647,467.97,Cc1cc(-c2cc(C(=O)N[C@H]3CC[C@H](C)CC3)c(=O)n(Cc3ccc(F)cc3)n2)ccc1Cl,Ki,'=',9,nM,8.045757491
CHEMBL3422787,437.01,CC(C)Cn1cc(C(C)(C)C)s/c1=N\C(=O)c1cc(Cl)ccc1OCC1CCO1,Ki,'=',9,nM,8.045757491
CHEMBL3092899,393.46,C[C@H]1CC[C@H](NC(=O)c2cc3cccnc3n(Cc3ccc(F)cc3)c2=O)CC1,Ki,'=',9,nM,8.045757491
CHEMBL2152823,473.64,CCS(=O)(=O)n1c2c(c3cc(C(=O)N4CCC(C)CC4)ccc31)CN(C1CCOCC1)CC2,Ki,'=',9,nM,8.045757491
CHEMBL489252,370.58,CCCCCCC(C)(C)c1cc(O)c2c(c1)OC(C)(C)[C@H]1CC=C(C)C[C@H]21,Ki,'=',9,nM,8.045757491
CHEMBL2017682,394.56,CC1(C)Oc2cc(C34CC5CC(CC(C5)C3)C4)cc(O)c2[C@@H]2C[C@@H](C=O)CC[C@H]21,Ki,'=',9,nM,8.045757491
CHEMBL1682275,494.64,CC(C)(C)c1nc(N2CCC(F)(F)C2)c2nnn(Cc3ccccc3CSSCCO)c2n1,Ki,'=',9,nM,8.045757491
CHEMBL363471,504.47,C#Cc1cccc(C2(C(F)(F)F)N=N2)c1Cn1nnc2c(N3CCC(F)(F)C3)nc(C(C)(C)C)nc21,Ki,'=',9,nM,8.045757491
CHEMBL261381,334.58,CCCCCC[Si](C)(C)c1cc(O)c(C2CCCCC2)c(O)c1,Ki,'=',9.08,nM,8.041914151
CHEMBL5071344,385.48,CCCCCn1cc(C(=O)c2cccc3ccccc23)cc1-c1cccc(F)c1,Ki,'=',9.1,nM,8.040958608
CHEMBL572887,426.52,Cc1c(C(=O)c2cccc3ccccc23)c2cccc3c2n1[C@H](CN1CCOCC1)CO3,Ki,'=',9.1,nM,8.040958608
CHEMBL2387074,426.52,Cc1c(C(=O)c2cccc3ccccc23)c2cccc3c2n1[C@H](CN1CCOCC1)CO3,Ki,'=',9.1,nM,8.040958608
CHEMBL218202,426.52,Cc1c(C(=O)c2cccc3ccccc23)c2cccc3c2n1[C@H](CN1CCOCC1)CO3,Ki,'=',9.1,nM,8.040958608
CHEMBL4473425,413.58,CCCCCN1N=C(C(=O)N[C@H]2C[C@H]3CC[C@]2(C)C3(C)C)CC1c1ccccc1F,Ki,'=',9.1,nM,8.040958608
CHEMBL2441467,283.42,CCCn1cc(C(=O)C2C(C)(C)C2(C)C)c2ccccc21,Ki,'=',9.12,nM,8.040005162
CHEMBL2206837,497.63,CCCCn1cc(C(C)(C)C)s/c1=N\C(=O)c1cc(C(F)(F)F)ccc1OC[C@@H]1CCCN1C,Ki,'=',9.2,nM,8.036212173
CHEMBL391134,422.53,C=CCn1cc(C(=O)NC23CC4CC(CC(C4)C2)C3)c(=O)c2c(OC)ccc(OC)c21,Ki,'=',9.2,nM,8.036212173
CHEMBL3234699,283.42,CCCn1cc(C(=O)C2C(C)(C)C2(C)C)c2ccccc21,Ki,'=',9.2,nM,8.036212173
CHEMBL80530,469.39,COCCn1c(-c2ccccc2Cl)nc2c(N3CCN(CCF)CC3)nc(C)nc21.Cl,Ki,'=',9.2,nM,8.036212173
CHEMBL599070,340.47,CCCCCn1cc(C(=O)Nc2ccccc2)c(=O)cc1C(C)(C)C,Ki,'=',9.2,nM,8.036212173
CHEMBL2316261,420.55,CC(C)C[C@@H]1COc2cccc3c(=O)c(C(=O)NC45CC6CC(CC(C6)C4)C5)cn1c23,Ki,'=',9.24,nM,8.034328029
CHEMBL494207,354.45,CCC1COc2cccc3c(=O)c(C(=O)NC4CCCCCC4)cn1c23,Ki,'=',9.24,nM,8.034328029
CHEMBL57367,347.48,COC(=O)c1c(NC(=O)C23CC4CC(CC(C4)C2)C3)sc(C)c1C,Ki,'=',9.24,nM,8.034328029
CHEMBL578848,354.49,CC1(C)C(C(=O)c2cn(CC3CCOCC3)c3ccc(N)cc23)C1(C)C,Ki,'=',9.3,nM,8.031517051
CHEMBL2057803,445.6,CC1(C)C(C(=O)c2cn(CC3CCOCC3)c3cccc(OCc4ccccc4)c23)C1(C)C,Ki,'=',9.3,nM,8.031517051
CHEMBL1641936,445.6,CC1(C)C(C(=O)c2cn(CC3CCOCC3)c3cccc(OCc4ccccc4)c23)C1(C)C,Ki,'=',9.333,nM,8.029978734
CHEMBL4442990,370.49,CC1=CC[C@@H]2[C@@H](C1)c1c(O)cc(-c3cccc4ccccc34)cc1OC2(C)C,Ki,'=',9.333,nM,8.029978734
CHEMBL234207,354.49,CC1(C)C(C(=O)c2cn(CC3CCOCC3)c3ccc(N)cc23)C1(C)C,Ki,'=',9.333,nM,8.029978734
CHEMBL2022696,445.6,CC1(C)C(C(=O)c2cn(CC3CCOCC3)c3cccc(OCc4ccccc4)c23)C1(C)C,Ki,'=',9.333,nM,8.029978734
CHEMBL2336545,354.49,CC1(C)C(C(=O)c2cn(CC3CCOCC3)c3ccc(N)cc23)C1(C)C,Ki,'=',9.333,nM,8.029978734
CHEMBL597084,442.94,CCCCCOc1c(OC)ccc2cc(C(=O)NCCc3ccc(Cl)cc3)c(=O)[nH]c12,Ki,'=',9.37,nM,8.028260409
CHEMBL5405532,370.49,CC1=CC[C@@H]2[C@@H](C1)c1c(O)cc(-c3cccc4ccccc34)cc1OC2(C)C,Ki,'=',9.39,nM,8.027334408
CHEMBL3981080,469.45,CC1(C)[C@H]2CC[C@](C)(C2)[C@@H]1NC(=O)c1ccc(Br)c(S(=O)(=O)N2CCCC2)c1,Ki,'=',9.4,nM,8.026872146
CHEMBL1223778,469.42,C=CCCCn1cc(C(=O)NC23CC4CC(CC(C4)C2)C3)c(=O)c2cc(Br)ccc21,Ki,'=',9.4,nM,8.026872146
CHEMBL5441096,370.49,CC1=CC[C@@H]2[C@@H](C1)c1c(O)cc(-c3cccc4ccccc34)cc1OC2(C)C,Ki,'=',9.4,nM,8.026872146
CHEMBL1631297,455.62,CC1CCN(C(=O)c2ccc3c(c2)c2c(n3S(=O)(=O)C3CC3)CN(C3CCCC3)C2)CC1,Ki,'=',9.4,nM,8.026872146
CHEMBL240697,420.58,Cc1ccc(NC(=O)[C@H]2C(C)(C)[C@@H]3CC[C@@]2(C)C3)cc1S(=O)(=O)N1CCOCC1,Ki,'=',9.4,nM,8.026872146
CHEMBL1641963,412.56,CCN(CC)c1ccc(CN(Cc2ccco2)S(=O)(=O)c2ccc(C)cc2)cc1,Ki,'=',9.5,nM,8.022276395
CHEMBL4476642,330.47,CCCCCc1cc(O)c2c(c1)OC(C)(C)[C@@H]1C=C[C@@](C)(O)C[C@@H]21,Ki,'=',9.5,nM,8.022276395
CHEMBL3092892,502.1,Cc1ccc(Cn2nc(C(=O)NCC3CCC4CC3C4(C)C)c3c2-c2ccc(Cl)cc2CCC3)cc1,Ki,'=',9.5,nM,8.022276395
CHEMBL2087095,410.56,CCCCCn1cc(C(=O)NC23CC4CC(CC(C4)C2)C3)c(=O)c2c(C)nn(C)c21,Ki,'=',9.51,nM,8.021819483
CHEMBL1215944,396.49,CCCCCn1cc(C(=O)NC2CCCCC2)c(=O)n2nc(-c3ccco3)cc12,Ki,'=',9.52,nM,8.021363052
CHEMBL2170530,341.45,CCCCCn1cc(C(=O)c2cccc3ccccc23)c2ccccc21,Ki,'=',9.55,nM,8.019996628
CHEMBL2010898,341.45,CCCCCn1cc(C(=O)c2cccc3ccccc23)c2ccccc21,Ki,'=',9.55,nM,8.019996628
CHEMBL5901287,398.59,CCCCCn1cc(C(=O)NC2C3CC4CC(C3)CC2C4)c(=O)cc1C(C)(C)C,Ki,'=',9.6,nM,8.017728767
CHEMBL4437411,371.47,CCCCOc1c(O[11CH3])ccc2cc(C(=O)NC3CCCCC3)c(=O)[nH]c12,Ki,'=',9.6,nM,8.017728767
CHEMBL272176,371.47,CCCCOc1c(O[11CH3])ccc2cc(C(=O)NC3CCCCC3)c(=O)[nH]c12,Ki,'=',9.6,nM,8.017728767
CHEMBL605932,437.58,CC1(C)Oc2cc([C@]34CC5CC(C[C@@](CN=[N+]=[N-])(C5)C3)C4)cc(O)c2[C@@H]2C[C@H](O)CC[C@H]21,Ki,'=',9.6,nM,8.017728767
CHEMBL376700,371.47,CCCCOc1c(O[11CH3])ccc2cc(C(=O)NC3CCCCC3)c(=O)[nH]c12,Ki,'=',9.6,nM,8.017728767
CHEMBL2316281,372.47,CCCCOc1c(OC)ccc2cc(C(=O)NC3CCCCC3)c(=O)[nH]c12,Ki,'=',9.6,nM,8.017728767
CHEMBL4644088,335.45,Cc1nc(C(=O)NC2C3CC4CC(C3)C2C4)c(C)n1-c1ccccc1,Ki,'=',9.7,nM,8.013228266
CHEMBL3774794,382.53,CCCC(C)(C)C(=O)Nc1cc(C)c(C)c(S(=O)(=O)N2CCOCC2)c1,Ki,'=',9.7,nM,8.013228266
CHEMBL3686319,335.45,Cc1nc(C(=O)NC23CC4CC(CC2C4)C3)c(C)n1-c1ccccc1,Ki,'=',9.7,nM,8.013228266
CHEMBL3650109,375.48,CC1=CC[C@H]2[C@H](C1)c1c(O)cc(/C(C)=N/OCCCCF)cc1OC2(C)C,Ki,'=',9.7,nM,8.013228266
CHEMBL3650119,453.51,CCC(CC)(NC(=O)c1ccc(N2CC(OC)C2)c(OC[C@@H]2C[C@H]2CO)n1)C(=O)OCF,Ki,'=',9.7,nM,8.013228266
CHEMBL5781229,386.58,CCCCCCC(C)(C)c1cc(O)c2c(c1)OC(C)(C)[C@@H]1CC=C(CO)C[C@@H]21,Ki,'=',9.78,nM,8.009661145
CHEMBL3323675,327.43,CCCCn1cc(C(=O)c2cccc3ccccc23)c2ccccc21,Ki,'=',9.8,nM,8.008773924
CHEMBL1215898,391.56,CCCCc1c(C(=O)NC23CC4CC(CC(C4)C2)C3)nc(C)n1-c1ccccc1,Ki,'=',9.8,nM,8.008773924
CHEMBL2029725,391.56,CCCCc1c(C(=O)NC23CC4CC(CC(C4)C2)C3)nc(C)n1-c1ccccc1,Ki,'=',9.8,nM,8.008773924
CHEMBL4648254,438.62,CCCCCn1cc(C(=O)NC23CC4CC(C)(CC(C)(C4)C2)C3)c(=O)c2c(C)nn(C)c21,Ki,'=',9.83,nM,8.007446482
CHEMBL235487,406.98,CC(C)Cn1cc(C(C)(C)C)s/c1=N\C(=O)c1cc(Cl)ccc1OC1CC1,Ki,'=',9.9,nM,8.004364805
CHEMBL6039450,466.88,FC(F)(c1ccccc1)c1nc(N2CCC3(C2)N=N3)c2nnn(Cc3ccccc3Cl)c2n1,Ki,'=',9.9,nM,8.004364805
CHEMBL2023581,400.47,COCCn1c(C)c(C(C)(C)C)s/c1=N\C(=O)c1ccc(C(F)(F)F)cc1,Ki,'=',10,nM,8
CHEMBL2179751,548.49,C[C@H](NS(C)(=O)=O)c1ccc(S(=O)(=O)c2ccc(Cl)cc2S(=O)(=O)c2ccc(Cl)cc2)cc1,Ki,'=',10,nM,8
CHEMBL308777,447.36,COc1ccc2c(c1)c(CCN1CCOCC1)c(C)n2C(=O)c1cccc(Cl)c1Cl,Ki,'=',10,nM,8
CHEMBL310431,381.55,CSc1c(C(=O)NC23CC4CC(CC(C4)C2)C3)nc(C)n1-c1ccccc1,Ki,'=',10,nM,8
CHEMBL3686328,432.59,Cc1ccc(C(=O)NCC23CC4CC(CC(C4)C2)C3)cc1S(=O)(=O)N1CCOCC1,Ki,'=',10,nM,8
CHEMBL3774721,434.38,CCCCCn1c(C)c(C(=O)c2cccc3cccc(Br)c23)c2ccccc21,Ki,'=',10,nM,8
CHEMBL1822931,375.9,CCCCCn1cc(C(=O)c2cccc3cccc(Cl)c23)c2ccccc21,Ki,'=',10,nM,8
CHEMBL2163963,352.45,O=C(NC12CC3CC(CC(C3)C1)C2)c1cccn1Cc1ccc(F)cc1,Ki,'=',10,nM,8
CHEMBL2206858,500.59,CC(C)(C)NOc1ccc(C(F)(F)F)cc1C(=O)/N=c1\sc(C(C)(C)C)nn1C[C@H]1CCCO1,Ki,'=',10,nM,8
CHEMBL246516,414.55,CCCCCn1cc(C(=O)N[C@@H]2CCCc3ccccc32)c(=O)cc1-c1ccccc1,Ki,'=',10.1,nM,7.995678626
CHEMBL511253,448.57,CCCCCn1cc(C(=O)NC23CC4CC(CC(C4)C2)C3)c(=O)n2nc(-c3ccoc3)cc12,Ki,'=',10.1,nM,7.995678626
CHEMBL3397522,421.52,N#C/C(=C\c1cn(CCN2CCOCC2)c2ccccc12)S(=O)(=O)c1ccccc1,Ki,'=',10.2,nM,7.991399828
CHEMBL2381802,412.62,CCCCCn1cc(C(=O)NCC23CC4CC(CC(C4)C2)C3)c(=O)cc1C(C)(C)C,Ki,'=',10.2,nM,7.991399828
CHEMBL2414041,421.52,N#C/C(=C\c1cn(CCN2CCOCC2)c2ccccc12)S(=O)(=O)c1ccccc1,Ki,'=',10.23,nM,7.990124366
CHEMBL4218835,434.58,CCCCCn1cc(C(=O)NC2CCCCCC2)c(=O)n2nc(-c3ccc(C)cc3)cc12,Ki,'=',10.3,nM,7.987162775
CHEMBL2087105,453.65,CC1(C)Oc2cc([C@]34CC5CC(C[C@@](CN=C=S)(C5)C3)C4)cc(O)c2[C@@H]2C[C@H](O)CC[C@H]21,Ki,'=',10.3,nM,7.987162775
CHEMBL2096743,428.53,C=CCn1cc(C(=O)C(=O)NC23CC4CC(CC(C4)C2)C3)c2cc(-c3ccco3)ccc21,Ki,'=',10.3,nM,7.987162775
CHEMBL399949,455,CCCCCn1cc(C(=O)NC2CCCCCC2)c(=O)n2nc(-c3ccccc3Cl)cc12,Ki,'=',10.3,nM,7.987162775
CHEMBL250491,431.66,CCCCCc1cc(OC)cc(OCCCCCCCCCCC(=O)NCC2CC2)c1,Ki,'=',10.3,nM,7.987162775
CHEMBL583473,358.49,CCCCCn1cc(C(=O)NC2CCCCCC2)c(=O)n2nc(C)cc12,Ki,'=',10.3,nM,7.987162775
CHEMBL1223649,422.53,CCCCCOc1c(OC)ccc2cc(C(=O)NCCCc3ccccc3)c(=O)[nH]c12,Ki,'=',10.32,nM,7.986320303
CHEMBL3353822,309.41,CCCCCn1cc2c(=O)n(CC3CC3)nc-2c2ccccc21,Ki,'=',10.4,nM,7.982966661
CHEMBL5269105,420.55,CCCC1COc2ccc(C)c3c(=O)c(C(=O)NC45CC6CC(CC(C6)C4)C5)cn1c23,Ki,'=',10.4,nM,7.982966661
CHEMBL2414033,358.49,CCCCCn1cc(C(=O)NC2CCCCC2)c(=O)n2nc(CC)cc12,Ki,'=',10.4,nM,7.982966661
CHEMBL4635444,380.02,CCCCC/C=C\[C@H](C)/C=C\C/C=C\C/C=C\CCCC(=O)NCCCl,Ki,'=',10.4,nM,7.982966661
CHEMBL1814460,366.51,CCCCCn1cc(C(=O)NC2CCCCC2)c(=O)cc1-c1ccccc1,Ki,'=',10.6,nM,7.974694135
CHEMBL381211,414.51,CCCCn1c(=O)c(C(=O)NC23CC4CC(CC(O)(C4)C2)C3)c(O)c2nn(C)cc21,Ki,'=',10.6,nM,7.974694135
CHEMBL472856,372.51,CCCCCn1cc(C(=O)N[C@H]2CC[C@@H](C)CC2)c(=O)c2c(C)nn(C)c21,Ki,'=',10.6,nM,7.974694135
CHEMBL474896,376.54,CC1=CC[C@@H]2[C@@H](C1)c1c(O)cc(C(C)(C)c3ccccc3C)cc1OC2(C)C,Ki,'=',10.65,nM,7.972650392
CHEMBL392841,380.46,CCCCCn1cc(C(=O)N[C@H](C)c2ccccc2)c(=O)c2ccc(F)cc21,Ki,'=',10.7,nM,7.970616222
CHEMBL500856,341.5,CCCCCOc1ccccc1C(=O)NC12CC3CC(CC(C3)C1)C2,Ki,'=',10.8,nM,7.966576245
CHEMBL511150,343.47,CCCCn1cc(Cc2cccc3ccccc23)c2cccc(OC)c21,Ki,'=',10.9,nM,7.962573502
CHEMBL1270888,343.47,CCCCn1cc(Cc2cccc3ccccc23)c2cccc(OC)c21,Ki,'=',10.9,nM,7.962573502
CHEMBL512886,469.53,CCC(CC)(NC(=O)c1ccc(N2CC(F)C2)c(OC[C@@H]2C[C@H]2CO)n1)C(=O)OCCCF,Ki,'=',10.9,nM,7.962573502
CHEMBL4174271,311.43,O=C(c1cn(CC2CCOCC2)c2ccccc12)C1CCCC1,Ki,'=',10.96,nM,7.960189446
CHEMBL1822926,369.46,CCCCCOc1c(OC)ccc2c1CN(CCc1ccc(O)cc1)C2=O,Ki,'=',10.99,nM,7.959002308
CHEMBL385994,503.09,CCCCCn1cc(C(=O)NC23CC4CC(CC(C4)C2)C3)c(=O)c2cc(-c3ccc(Cl)cc3)ccc21,Ki,'=',11,nM,7.958607315
CHEMBL3914042,472.58,CCCCn1nc(C(C)(C)C)s/c1=N\C(=O)c1cc(C(F)(F)F)ccc1ONC(C)(C)C,Ki,'=',11,nM,7.958607315
CHEMBL524058,445.61,CCOc1ccc(Cc2nc3cc(C(=O)N(C)C4CCCCC4)ccc3n2CC2CC2)cc1,Ki,'=',11,nM,7.958607315
CHEMBL4472381,539.58,O=S(=O)(c1ccccn1)c1ccccc1S(=O)(=O)N1CCC2(CC1)CC2NS(=O)(=O)C(F)(F)F,Ki,'=',11,nM,7.958607315
CHEMBL250026,394.54,Cc1ccc(NC(=O)C2CCCCC2(C)C)cc1S(=O)(=O)N1CCOCC1,Ki,'=',11,nM,7.958607315
CHEMBL1641942,369.46,CCCCCOc1c(OC)ccc2c1CN(CCc1ccc(O)cc1)C2=O,Ki,'=',11,nM,7.958607315
CHEMBL235040,503.09,CCCCCn1cc(C(=O)NC23CC4CC(CC(C4)C2)C3)c(=O)c2cc(-c3ccc(Cl)cc3)ccc21,Ki,'=',11,nM,7.958607315
CHEMBL116784,401.63,CSC(=S)N1CC2(CCCCC2)CS/C1=N\c1cccc2ncccc12,Ki,'=',11,nM,7.958607315
CHEMBL398907,354.49,O=C(c1cn(CCN2CCOCC2)c2ccccc12)C1CCCCCC1,Ki,'=',11,nM,7.958607315
CHEMBL4747163,394.54,Cc1ccc(NC(=O)C2CCCCC2(C)C)cc1S(=O)(=O)N1CCOCC1,Ki,'=',11,nM,7.958607315
CHEMBL600254,410.58,Cc1ccc(NC(=O)C(C(C)(C)C)C(C)(C)C)cc1S(=O)(=O)N1CCOCC1,Ki,'=',11,nM,7.958607315
CHEMBL596626,334.51,CSC(=S)N1CC2(CCCCC2)CO/C1=N\c1ccccc1,Ki,'=',11,nM,7.958607315
CHEMBL526153,311.43,O=C(c1cn(CC2CCOCC2)c2ccccc12)C1CCCC1,Ki,'=',11,nM,7.958607315
CHEMBL3650082,439.6,COc1cccc2c(C(=O)N[C@@H]3C(C)(C)[C@@H]4CC[C@@]3(C)C4)cn(CCN3CCOCC3)c12,Ki,'=',11,nM,7.958607315
CHEMBL232118,407.5,N#Cc1ccccc1CSc1nnc2c3ccccc3n(Cc3ccccc3)c2n1,Ki,'=',11,nM,7.958607315
CHEMBL218956,508.57,CC(C)(C)c1cn(C[C@H]2CCCO2)/c(=N/C(=O)c2cc(C(F)(F)F)ccc2OCc2ccn[nH]2)s1,Ki,'=',11,nM,7.958607315
CHEMBL566248,376.58,CCCCCCC(C)(C)c1ccc([C@@H]2C[C@H](O)CC[C@H]2CCCO)c(O)c1,Ki,'=',11,nM,7.958607315
CHEMBL3639852,391.47,COc1ccc2c(=O)c(C(=O)NC3CCCCC3)cn(Cc3ccccc3)c2n1,Ki,'=',11,nM,7.958607315
CHEMBL80360,431.54,CCOc1ccc(Cc2nc3cc(C(=O)N(CC)CC)ccc3n2Cc2ccco2)cc1,Ki,'=',11,nM,7.958607315
CHEMBL3927357,519.51,CN(Cc1ccccc1)S(=O)(=O)c1cc(C(=O)N[C@@H]2C(C)(C)[C@H]3CC[C@]2(C)C3)ccc1Br,Ki,'=',11,nM,7.958607315
CHEMBL2163573,439.6,COc1cccc2c(C(=O)NC3C(C)(C)[C@@H]4CC[C@@]3(C)C4)cn(CCN3CCOCC3)c12,Ki,'=',11,nM,7.958607315
CHEMBL4877815,311.43,O=C(c1cn(CC2CCOCC2)c2ccccc12)C1CCCC1,Ki,'=',11,nM,7.958607315
CHEMBL4244186,468.51,CC(C)(C)c1nc(N2CCC(F)(F)C2)c2nnn(Cc3ccccc3CS(=O)(=O)F)c2n1,Ki,'=',11,nM,7.958607315
CHEMBL2170534,417.58,CCCN1Cc2c(n(S(=O)(=O)CC)c3ccc(C(=O)N4CCC(C)CC4)cc23)C1,Ki,'=',11.1,nM,7.954677021
CHEMBL497681,417.58,CCCN1Cc2c(n(S(=O)(=O)CC)c3ccc(C(=O)N4CCC(C)CC4)cc23)C1,Ki,'=',11.1,nM,7.954677021
CHEMBL2170542,357.45,CCCCn1c(=O)c(C(=O)NC2CCC(C)CC2)c(O)c2cccnc21,Ki,'=',11.2,nM,7.950781977
CHEMBL4208217,372.51,CCCCCn1cc(C(=O)NC2CCCCCC2)c(=O)c2c(C)nn(C)c21,Ki,'=',11.2,nM,7.950781977
CHEMBL3416125,414.63,CCCCCCC(C)(C)c1cc(OC)c([C@@H]2C=C(CO)[C@@H]3C[C@H]2C3(C)C)c(OC)c1,Ki,'=',11.2,nM,7.950781977
CHEMBL1095690,416.57,CCCCCn1cc(C(=O)C(=O)NC2CCCCC2)c2cc(-c3ccccc3)ccc21,Ki,'=',11.2,nM,7.950781977
CHEMBL2326307,408.58,CC1(C)Oc2cc(C34CC5CC(CC(C5)C3)C4)cc(O)c2[C@@H]2C[C@H](CC=O)CC[C@H]21,Ki,'=',11.2,nM,7.950781977
CHEMBL406399,414.63,CCCCCCC(C)(C)c1cc(OC)c([C@H]2C=C(CO)[C@H]3C[C@@H]2C3(C)C)c(OC)c1,Ki,'=',11.2,nM,7.950781977
CHEMBL3775264,355.57,C#CCNC(=O)CCC/C=C\C/C=C\C/C=C\[C@@H](C)/C=C\CCCCC,Ki,'=',11.2,nM,7.950781977
CHEMBL2112290,414.63,CCCCCCC(C)(C)c1cc(OC)c([C@H]2C=C(CO)[C@H]3C[C@@H]2C3(C)C)c(OC)c1,Ki,'=',11.2,nM,7.950781977
CHEMBL2022703,414.63,CCCCCCC(C)(C)c1cc(OC)c([C@H]2C=C(CO)[C@H]3C[C@@H]2C3(C)C)c(OC)c1,Ki,'=',11.2,nM,7.950781977
CHEMBL522675,354.49,O=C(c1cn(CCN2CCOCC2)c2ccccc12)C1CCCCCC1,Ki,'=',11.22,nM,7.950007143
CHEMBL219027,494.04,CCCCCn1cc(C(=O)NC23CC4CC(CC(C4)C2)C3)c(=O)n2nc(-c3ccc(Cl)cc3)nc12,Ki,'=',11.3,nM,7.946921557
CHEMBL3686337,372.51,CCCCCn1cc(C(=O)N[C@H]2CC[C@H](C)CC2)c(=O)c2c(C)nn(C)c21,Ki,'=',11.4,nM,7.943095149
CHEMBL2179734,467.54,CCC(CC)(NC(=O)c1ccc(N2CC(OC)C2)c(OC[C@@H]2C[C@H]2CO)n1)C(=O)OCCF,Ki,'=',11.4,nM,7.943095149
CHEMBL451779,402.65,CCCCCC[Si](C)(C)c1cc(O)c([C@H]2C=C(CO)[C@H]3C[C@@H]2C3(C)C)c(O)c1,Ki,'=',11.43,nM,7.94195377
CHEMBL4287703,409.57,CCCCc1cc(-c2ccc(OC)cc2)cc(C(=O)NC2CCCCCC2)c1OC,Ki,'=',11.48,nM,7.940058112
CHEMBL361032,396.54,CCCCCn1cc(C(=O)NC23CC4CC(CC(C4)C2)C3)c(=O)c2cnn(C)c21,Ki,'=',11.6,nM,7.935542011
CHEMBL3686340,460.54,CCCCCn1cc(C(=O)NC23CC4CC(CC(C4)C2)C3)c(=O)c2cc(C(F)(F)F)ccc21,Ki,'=',11.6,nM,7.935542011
CHEMBL206859,460.54,CCCCCn1cc(C(=O)NC23CC4CC(CC(C4)C2)C3)c(=O)c2cc(C(F)(F)F)ccc21,Ki,'=',11.6,nM,7.935542011
CHEMBL1828811,478.66,CCCCCn1cc(C(=O)NC23CC4CC(CC(C4)C2)C3)c(=O)n2nc(-c3ccc(C)s3)cc12,Ki,'=',11.6,nM,7.935542011
CHEMBL3422786,440.63,CCCCCn1cc(C(=O)NC23CC4CC(CC(C4)C2)C3)c2cc(-c3ccccc3)ccc21,Ki,'=',11.6,nM,7.935542011
CHEMBL2087102,342.44,O=C1/C(=C/c2cn(Cc3ccccc3)c3ccccc23)N2CCC1CC2,Ki,'=',11.7,nM,7.931814138
CHEMBL1668510,621.73,CCC(CC)(NC(=O)c1ccc(N2CC(OS(=O)(=O)c3ccc(C)cc3)C2)c(OC[C@H]2C[C@@H]2CO)n1)C(=O)OCCCF,Ki,'=',11.7,nM,7.931814138
CHEMBL393792,345.39,CC(C)(C)NC(=O)c1nn(-c2ccc(F)cc2F)c2c1[C@H]1CC[C@@H]2C1,Ki,'=',11.8,nM,7.928117993
CHEMBL500925,426.6,CCCn1cc(CC(=O)NC23CC4CC(CC(C4)C2)C3)c2cc(-c3ccccc3)ccc21,Ki,'=',11.8,nM,7.928117993
CHEMBL571559,391.56,CCCCC1=NN(C(=O)NC(C)(C)c2ccccc2)C(C)(C)C1c1ccccc1,Ki,'=',11.9,nM,7.924453039
CHEMBL1641951,384.56,CCCCCCC1(c2cc(O)c3c(c2)OC(C)(C)[C@@H]2CCC(=O)C[C@@H]32)CCC1,Ki,'=',11.9,nM,7.924453039
CHEMBL3686301,431.37,Cc1c(C(=O)NC2CCCC2)nn(-c2ccc(Cl)c(Cl)c2)c1-n1c(C)ccc1C,Ki,'=',12,nM,7.920818754
CHEMBL529436,403.31,Cc1c(C(=O)NC2CCCC2)nn(-c2ccc(Cl)c(Cl)c2)c1-n1cccc1,Ki,'=',12,nM,7.920818754
CHEMBL4519981,314.47,CCCCCc1cc(O)c2c(c1)OC(C)(C)[C@@H]1CC=C(C)C[C@@H]21,Ki,'=',12,nM,7.920818754
CHEMBL4441832,348.45,CCCCn1c(C)c(C)cc(NC(=O)c2cccc3ccccc23)c1=O,Ki,'=',12,nM,7.920818754
CHEMBL237010,434.57,CSC(=S)N1CC2(CCCCC2)CS/C1=N\c1ccccc1OC(F)(F)F,Ki,'=',12,nM,7.920818754
CHEMBL3421700,484.49,C#Cc1cccc(C2(C(F)(F)F)N=N2)c1Cn1nnc2c(N3CC[C@H](O)C3)nc(C(C)(C)C)nc21,Ki,'=',12,nM,7.920818754
CHEMBL4643098,380.51,CCC(C)(C)C(=O)Nc1cc2c(c(S(=O)(=O)N3CCOCC3)c1)CCC2,Ki,'=',12,nM,7.920818754
CHEMBL4781965,497.47,Cc1c(C(=O)NC23CC4CC(CC(C4)C2)C3)nn(-c2ccc(Cl)c(Cl)c2)c1-n1c(C)ccc1C,Ki,'=',12,nM,7.920818754
CHEMBL2029721,485.61,COC(=O)[C@H](Cc1cccs1)NC(=O)c1c(C)n(CCN2CCOCC2)c2c(OC)cccc12,Ki,'=',12,nM,7.920818754
CHEMBL2441452,439.6,COc1cccc2c(C(=O)NC3C4(C)CCC(C4)C3(C)C)cn(CCN3CCOCC3)c12,Ki,'=',12,nM,7.920818754
CHEMBL2380408,447.36,COc1ccc2c(c1)c(CCN1CCOCC1)c(C)n2C(=O)c1cccc(Cl)c1Cl,Ki,'=',12,nM,7.920818754
CHEMBL2380413,441.58,CCOc1ccc(Cc2nc3cc(C(=O)N(CC)CC)ccc3n2Cc2ccccc2)cc1,Ki,'=',12,nM,7.920818754
CHEMBL109972,447.36,COc1ccc2c(c1)c(CCN1CCOCC1)c(C)n2C(=O)c1cccc(Cl)c1Cl,Ki,'=',12,nM,7.920818754
CHEMBL1223648,448.61,CCOc1ccc(Cc2nc3cc(C(=O)N(CC)CC)ccc3n2C[C@@H]2CCCN2C)cc1,Ki,'=',12,nM,7.920818754
CHEMBL270910,541.64,CC(C)(C)/C(COc1ccc(C(F)(F)F)cc1C(=O)/N=c1\sc(C(C)(C)C)cn1C[C@H]1CCCO1)=N/O,Ki,'=',12,nM,7.920818754
CHEMBL1203961,447.36,COc1ccc2c(c1)c(CCN1CCOCC1)c(C)n2C(=O)c1cccc(Cl)c1Cl,Ki,'=',12,nM,7.920818754
CHEMBL503518,382.57,CCCCCn1/c(=N\C(=O)C23CC4CC(CC(C4)C2)C3)sc2ccccc21,Ki,'=',12,nM,7.920818754
CHEMBL453843,456.53,CCCCn1nc(C(C)(C)C)s/c1=N\C(=O)c1cc(C(F)(F)F)ccc1ON=C(C)C,Ki,'=',12,nM,7.920818754
CHEMBL3234698,506.49,CCCCn1/c(=N/C(=O)c2cc(C(F)(F)F)ccc2O/N=C(\C)C(F)(F)F)cc(C(C)(C)C)n1C,Ki,'=',12,nM,7.920818754
CHEMBL2206861,388.46,O=S(=O)(NCC1CC1)c1ccc(NC2CC3CCC2C3)cc1C(F)(F)F,Ki,'=',12.2,nM,7.913640169
CHEMBL75326,360.52,CCCCCn1cc(C(=O)NC2CCCCC2)c(=O)c2c(C)csc21,Ki,'=',12.3,nM,7.910094889
CHEMBL3647300,386.54,CCCCCn1cc(C(=O)NC2CCCCC2)c(=O)n2nc(C(C)(C)C)cc12,Ki,'=',12.3,nM,7.910094889
CHEMBL3650094,380.5,CC1=CC[C@@H]2[C@@H](C1)c1c(O)cc(C(C)(C)c3ccc(F)cc3)cc1OC2(C)C,Ki,'=',12.4,nM,7.906578315
CHEMBL5768045,356.51,CCCCc1cc2c(O)cc(C3(CCCC)CCCCC3)cc2oc1=O,Ki,'=',12.5,nM,7.903089987
CHEMBL3353432,356.51,CCCCc1cc2c(O)cc(C3(CCCC)CCCCC3)cc2oc1=O,Ki,'=',12.59,nM,7.89997427
CHEMBL4633168,428.99,CCN(CC)c1ccc(CN(c2ccc(Cl)cc2)S(=O)(=O)c2ccccc2)cc1,Ki,'=',12.62,nM,7.898940645
CHEMBL235946,468.64,CCCCCn1cc(C(=O)C(=O)NC23CC4CC(CC(C4)C2)C3)c2cc(-c3ccccc3)ccc21,Ki,'=',12.7,nM,7.896196279
CHEMBL4163588,349.48,CCc1nc(C(=O)NC23CC4CC(CC(C4)C2)C3)cn1-c1ccccc1,Ki,'=',12.7,nM,7.896196279
CHEMBL399948,396.54,CCCCCn1cc(C(=O)NC23CC4CC(CC(C4)C2)C3)c(=O)n2nc(C)cc12,Ki,'=',12.7,nM,7.896196279
CHEMBL399346,357.49,CCCCCCC(C)(C)c1cc(OC)c2c(c1)OC(C)(C)c1cnoc1-2,Ki,'=',12.8,nM,7.89279003
CHEMBL3323684,375.6,CCCCC/C=C\C/C=C\C/C=C\[C@H](C)/C=C\CCCC(=O)N[C@H](C)CO,Ki,'=',12.8,nM,7.89279003
CHEMBL592683,402.53,C=C(C)[C@H]1CCC(C)=CC1c1c(O)cc(CCCCC)c(C(=O)OCCO)c1O,Ki,'=',12.9,nM,7.88941029
CHEMBL250769,439.6,COc1cccc2c(C(=O)N[C@@H]3C4(C)CCC(C4)C3(C)C)cn(CCN3CCOCC3)c12,Ki,'=',13,nM,7.886056648
CHEMBL5092394,403.61,CCCCCc1ccc(OCCCCCCCCCCC(=O)NC2CC2)cc1O,Ki,'=',13,nM,7.886056648
CHEMBL3964264,331.46,CCC1(C(=O)Nc2cc(CN3CCOCC3)c(C)cn2)CCCC1,Ki,'=',13,nM,7.886056648
CHEMBL3922890,519.59,CC(C)(C)c1cn(C[C@H]2CCCO2)/c(=N/C(=O)c2cc(C(F)(F)F)ccc2OCc2cccnc2)s1,Ki,'=',13,nM,7.886056648
CHEMBL6039930,426.52,Cc1c(C(=O)c2cccc3ccccc23)c2cccc3c2n1[C@H](CN1CCOCC1)CO3,Ki,'=',13,nM,7.886056648
CHEMBL223278,451.4,CCN1CCN(c2nc(C)nc3c2nc(-c2ccccc2Cl)n3CCOC)CC1.Cl,Ki,'=',13,nM,7.886056648
CHEMBL4757488,379.5,O=C(NC1CCCCCC1)c1cc(-c2ccccc2)nn(C2CCCC2)c1=O,Ki,'=',13,nM,7.886056648
CHEMBL187559,403.61,CCCCCc1cc(O)cc(OCCCCCCCCCCC(=O)NC2CC2)c1,Ki,'=',13,nM,7.886056648
CHEMBL426706,481.38,CCCCCn1c(C)c(C(=O)c2cccc3cccc(I)c23)c2ccccc21,Ki,'=',13,nM,7.886056648
CHEMBL1641937,403.61,CCCCCc1cc(O)cc(OCCCCCCCCCCC(=O)NC2CC2)c1,Ki,'=',13,nM,7.886056648
CHEMBL431363,530.05,C[C@H](NS(C)(=O)=O)c1ccc(S(=O)(=O)c2ccc(O)cc2S(=O)(=O)c2ccc(Cl)cc2)cc1,Ki,'=',13,nM,7.886056648
CHEMBL1641938,403.61,CCCCCc1cc(O)cc(OCCCCCCCCCCC(=O)NC2CC2)c1,Ki,'=',13,nM,7.886056648
CHEMBL3650091,483.47,CC1(C)[C@H]2CC[C@](C)(C2)[C@@H]1NC(=O)c1ccc(Br)c(S(=O)(=O)N2CCCCC2)c1,Ki,'=',13,nM,7.886056648
CHEMBL3933513,495.59,CCOC(=O)C(CC)(CC)NC(=O)c1ccc(N2CC(OC)C2)c(OC[C@@H]2C[C@@H]2COCCF)n1,Ki,'=',13,nM,7.886056648
CHEMBL259255,439.62,CC1(C)Oc2cc([C@]34CC5CC(C[C@@](N=C=S)(C5)C3)C4)cc(O)c2[C@@H]2C[C@H](O)CC[C@H]21,Ki,'=',13.1,nM,7.882728704
CHEMBL2420251,432.61,CCCCCn1cc(C(=O)NC23CC4CC(CC(C4)C2)C3)c(=O)cc1-c1ccc(C)cc1,Ki,'=',13.2,nM,7.879426069
CHEMBL3421688,392.5,CCC1COc2cccc3c(=O)c(C(=O)NC4C5CC6CC(C5)CC4C6)cn1c23,Ki,'=',13.2,nM,7.879426069
CHEMBL3581222,395.59,CCCCCC1=NN(C(=O)NC[C@@H]2CC[C@H]3C[C@@H]2C3(C)C)CC1c1ccccc1,Ki,'=',13.3,nM,7.876148359
CHEMBL1814466,554.95,O=C(NCC12CC3CC(CC(C3)C1)C2)c1nn(-c2ccc(Cl)cc2Cl)c2c1CCCc1cc(Cl)ccc1-2,Ki,'=',13.3,nM,7.876148359
CHEMBL1909859,449.62,CCCCCn1cc(C(=O)NN2CCCCC2)c(=O)c2ccc(Sc3ccccc3)cc21,Ki,'=',13.3,nM,7.876148359
CHEMBL409647,392.54,CCCCCn1cc(C(=O)NC2C3CC4CC(C3)CC2C4)c(=O)c2ccccc21,Ki,'=',13.4,nM,7.872895202
CHEMBL3586106,396.58,CCCCCn1cc(C(=O)NC23CC4CC(CC(C4)C2)C3)c(=O)c(C2CC2)c1C,Ki,'=',13.4,nM,7.872895202
CHEMBL2336544,392.54,CCCCCn1cc(C(=O)NC2C3CC4CC(C3)CC2C4)c(=O)c2ccccc21,Ki,'=',13.4,nM,7.872895202
CHEMBL3647323,432.61,CCCCCCn1cc(C(=O)NC23CC4CC(CC(C4)C2)C3)c(=O)cc1-c1ccccc1,Ki,'=',13.5,nM,7.869666232
CHEMBL426923,383.56,CCCCCn1c(=O)sc2cc(C(=O)C34CC5CC(CC(C5)C3)C4)ccc21,Ki,'=',13.5,nM,7.869666232
CHEMBL198062,542.94,CC1(C)C2CCC(CNC(=O)c3nn(-c4ccc(Cl)cc4Cl)c4c3CCCc3ccc(Cl)cc3-4)C1C2,Ki,'=',13.6,nM,7.866461092
CHEMBL3354395,405.54,CC1=CC[C@@H]2[C@@H](C1)c1c(O)cc(C(C)(C)c3ccc(C(N)=O)cc3)cc1OC2(C)C,Ki,'=',13.6,nM,7.866461092
CHEMBL522550,440.52,CCOC(=O)/C=C/c1cc(C(=O)NC2CCCCCC2)c(=O)n(Cc2ccc(F)cc2)c1,Ki,'=',13.7,nM,7.863279433
CHEMBL491658,342.48,CCCCc1cc2c(O)cc(C3(CCCC)CCCC3)cc2oc1=O,Ki,'=',13.7,nM,7.863279433
CHEMBL80439,419.36,Cc1nc(N2CCN(C)CC2)c2nc(-c3ccccc3Cl)n(C3CC3)c2n1.Cl,Ki,'=',13.7,nM,7.863279433
CHEMBL3686284,349.48,Cc1nc(C(=O)NC2C3CC4CC(C3)CC2C4)c(C)n1-c1ccccc1,Ki,'=',13.8,nM,7.860120914
CHEMBL2381800,327.43,CCCn1c(C)c(C(=O)c2cccc3ccccc23)c2ccccc21,Ki,'=',13.8,nM,7.860120914
CHEMBL578178,327.43,CCCn1c(C)c(C(=O)c2ccc3ccccc3c2)c2ccccc21,Ki,'=',13.8,nM,7.860120914
CHEMBL2414023,342.48,CCCCc1cc2c(O)cc(C3(CCCC)CCCC3)cc2oc1=O,Ki,'=',13.8,nM,7.860120914
CHEMBL392288,345.44,CCCCCCN1C(=O)/C(=N\NC(=O)OC(C)(C)C)c2ccccc21,Ki,'=',13.9,nM,7.8569852
CHEMBL569524,394.54,CCC(C)(C)C(=O)Nc1cc2c(c(S(=O)(=O)N3CCOCC3)c1)CCCC2,Ki,'=',14,nM,7.853871964
CHEMBL5926313,380.51,Cc1ccc(NC(=O)C2CCCCC2C)cc1S(=O)(=O)N1CCOCC1,Ki,'=',14,nM,7.853871964
CHEMBL181633,312.41,CCCCn1c(C)c(C)cc(NC(=O)c2ccccc2C)c1=O,Ki,'=',14,nM,7.853871964
CHEMBL3775199,459.01,CCN(CC)c1ccc(CN(c2ccc(Cl)cc2)S(=O)(=O)c2ccc(OC)cc2)cc1,Ki,'=',14,nM,7.853871964
CHEMBL446993,447.36,COc1ccc2c(c1)c(CCN1CCOCC1)c(C)n2C(=O)c1cccc(Cl)c1Cl,Ki,'=',14,nM,7.853871964
CHEMBL309868,394.56,CC1(C)Oc2cc(C34CC5CC(CC(C5)C3)C4)cc(O)c2[C@@H]2CC(CO)=CC[C@H]21,Ki,'=',14,nM,7.853871964
CHEMBL2336546,459.01,CCN(CC)c1ccc(CN(c2ccc(Cl)cc2)S(=O)(=O)c2ccc(OC)cc2)cc1,Ki,'=',14,nM,7.853871964
CHEMBL2381785,391.56,C=CCn1c2c(c3cc(C(=O)N4CCC(C)CC4)ccc31)CN(CC1CC1)CC2,Ki,'=',14,nM,7.853871964
CHEMBL2206833,327.43,CCCn1c(C)c(C(=O)c2cccc3ccccc23)c2ccccc21,Ki,'=',14,nM,7.853871964
CHEMBL4639040,298.47,CCC(C)(C)c1ccc2c(c1)OC(C)(C)C1CC=C(C)CC21,Ki,'=',14,nM,7.853871964
CHEMBL5179308,354.49,COC(=O)CCCCC(C)(C)c1ccc(-c2cc(C)cc(C)c2)c(O)c1,Ki,'=',14,nM,7.853871964
CHEMBL2152804,368.48,CCCCCOc1c(OC)ccc2c1CN(CCc1ccc(N)cc1)C2=O,Ki,'=',14,nM,7.853871964
CHEMBL484888,461.35,COc1ccc2c(c1)c(CC(=O)N1CCOCC1)c(C)n2C(=O)c1cccc(Cl)c1Cl,Ki,'=',14,nM,7.853871964
CHEMBL484887,429.61,CCN(CC)c1ccc(CN(c2ncc(C)s2)S(=O)(=O)c2ccc(C)cc2)cc1,Ki,'=',14,nM,7.853871964
CHEMBL4779775,403.53,CCOc1ccc(Cc2nc3cc(C(=O)N4CCCC4)ccc3n2CC2CC2)cc1,Ki,'=',14,nM,7.853871964
CHEMBL3917142,461.35,COc1ccc2c(c1)c(CC(=O)N1CCOCC1)c(C)n2C(=O)c1cccc(Cl)c1Cl,Ki,'=',14,nM,7.853871964
CHEMBL3092889,420.6,CCCCCn1cc(C(=O)NC(C)C23CC4CC(CC(C4)C2)C3)c(=O)c2ccccc21,Ki,'=',14,nM,7.853871964
CHEMBL3650120,368.48,CCCCCOc1c(OC)ccc2c1CN(CCc1ccc(N)cc1)C2=O,Ki,'=',14,nM,7.853871964
CHEMBL3647306,561.67,CN(CCOc1ccc(C(F)(F)F)cc1C(=O)/N=c1\sc(C(C)(C)C)cn1C[C@H]1CCCO1)c1ccccc1,Ki,'=',14,nM,7.853871964
CHEMBL271814,398.51,Cc1c(C(=O)c2cccc3ccccc23)c2ccccc2n1CCN1CCOCC1,Ki,'=',14,nM,7.853871964
CHEMBL2336528,428.62,CCN(CC)c1ccc(CN(Cc2cccs2)S(=O)(=O)c2ccc(C)cc2)cc1,Ki,'=',14,nM,7.853871964
CHEMBL1259000,414.63,CCCCCCC(C)(C)c1cc(OC)c([C@@H]2C=C(CO)[C@@H]3C[C@H]2C3(C)C)c(OC)c1,Ki,'=',14,nM,7.853871964
CHEMBL238972,635.09,N/C(=N\C(=N\S(=O)(=O)N1CCC(C(F)(F)F)CC1)N1CC(c2ccccc2)C(c2ccc(Cl)cc2)=N1)c1ccc(F)cc1,Ki,'=',14,nM,7.853871964
CHEMBL374292,318.46,CCCCCn1cc(C(=O)NCC2CC2)c(=O)cc1C(C)(C)C,Ki,'=',14.1,nM,7.850780887
CHEMBL2163947,440.54,O=C(NC12CC3CC(CC(C3)C1)C2)c1cn2c3c(cccc3c1=O)OCC2c1ccccc1,Ki,'=',14.2,nM,7.847711656
CHEMBL3093366,446.64,CCCCCn1cc(C(=O)NC(C)C23CC4CC(CC(C4)C2)C3)c(=O)cc1-c1ccccc1,Ki,'=',14.3,nM,7.844663963
CHEMBL2023047,471.44,CCCCCn1cc(C(=O)NC23CC4CC(CC(C4)C2)C3)c(=O)c2cc(Br)ccc21,Ki,'=',14.3,nM,7.844663963
CHEMBL3686285,471.44,CCCCCn1cc(C(=O)NC23CC4CC(CC(C4)C2)C3)c(=O)c2cc(Br)ccc21,Ki,'=',14.3,nM,7.844663963
CHEMBL246310,414.51,Cn1cc2c(n1)c(O)c(C(=O)NC13CC4CC(CC(C4)C1)C3)c(=O)n2CCCCO,Ki,'=',14.3,nM,7.844663963
CHEMBL188031,391.3,Cc1c(C(=O)NC(C)(C)C)nn(-c2ccc(Cl)cc2Cl)c1-n1cccc1,Ki,'=',14.6,nM,7.835647144
CHEMBL2206853,408.57,CCCCCn1cc(C(=O)NC(C)C)c(=O)c2ccc(Sc3ccccc3)cc21,Ki,'=',14.8,nM,7.829738285
CHEMBL4458732,361.49,O=C(NC12CC3CC(CC(C3)C1)C2)c1ccccc1OCc1ccccc1,Ki,'=',14.8,nM,7.829738285
CHEMBL6012633,393.58,CCCCCC1=NN(C(=O)NC23CC4CC(CC(C4)C2)C3)CC1c1ccccc1,Ki,'=',14.9,nM,7.826813732
CHEMBL4639172,474.6,CCCCCn1c(=O)c(C(=O)NC23CC4CC(CC(C4)C2)C3)c(O)c2cc(-c3ccco3)ccc21,Ki,'=',15,nM,7.823908741
CHEMBL2348467,353.47,CCCCn1cc(C(=O)c2cccc3ccccc23)cc1-c1ccccc1,Ki,'=',15,nM,7.823908741
CHEMBL2010907,497.58,CC(C)(C)c1cn(C[C@H]2CCCO2)/c(=N/C(=O)c2cc(C(F)(F)F)ccc2OC[C@@H]2CCN2)s1,Ki,'=',15,nM,7.823908741
CHEMBL4756103,537.5,CC(C)(C)CC(=O)NC1CCN(c2ncnc3c2nc(-c2ccccc2Cl)n3-c2ccc(Cl)cc2)CC1,Ki,'=',15,nM,7.823908741
CHEMBL258242,467.51,CCCCn1/c(=N/C(=O)c2cc(C(F)(F)F)ccc2OCC(C)(C)O)sc2ncccc21,Ki,'=',15,nM,7.823908741
CHEMBL2336535,442.52,Cc1noc([C@@H](NC(=O)n2c(=O)n(CCN3CCOCC3)c3ccccc32)C(C)(C)C)n1,Ki,'=',15,nM,7.823908741
CHEMBL3686317,390.48,CC(C)(C)[C@@H](CO)NC(=O)n1c(=O)n(CCN2CCOCC2)c2ccccc21,Ki,'=',15,nM,7.823908741
CHEMBL3686325,403.45,CCCCCC1=NN(C(=O)Nc2ccccc2C(F)(F)F)CC1c1ccccc1,Ki,'=',15,nM,7.823908741
CHEMBL3647332,435.57,CCOc1ccc(Cc2nc3cc(C(=O)N(CC)CC)ccc3n2C[C@@H]2CCCO2)cc1,Ki,'=',15,nM,7.823908741
CHEMBL234209,467.56,C#CCCn1cc(C(C)(C)C)s/c1=N\C(=O)c1cc(C(F)(F)F)ccc1ONC(C)(C)C,Ki,'=',15,nM,7.823908741
CHEMBL4099883,486.56,CC(C)(C)NOc1ccc(C(F)(F)F)cc1C(=O)/N=c1\sc(C(C)(C)C)nn1CC1CCO1,Ki,'=',15,nM,7.823908741
CHEMBL3085421,478.66,CCCCCn1cc(C(=O)NC23CC4CC(CC(C4)C2)C3)c(=O)n2nc(-c3cc(C)cs3)cc12,Ki,'=',15,nM,7.823908741
CHEMBL2321921,382.54,CCCC/C=C\C1(c2cc(O)c3c(c2)OC(C)(C)[C@@H]2CCC(=O)C[C@@H]32)CCC1,Ki,'=',15.1,nM,7.821023053
CHEMBL3647319,370.54,CCCCCn1cc(C(=O)NCC23CC4CC(CC(C4)C2)C3)c(=O)cc1C,Ki,'=',15.2,nM,7.818156412
CHEMBL515866,414.52,CC1(C)C2CC[C@](C)(C2)[C@@H]1NC(=O)c1cn(CCCCO)c2cc(F)ccc2c1=O,Ki,'=',15.2,nM,7.818156412
CHEMBL392416,368.45,C=Cn1cc(C(=O)N[C@@H]2C(C)(C)C3CC[C@]2(C)C3)c(=O)c2ccc(F)cc21,Ki,'=',15.2,nM,7.818156412
CHEMBL199089,475.08,Cc1ccc(Cn2cc(C(=O)N[C@@H]3C(C)(C)[C@@H]4CC[C@@]3(C)C4)cc2-c2ccc(Cl)c(C)c2)cc1,Ki,'=',15.3,nM,7.815308569
CHEMBL527208,352.43,O=C(NC1CCCCC1)c1cn2c3c(cccc3c1=O)OCC2C1CC1,Ki,'=',15.3,nM,7.815308569
CHEMBL1807842,376.58,CCCCCCC(C)(C)c1ccc([C@@H]2C[C@H](O)CC[C@H]2CCCO)c(O)c1,Ki,'=',15.4,nM,7.812479279
CHEMBL487456,376.58,CCCCCCC(C)(C)c1ccc([C@@H]2C[C@H](O)CC[C@H]2CCCO)c(O)c1,Ki,'=',15.4,nM,7.812479279
CHEMBL4456199,452.58,COc1ccc2c(c1)OC(C)(C)c1cn(CCN3CCN(C(=O)c4cccs4)CC3)nc1-2,Ki,'=',15.4,nM,7.812479279
CHEMBL2441450,425.57,CNC(=O)CCCN(C)C(=O)c1ccc2c(c1)c1c(n2C)CC[C@@H](C2CCOCC2)C1,Ki,'=',15.5,nM,7.809668302
CHEMBL2441256,357.5,C=CCCCn1cc(C(=O)c2ccc3c(c2)CC(C)(C)C3)c2ccccc21,Ki,'=',15.6,nM,7.806875402
CHEMBL1223589,420.6,CCCCCn1cc(C(=O)NC23CC4CC(C)(CC(C)(C4)C2)C3)c(=O)c2ccccc21,Ki,'=',15.8,nM,7.801342913
CHEMBL4438072,356.47,CCC1COc2cccc3c(=O)c(C(=O)NC(C)CCC(C)C)cn1c23,Ki,'=',15.8,nM,7.801342913
CHEMBL1081622,431.37,CCc1c(C(=O)NC2CCCCC2)nn(-c2ccc(Cl)cc2Cl)c1-n1cccc1,Ki,'=',15.8,nM,7.801342913
CHEMBL2326287,393.32,CCN1CCN(c2nc(C)nc3[nH]c(-c4ccccc4Cl)nc23)CC1.Cl,Ki,'=',15.8,nM,7.801342913
CHEMBL114189,368.52,CC[C@H]1CC[C@H](C(=O)c2cn(CCN3CCOCC3)c3ccccc23)CC1,Ki,'=',15.85,nM,7.799970733
CHEMBL458143,484.63,COc1cccc2c(-c3nsc(CN4CCN(CC(N)=O)CC4)n3)cn(CC3CCOCC3)c12,Ki,'=',15.85,nM,7.799970733
CHEMBL2336541,597.56,C[C@H](NS(C)(=O)=O)c1ccc(Cc2ccc(OC(F)(F)F)cc2S(=O)(=O)c2ccccc2OC(F)(F)F)cc1,Ki,'=',16,nM,7.795880017
CHEMBL474300,298.38,COC(=O)C(C)(C)c1ccc(-c2cc(C)cc(C)c2)c(O)c1,Ki,'=',16,nM,7.795880017
CHEMBL2414022,368.52,CCC1CCC(C(=O)c2cn(CCN3CCOCC3)c3ccccc23)CC1,Ki,'=',16,nM,7.795880017
CHEMBL3686313,470.56,CCCCn1nc(C2(C)CC2)s/c1=N\C(=O)c1cc(C(F)(F)F)ccc1ONC(C)(C)C,Ki,'=',16,nM,7.795880017
CHEMBL3422789,457.52,CCCCn1nc(C(C)(C)C)s/c1=N\C(=O)c1cc(C(F)(F)F)ccc1O/N=C(\C)N,Ki,'=',16,nM,7.795880017
CHEMBL3964524,368.52,CC[C@H]1CC[C@H](C(=O)c2cn(CCN3CCOCC3)c3ccccc23)CC1,Ki,'=',16,nM,7.795880017
CHEMBL2019090,454.54,O=C(NC1(C(=O)O)CCCCC1)c1cc2c(n(Cc3ccc(F)cc3)c1=O)CCCCCC2,Ki,'=',16,nM,7.795880017
CHEMBL5084492,398.35,Cc1ccc(NC(=O)C(C)(C(F)(F)F)C(F)(F)F)cc1CN1CCOCC1,Ki,'=',16,nM,7.795880017
CHEMBL2170529,470.56,CC(C)(C)NOc1ccc(C(F)(F)F)cc1C(=O)/N=c1\sc(C(C)(C)C)nn1CC1CC1,Ki,'=',16,nM,7.795880017
CHEMBL1224690,400.57,Cc1c(C(C)(C)C)s/c(=N\S(=O)(=O)c2cccc3ccccc23)n1C1CC1,Ki,'=',16,nM,7.795880017
CHEMBL2326289,442.56,CCOc1ccc(Cc2nc3cc(C(=O)N(CC)CC)ccc3n2Cc2ccncc2)cc1,Ki,'=',16,nM,7.795880017
CHEMBL577487,597.63,C[C@H]1C[C@H](CNS(=O)(=O)C(F)(F)F)CCN1S(=O)(=O)c1cc2ccccc2n1S(=O)(=O)c1ccccc1F,Ki,'=',16,nM,7.795880017
CHEMBL3942034,360.46,O=C(NC1CCCCC1)c1cc2ccccc2n(Cc2ccccc2)c1=O,Ki,'=',16,nM,7.795880017
CHEMBL3139186,504.62,CCCCCn1cc(C(=O)NC23CC4CC(CC(C4)C2)C3)c(=O)c2cc(-c3ccc(F)cc3F)ccc21,Ki,'=',16,nM,7.795880017
CHEMBL251004,486.56,CC(=O)OCCOc1ccc(C(F)(F)F)cc1C(=O)/N=c1\sc(C(C)(C)C)cn1CC(C)C,Ki,'=',16,nM,7.795880017
CHEMBL2381799,310.44,CCCCCc1cc(O)c2c(c1)OC(C)(C)c1ccc(C)cc1-2,Ki,'=',16,nM,7.795880017
CHEMBL3647311,401.94,CCCCCn1cc(C(=O)c2cccc3ccccc23)cc1-c1cccc(Cl)c1,Ki,'=',16,nM,7.795880017
CHEMBL2316269,434.5,CC(C)(C)c1nc(N2CC[C@H](O)C2)c2nnn(Cc3ccccc3S(=O)(=O)F)c2n1,Ki,'=',16,nM,7.795880017
CHEMBL200143,454.54,O=C(NC1(C(=O)O)CCCCC1)c1cc2c(n(Cc3ccc(F)cc3)c1=O)CCCCCC2,Ki,'=',16,nM,7.795880017
CHEMBL3928596,589.7,CC(C)(C)c1cn(C[C@H]2CCCO2)/c(=N/C(=O)c2cc(C(F)(F)F)ccc2OC[C@@H]2CCCN2S(C)(=O)=O)s1,Ki,'=',16,nM,7.795880017
CHEMBL2064068,454.54,O=C(NC1(C(=O)O)CCCCC1)c1cc2c(n(Cc3ccc(F)cc3)c1=O)CCCCCC2,Ki,'=',16,nM,7.795880017
CHEMBL593838,446.62,Cn1cc(C(=O)N[C@@H]2C(C)(C)C3CC[C@]2(C)C3)c(=O)c2ccc(Sc3ccccc3)cc21,Ki,'=',16,nM,7.795880017
CHEMBL3092896,394.54,Cc1cc(NC(=O)C2C(C)(C)C2(C)C)cc(S(=O)(=O)N2CCOCC2)c1C,Ki,'=',16,nM,7.795880017
CHEMBL3605040,504.62,CCCCCn1cc(C(=O)NC23CC4CC(CC(C4)C2)C3)c(=O)c2cc(-c3ccc(F)cc3F)ccc21,Ki,'=',16,nM,7.795880017
CHEMBL418916,419.5,O=C(NC1CCCCCC1)c1cc(-c2ccccc2)nn(Cc2ccc(F)cc2)c1=O,Ki,'=',16,nM,7.795880017
CHEMBL3780792,324.42,CCCCn1c2c(cc(C(=O)NCc3ccccc3)c1=O)CCC2,Ki,'=',16,nM,7.795880017
CHEMBL2163939,332.83,CCCCn1c(C)c(C)cc(NC(=O)c2ccccc2Cl)c1=O,Ki,'=',16,nM,7.795880017
CHEMBL2163961,454.54,CCCCn1/c(=N/C(=O)c2cc(C(F)(F)F)ccc2ONC(C)C)cc(C(C)(C)C)n1C,Ki,'=',16,nM,7.795880017
CHEMBL2326032,537.08,CCCCCn1cc(C(=O)NC23CC4CC(CC(C4)C2)C3)c(=O)c2cc(Oc3ccc(F)c(Cl)c3)ccc21,Ki,'=',16.1,nM,7.793174124
CHEMBL2206854,368.41,Cc1nonc1Cn1nnc2c(N3CCC4(C3)N=N4)nc(C(C)(C)C)nc21,Ki,'=',16.1,nM,7.793174124
CHEMBL249992,402.54,CCOC(=O)C(CC)(CC)NC(=O)c1ccc(C2CCCC2)c(OCC2CC2)n1,Ki,'=',16.2,nM,7.790484985
CHEMBL4458217,406.53,CC(C)[C@H]1COc2cccc3c(=O)c(C(=O)NC45CC6CC(CC(C6)C4)C5)cn1c23,Ki,'=',16.2,nM,7.790484985
CHEMBL4857976,392.54,CCCCCn1cc(C(=O)NC23CC4CC(CC(C4)C2)C3)c(=O)c2ccccc21,Ki,'=',16.4,nM,7.785156152
CHEMBL219243,359.44,CCCCCn1cc(C(=O)c2cccc3ccccc23)c2ccc(F)cc21,Ki,'=',16.4,nM,7.785156152
CHEMBL472165,403.61,C=CCNC(=O)CCCCCCCCCCOc1cc(O)cc(CCCCC)c1,Ki,'=',16.4,nM,7.785156152
CHEMBL228404,431.6,CCCCN1Cc2c(n(S(=O)(=O)CC)c3ccc(C(=O)N4CCC(C)CC4)cc23)C1,Ki,'=',16.8,nM,7.774690718
CHEMBL374369,379.48,CCOC(=O)c1c(NC(=O)c2cccc3ccccc23)sc2c1CCCC2,Ki,'=',16.8,nM,7.774690718
CHEMBL228347,420.6,CCCCCn1cc(C(=O)NC23CC4CC(CC(C4)C2)C3)c(=O)c2cc(CC)ccc21,Ki,'=',16.9,nM,7.772113295
CHEMBL187883,357.49,CCCCO/N=C(\C)c1cc(O)c2c(c1)OC(C)(C)[C@H]1CC=C(C)C[C@H]21,Ki,'=',16.9,nM,7.772113295
CHEMBL3647304,368.5,CCC(C)(C)C(=O)Nc1cc(C)c(C)c(S(=O)(=O)N2CCOCC2)c1,Ki,'=',17,nM,7.769551079
CHEMBL4550003,379.49,Cc1ccc(-c2nnn(CC(C)(C)C)n2)cc1S(=O)(=O)N1CCOCC1,Ki,'=',17,nM,7.769551079
CHEMBL3650097,311.47,CCCCCCC(C)(C)c1ccc(-c2ccccc2N)c(O)c1,Ki,'=',17,nM,7.769551079
CHEMBL391133,398.47,Cc1c(CN2CCOCC2)cc(NC(=O)C2CCCCC2C)cc1C(F)(F)F,Ki,'=',17,nM,7.769551079
CHEMBL4581919,407.56,CCN(CC)C(=O)c1ccc2c(c1)nc(Cc1ccc(OC)cc1)n2CCC(C)C,Ki,'=',17,nM,7.769551079
CHEMBL467680,314.47,CCCCCc1cc(O)c2c(c1)OC(C)(C)C1=C2C[C@@H](C)CC1,Ki,'=',17,nM,7.769551079
CHEMBL4475298,467.56,C=C=CCn1cc(C(C)(C)C)s/c1=N\C(=O)c1cc(C(F)(F)F)ccc1ONC(C)(C)C,Ki,'=',17,nM,7.769551079
CHEMBL5184576,439.29,O=S(=O)(NCC1CC1)c1ccc(Nc2ccc(Cl)cc2Cl)cc1C(F)(F)F,Ki,'=',17,nM,7.769551079
CHEMBL1828799,338.45,CCCCn1c2c(cc(C(=O)NCc3ccccc3)c1=O)CCCC2,Ki,'=',17,nM,7.769551079
CHEMBL5870042,493.53,CC(C)(O)COc1ccc(C(F)(F)F)cc1-c1nnc2c(C(C)(C)C)nn(C[C@H]3CCCO3)c2n1,Ki,'=',17,nM,7.769551079
CHEMBL594553,583.55,N/C(=N/C(=N/S(=O)(=O)N1CCCCC1)N1CC(c2ccccc2)C(c2ccc(Cl)cc2)=N1)c1ccc(Cl)cc1,Ki,'=',17,nM,7.769551079
CHEMBL2387181,431.58,CCCCCn1cc(C(=O)N[C@H](C)c2ccccc2)c(=O)c2ccc(N3CCCC3)cc21,Ki,'=',17.1,nM,7.76700389
CHEMBL524822,456.54,CC(=O)OCCCCn1c(=O)c(C(=O)NC23CC4CC(CC(C4)C2)C3)c(O)c2nn(C)cc21,Ki,'=',17.3,nM,7.761953897
CHEMBL2381787,438.56,CCCCCCC(C)(C)c1cc(OC(C)=O)c2c(c1)OC(C)(C)c1ccc(C(=O)O)cc1-2,Ki,'=',17.3,nM,7.761953897
CHEMBL3092901,352.47,CCCCCCC(C)(C)c1cc(O)c2c(c1)oc(=O)c1ccc(C)cc12,Ki,'=',17.3,nM,7.761953897
CHEMBL2348461,429.59,CCS(=O)(=O)n1c2c(c3cc(C(=O)N4CCCCC4)ccc31)CN(C1CCCC1)C2,Ki,'=',17.5,nM,7.756961951
CHEMBL5956078,424.63,CC1=CC[C@@H]2[C@@H](C1)c1c(O)cc(C3(c4ccccc4)SCCS3)cc1OC2(C)C,Ki,'=',17.6,nM,7.754487332
CHEMBL5181997,372.55,CCCCCCC(C)(C)c1cc(O)c2c(c1)OC(C)(C)C1CCC(=O)CC21,Ki,'=',17.6,nM,7.754487332
CHEMBL494619,377.53,CCCCCC1=NN(C(=O)NC(C)(C)c2ccccc2)CC1c1ccccc1,Ki,'=',17.6,nM,7.754487332
CHEMBL462329,424.63,CC1=CC[C@@H]2[C@@H](C1)c1c(O)cc(C3(c4ccccc4)SCCS3)cc1OC2(C)C,Ki,'=',17.6,nM,7.754487332
CHEMBL1270887,459.61,CCS(=O)(=O)n1c2c(c3cc(C(=O)N4CCC(C)CC4)ccc31)CN(C1CCCCO1)C2,Ki,'=',17.6,nM,7.754487332
CHEMBL2029362,438.62,C=CCCn1cc(CC(=O)NC23CC4CC(CC(C4)C2)C3)c2cc(-c3ccccc3)ccc21,Ki,'=',17.8,nM,7.749579998
CHEMBL432750,491.66,CC1CCN(C(=O)c2ccc3c(c2)c2c(n3S(=O)(=O)c3ccccc3)CN(C3CCCC3)C2)CC1,Ki,'=',17.9,nM,7.747146969
CHEMBL3093379,488.85,O=C(NC1CCCCC1)c1nn(-c2ccc(Cl)cc2Cl)c2c1CCCc1cc(Cl)ccc1-2,Ki,'=',17.9,nM,7.747146969
CHEMBL220413,399.49,CCCCCOc1cc(C(=O)NC2CCc3cc(O)c(O)cc3C2)ccc1OC,Ki,'=',17.99,nM,7.744968837
CHEMBL218253,366.53,Cc1ncsc1CCn1cc(C(=O)C2C(C)(C)C2(C)C)c2ccccc21,Ki,'=',18,nM,7.744727495
CHEMBL57840,324.51,CCCCCCC(C)(C)c1ccc(-c2c(C)cccc2C)c(O)c1,Ki,'=',18,nM,7.744727495
CHEMBL380610,418.58,CSC(=S)N1CC2(CCCCC2)CS/C1=N\c1ccc(C(F)(F)F)cc1,Ki,'=',18,nM,7.744727495
CHEMBL1215900,385.51,CC1CCC(NC(=O)c2cc3cccnc3n(CCCCCCO)c2=O)CC1,Ki,'=',18,nM,7.744727495
CHEMBL4644505,598.05,CC(=O)N/C(N)=N/C(=N/S(=O)(=O)N1CCC(C(F)(F)F)CC1)N1C[C@H](c2ccccc2)C(c2ccc(Cl)cc2)=N1,Ki,'=',18,nM,7.744727495
CHEMBL2348061,471.62,COc1cc(F)cc2c(C(=O)N[C@H]3C4(C)CCC(C4)C3(C)C)c(C)n(CCN3CCOCC3)c12,Ki,'=',18,nM,7.744727495
CHEMBL2163572,386.58,CCCCCCC(C)(C)c1cc(O)c2c(c1)OC(C)(C)[C@@H]1CC=C(CO)C[C@@H]21,Ki,'=',18,nM,7.744727495
CHEMBL3234707,314.47,CCCCCc1cc(O)c2c(c1)OC(C)(C)C1=C2C[C@H](C)CC1,Ki,'=',18,nM,7.744727495
CHEMBL1644675,340.54,COc1ccccc1/N=C1\SCC(C)(C)CN1C(=S)SC,Ki,'=',18,nM,7.744727495
CHEMBL2348278,520.58,CCCCn1nc(C(C)(C)C)s/c1=N\C(=O)c1cc(C(F)(F)F)ccc1O/N=C(\N)c1ccccn1,Ki,'=',18,nM,7.744727495
CHEMBL2381784,381.52,CCCCCn1cc(C(=O)c2cccc3ccccc23)cc1-c1ccc(C)cc1,Ki,'=',18,nM,7.744727495
CHEMBL5183623,370.58,CCCCCC(C)(C)c1cc(OC)c2c(c1)OC(C)(C)[C@@H]1CCC(C)=C[C@@H]21,Ki,'=',18,nM,7.744727495
CHEMBL604683,370.58,CCCCCC(C)(C)c1cc(OC)c2c(c1)OC(C)(C)[C@@H]1CCC(C)=C[C@@H]21,Ki,'=',18,nM,7.744727495
CHEMBL3650138,399.49,CCCCCOc1cc(C(=O)NC2CCc3cc(O)c(O)cc3C2)ccc1OC,Ki,'=',18,nM,7.744727495
CHEMBL452803,471.62,O=C(O)CCc1csc(NC(=O)c2cc3c(n(CC4CCCCC4)c2=O)CCCCCC3)n1,Ki,'=',18,nM,7.744727495
CHEMBL591572,414.62,CCN(CC)c1ccc(CN(C2CCCCC2)S(=O)(=O)c2ccc(C)cc2)cc1,Ki,'=',18,nM,7.744727495
CHEMBL3686318,484.54,CCCCn1nc(C(C)(C)C)s/c1=N\C(=O)c1cc(C(F)(F)F)ccc1O/N=C(\C)C(C)=O,Ki,'=',18,nM,7.744727495
CHEMBL3775966,366.53,Cc1ncsc1CCn1cc(C(=O)C2C(C)(C)C2(C)C)c2ccccc21,Ki,'=',18.2,nM,7.739928612
CHEMBL5093228,436.67,CCCCCn1cc(C(=O)NC23CC4CC(C)(CC(C)(C4)C2)C3)c(=S)c2ccccc21,Ki,'=',18.2,nM,7.739928612
CHEMBL3900989,448.54,CCC(CC)(NC(=O)c1ccc(N2CC(OC)C2)c(OCC2CC2)n1)C(=O)N1CC(F)C1,Ki,'=',18.3,nM,7.73754891
CHEMBL3410821,451.79,Cc1c(C(=O)NC2CCCCC2)nn(-c2ccc(Cl)cc2Cl)c1-n1cccc1Cl,Ki,'=',18.3,nM,7.73754891
CHEMBL2113156,402.49,Cc1cc2c3c(c1)c(=O)c(C(=O)NC1CCCCC1)cn3C(c1ccccc1)CO2,Ki,'=',18.4,nM,7.735182177
CHEMBL89700,404.55,CCCCn1cc(C(=O)NC23CC4CC(CC(C4)C2)C3)c(=O)cc1-c1ccccc1,Ki,'=',18.4,nM,7.735182177
CHEMBL2336552,428.53,CCCCn1c(=O)c(C(=O)NC23CC4CC(CC(C4)C2)C3)c(O)c2nn(CCO)cc21,Ki,'=',18.4,nM,7.735182177
CHEMBL453847,359.47,CCCCCn1cc(C(=O)NC2CCCCCC2)c(=O)c2c(C)noc21,Ki,'=',18.5,nM,7.732828272
CHEMBL3650141,355.4,O=C(N/N=C1\C(=O)N(Cc2ccccc2)c2ccccc21)c1ccccc1,Ki,'=',18.5,nM,7.732828272
CHEMBL2206857,328.45,CCCCC1(c2cc(O)c3cc(CCC)c(=O)oc3c2)CCCC1,Ki,'=',18.6,nM,7.730487056
CHEMBL3647313,328.45,CCCCC1(c2cc(O)c3cc(CCC)c(=O)oc3c2)CCCC1,Ki,'=',18.62,nM,7.730020323
CHEMBL237897,476.06,Cc1ccc(Cn2nc(C(=O)NC3C4(C)CCC(C4)C3(C)C)cc2-c2ccc(Cl)c(C)c2)cc1,Ki,'=',18.65,nM,7.729321164
CHEMBL4077875,434.65,CCCCCn1cc(C(=O)NC23CC4CC(CC(C4)C2)C3)c(=S)cc1-c1ccccc1,Ki,'=',18.8,nM,7.725842151
CHEMBL399316,337.47,CCCCCn1cc2c(=O)n(C3CCCCC3)nc-2c2ccccc21,Ki,'=',18.8,nM,7.725842151
CHEMBL1215908,430.54,CC12CC(Nc3ccc(S(=O)(=O)NCC4CC4)c(C(F)(F)F)c3)CC(C1)C2(C)C,Ki,'=',18.8,nM,7.725842151
CHEMBL238119,481.57,CCC(CC)(NC(=O)c1ccc(N2CC(OC)C2)c(OC[C@@H]2C[C@H]2CO)n1)C(=O)OCCCF,Ki,'=',18.8,nM,7.725842151
CHEMBL3774483,434.51,CN1N=CC2C1C(O)=C(C(=O)NC13CC4CC(CC(O)(C4)C1)C3)C(=O)N2CCCCF,Ki,'=',18.9,nM,7.723538196
CHEMBL3686305,466.69,CCN(CC)c1ccc(CN([C@]23C[C@H]4C[C@H](C[C@H](C4)C2)C3)S(=O)(=O)c2cccc(C)c2)cc1,Ki,'=',19,nM,7.721246399
CHEMBL567593,348.45,CCCCn1c(C)c(C)cc(NC(=O)c2cccc3ccccc23)c1=O,Ki,'=',19,nM,7.721246399
CHEMBL577489,430.45,COc1cc(Nc2ccc(S(=O)(=O)NCC3CC3)c(C(F)(F)F)c2)cc(OC)c1,Ki,'=',19,nM,7.721246399
CHEMBL6018220,370.54,Cc1ccc(C(=O)NC2C(C)(C)[C@@H]3CC[C@@]2(C)C3)cc1CN1CCOCC1,Ki,'=',19,nM,7.721246399
CHEMBL2023575,333.48,CCCCCn1c(C)c(C(=O)Cc2ccccc2C)c2ccccc21,Ki,'=',19,nM,7.721246399
CHEMBL2336566,384.52,CC1(C)Oc2cc(C34CC5CC(CC(C5)O3)C4)cc(O)c2[C@@H]2C[C@H](O)CC[C@H]21,Ki,'=',19,nM,7.721246399
CHEMBL4163771,368.48,CCCCCOc1ccc(C(=O)c2cccc3ccccc23)c2ccccc12,Ki,'=',19,nM,7.721246399
CHEMBL584528,389.93,CCCCCn1c(C)c(C(=O)c2cccc3cccc(Cl)c23)c2ccccc21,Ki,'=',19,nM,7.721246399
CHEMBL2326310,418.56,Cc1ccc(C(=O)NC23CC4CC(CC(C4)C2)C3)cc1S(=O)(=O)N1CCOCC1,Ki,'=',19,nM,7.721246399
CHEMBL2163575,456.46,C#Cc1ccccc1Cn1nnc2c(N3CCC4(C3)N=N4)nc(C(F)(F)c3ccccc3)nc21,Ki,'=',19,nM,7.721246399
CHEMBL3774717,368.48,CCCCCOc1ccc(C(=O)c2cccc3ccccc23)c2ccccc12,Ki,'=',19,nM,7.721246399
CHEMBL3650137,435.34,Cc1c(Br)cn(Cc2ccc(F)cc2)c(=O)c1NC(=O)C1CCCCCC1,Ki,'=',19,nM,7.721246399
CHEMBL2163962,466.69,CCN(CC)c1ccc(CN([C@]23C[C@H]4C[C@H](C[C@H](C4)C2)C3)S(=O)(=O)c2cccc(C)c2)cc1,Ki,'=',19.01,nM,7.721017883
CHEMBL2381792,486.23,Cc1c(C(=O)NC2CCCCC2)nn(-c2ccc(Cl)cc2Cl)c1-n1c(Cl)ccc1Cl,Ki,'=',19.1,nM,7.718966633
CHEMBL3774454,472.61,CCCCCn1cc(C(=O)NOCc2ccccc2)c(=O)c2ccc(Sc3ccccc3)cc21,Ki,'=',19.3,nM,7.714442691
CHEMBL3686286,416.52,CCCCN1C(=O)C(C(=O)NC23CC4CC(CC(O)(C4)C2)C3)=C(O)C2C1C=NN2C,Ki,'=',19.3,nM,7.714442691
CHEMBL5410025,321.38,CCCCN1C(=O)/C(=N\NC(=O)c2ccccc2)c2ccccc21,Ki,'=',19.3,nM,7.714442691
CHEMBL404650,384.6,C=C1CC[C@@H]2[C@@H](C1)c1c(OC)cc(C(C)(C)CCCCCC)cc1OC2(C)C,Ki,'=',19.4,nM,7.71219827
CHEMBL473063,346.47,CC1(C)C(C(=O)c2cn(CCc3cccnc3)c3ccccc23)C1(C)C,Ki,'=',19.5,nM,7.709965389
CHEMBL3775328,460.75,CCCCCCC1(c2cc(O)c3c(c2)OC(C)(C)[C@@H]2CC=C(C)C[C@@H]32)SC(C)C(C)S1,Ki,'=',19.5,nM,7.709965389
CHEMBL248137,542.94,CC1(C)C2CCC(CNC(=O)c3nn(-c4ccc(Cl)cc4Cl)c4c3CCCc3cc(Cl)ccc3-4)C1C2,Ki,'=',19.5,nM,7.709965389
CHEMBL1641960,476.06,Cc1ccc(Cn2nc(C(=O)N[C@@H]3C(C)(C)[C@@H]4CC[C@@]3(C)C4)cc2-c2ccc(Cl)c(C)c2)cc1,Ki,'=',19.7,nM,7.705533774
CHEMBL2057804,460.75,CCCCCCC1(c2cc(O)c3c(c2)OC(C)(C)[C@@H]2CC=C(C)C[C@@H]32)SC(C)C(C)S1,Ki,'=',19.7,nM,7.705533774
CHEMBL3092898,342.44,CCCCn1cc(C(=O)NC2CCCC2)c(=O)c2cccc(OC)c21,Ki,'=',19.7,nM,7.705533774
CHEMBL4637806,355.53,CCCCCC1=NN(C(=O)NC2CCCCCC2)CC1c1ccccc1,Ki,'=',19.8,nM,7.70333481
CHEMBL5896172,340.47,CCCCn1c(=O)c(C(=O)NC2CCC(C)CC2)cc2ccccc21,Ki,'=',19.8,nM,7.70333481
CHEMBL2181546,449.39,Cc1nc(N2CCN(C)CC2)c2nc(-c3ccccc3Cl)n([C@@H]3CCOC3)c2n1.Cl,Ki,'=',19.9,nM,7.701146924
CHEMBL3942936,438.59,CCCCCn1cc(C(=O)NC(CC)CO)c(=O)c2ccc(Sc3ccccc3)cc21,Ki,'=',19.9,nM,7.701146924
CHEMBL376028,473.74,CCCCCCC(C)(C)c1cc(O)cc(OCCCCCCCCCCCC(=O)NC2CC2)c1,Ki,'=',19.95,nM,7.7000571
CHEMBL2029726,566.15,O=C(NCCO)[C@H]1CCCN(Cc2nc(-c3cn(CC4CCS(=O)(=O)CC4)c4c(Cl)cccc34)ns2)C1,Ki,'=',19.95,nM,7.7000571
CHEMBL2348471,502.02,O=C(NCCO)C1CCN(Cc2nc(-c3cn(CC4CCOCC4)c4c(Cl)cccc34)no2)CC1,Ki,'=',19.95,nM,7.7000571
CHEMBL4581598,384.32,CCCCCn1cc(C(=O)Cc2ccccc2Br)c2ccccc21,Ki,'=',20,nM,7.698970004
CHEMBL2441445,418.33,Cc1c(C(=O)NN2CCCCC2)nn(-c2ccc(Cl)c(Cl)c2)c1-n1cccc1,Ki,'=',20,nM,7.698970004
CHEMBL3581226,428.99,CCN(CC)c1ccc(CN(c2ccc(Cl)cc2)S(=O)(=O)c2ccccc2)cc1,Ki,'=',20,nM,7.698970004
CHEMBL1215978,651.54,N/C(=N\C(=N\S(=O)(=O)N1CCC(C(F)(F)F)CC1)N1CC(c2ccccc2)C(c2ccc(Cl)cc2)=N1)c1ccc(Cl)cc1,Ki,'=',20,nM,7.698970004
CHEMBL597083,431.37,Cc1c(C(=O)NC2CCCCCC2)nn(-c2ccc(Cl)cc2Cl)c1-n1cccc1,Ki,'=',20,nM,7.698970004
CHEMBL385508,326.44,CCCCn1c(CC)c(C)cc(C(=O)NCc2ccccc2)c1=O,Ki,'=',20,nM,7.698970004
CHEMBL2087089,397.52,CCCCCn1cc(C(=O)c2cccc3ccccc23)cc1-c1ccccc1OC,Ki,'=',20,nM,7.698970004
CHEMBL2087094,458.52,COc1ccc(-c2oc3ccccc3c2C(=O)c2ccc(NCc3ccc(C#N)cc3)cc2)cc1,Ki,'=',20,nM,7.698970004
CHEMBL1828809,376.5,O=C(c1ccc2c(c1)c1ccccc1n2CC1CCOCC1)N1CCCCC1,Ki,'=',20,nM,7.698970004
CHEMBL1828812,473.74,CCCCCCC(C)(C)c1cc(O)cc(OCCCCCCCCCCCC(=O)NC2CC2)c1,Ki,'=',20,nM,7.698970004
CHEMBL239208,453.32,CCCn1c(C)c(C(=O)c2ccc(I)c3ccccc23)c2ccccc21,Ki,'=',20,nM,7.698970004
CHEMBL3323674,418.33,Cc1c(C(=O)NN2CCCCC2)nn(-c2ccc(Cl)c(Cl)c2)c1-n1cccc1,Ki,'=',20,nM,7.698970004
CHEMBL4216075,346.47,CC1(C)C(C(=O)c2cn(CCc3cccnc3)c3ccccc23)C1(C)C,Ki,'=',20,nM,7.698970004
CHEMBL4437727,324.51,CCCCCCC(C)(C)c1ccc(-c2cccc(C)c2C)c(O)c1,Ki,'=',20,nM,7.698970004
CHEMBL234239,519.59,CC(C)(C)c1cn(C[C@H]2CCCO2)/c(=N/C(=O)c2cc(C(F)(F)F)ccc2OCc2ccccn2)s1,Ki,'=',20,nM,7.698970004
CHEMBL4437290,486.59,COC(=O)[C@H](Cc1cscn1)NC(=O)c1c(C)n(CCN2CCOCC2)c2c(OC)cccc12,Ki,'=',20,nM,7.698970004
CHEMBL494563,351.49,Cc1nc(C(=O)NC[C@H]2C[C@@H]3C[C@H](C2)C3(C)C)c(C)n1-c1ccccc1,Ki,'=',20,nM,7.698970004
CHEMBL1215892,383.5,CCCCCn1cc(C(=O)NC23CC4CC(CC(C4)C2)C3)c(=O)n2ncnc12,Ki,'=',20,nM,7.698970004
CHEMBL1641962,417.51,CNC(=O)[C@@H](NC(=O)n1c(=O)n(CCN2CCOCC2)c2ccccc21)C(C)(C)C,Ki,'=',20,nM,7.698970004
CHEMBL2057799,499.6,CC(C)(C)NOc1ccc(C(F)(F)F)cc1C(=O)/N=c1\sc(C(C)(C)C)cn1C[C@H]1CCCO1,Ki,'=',20,nM,7.698970004
CHEMBL3924830,384.6,CCCCCCC(C)(C)c1cc(OC)c2c(c1)OC(C)(C)[C@@H]1CC=C(C)C[C@@H]21,Ki,'=',20,nM,7.698970004
CHEMBL203131,469.42,Cc1c(C(=O)NC23CC4CC(CC(C4)C2)C3)nn(-c2ccc(Cl)c(Cl)c2)c1-n1cccc1,Ki,'=',20,nM,7.698970004
CHEMBL464679,412.93,Cc1nc(N2CCN(C)CC2)c2nc(-c3ccccc3Cl)n([C@@H]3CCOC3)c2n1,Ki,'=',20,nM,7.698970004
CHEMBL3581228,356.51,CCCCCn1cc(C(=O)NC23CC4CC(CC(C4)C2)C3)c(=O)cc1C,Ki,'=',20,nM,7.698970004
CHEMBL2441252,426.52,Cc1c(C(=O)c2cccc3ccccc23)c2cccc3c2n1[C@H](CN1CCOCC1)CO3,Ki,'=',20,nM,7.698970004
CHEMBL1091814,451.5,COc1ccc(-c2oc3ccccc3c2C(=O)c2ccc(NCc3ccc(F)cc3)cc2)cc1,Ki,'=',20,nM,7.698970004
CHEMBL2381798,297.44,CCCCCCC(C)(C)c1ccc(-c2cccnc2)c(O)c1,Ki,'=',20,nM,7.698970004
CHEMBL3650106,328.39,O=C(NC1CCCCC1)c1cccn(Cc2ccc(F)cc2)c1=O,Ki,'=',20,nM,7.698970004
CHEMBL434351,428.55,CCN(CC)c1ccc(CN(Cc2ccco2)S(=O)(=O)c2ccc(OC)cc2)cc1,Ki,'=',20,nM,7.698970004
CHEMBL3650110,355.53,Cc1nc(C(=O)NC23CC4CC(CC(C4)C2)C3)c(C)n1C1CCCCC1,Ki,'=',20,nM,7.698970004
CHEMBL426912,325.36,NCCOCCOc1ccc(-c2cc(=O)c3ccccc3o2)cc1,Ki,'=',20,nM,7.698970004
CHEMBL3949933,383.5,CCCCCn1cc(C(=O)NC23CC4CC(CC(C4)C2)C3)c(=O)n2ncnc12,Ki,'=',20,nM,7.698970004
CHEMBL1631289,354.45,CCc1c(C(=O)Nc2cccc3ccccc23)cc(C)n1-c1ccccc1,Ki,'=',20.02,nM,7.698535927
CHEMBL1668509,395.59,CCCCCN1N=C(C(=O)N[C@H]2C[C@H]3CC[C@]2(C)C3(C)C)CC1c1ccccc1,Ki,'=',20.1,nM,7.696803943
CHEMBL1215899,367.53,O=C(NC12CC3CC(CC(C3)C1)C2)c1ccccc1OCC1CCCCC1,Ki,'=',20.1,nM,7.696803943
CHEMBL498131,419.36,Cc1c(C(=O)NC(C)(C)C)nn(-c2ccc(Cl)cc2Cl)c1-n1c(C)ccc1C,Ki,'=',20.2,nM,7.694648631
CHEMBL3092900,376.89,O=C1/C(=C/c2cn(Cc3ccc(Cl)cc3)c3ccccc23)N2CCC1CC2,Ki,'=',20.3,nM,7.692503962
CHEMBL375791,314.47,CCCC(C)(C)c1ccc2c(c1)OC(C)(C)[C@@H]1CC=C(O)C[C@@H]21,Ki,'=',20.3,nM,7.692503962
CHEMBL2336573,312.5,CCCC(C)(C)c1ccc2c(c1)OC(C)(C)[C@@H]1CC=C(C)C[C@@H]21,Ki,'=',20.3,nM,7.692503962
CHEMBL1224688,344.46,CCCCCn1cc(C(=O)N[C@H](C(N)=O)C(C)(C)C)c2cccnc21,Ki,'=',20.4,nM,7.690369833
CHEMBL3114173,465.39,COCCn1c(-c2ccccc2Cl)nc2c(N3CCN(C(C)=O)CC3)nc(C)nc21.Cl,Ki,'=',20.4,nM,7.690369833
CHEMBL3686289,344.46,CCCCCn1cc(C(=O)N[C@H](C(N)=O)C(C)(C)C)c2cccnc21,Ki,'=',20.42,nM,7.689944262
CHEMBL511021,440.63,CCCCn1cc(CC(=O)NC23CC4CC(CC(C4)C2)C3)c2cc(-c3ccccc3)ccc21,Ki,'=',20.5,nM,7.688246139
CHEMBL3647316,518.44,CCCCCn1cc(C(=O)NC23CC4CC(CC(C4)C2)C3)c(=O)c2cc(I)ccc21,Ki,'=',20.6,nM,7.68613278
CHEMBL3775265,518.44,CCCCCn1cc(C(=O)NC23CC4CC(CC(C4)C2)C3)c(=O)c2cc(I)ccc21,Ki,'=',20.6,nM,7.68613278
CHEMBL4453164,482.41,CCCCCn1cc(C(=O)NC23CC4CC(CC(C4)C2)C3)c(=O)c(I)c1C,Ki,'=',20.8,nM,7.681936665
CHEMBL3897023,354.58,CCCCCCC(C)(C)c1ccc2c(c1)OC(C)(C)[C@@H]1CC=C(C)C[C@@H]21,Ki,'=',20.8,nM,7.681936665
CHEMBL3353427,388.53,CCCNC(=O)c1c(NC(=O)C23CC4CC(CC2C4)C3)sc2c1CCOC2,Ki,'=',20.89,nM,7.68006156
CHEMBL583244,383.27,CCOC(=O)C(C)(C)c1cc(O)c(-c2cc(Cl)cc(Cl)c2)c(OC)c1,Ki,'=',20.9,nM,7.679853714
CHEMBL4474156,388.53,COC(=O)c1c(NC(=O)NC23CC4CC(CC(C4)C2)C3)sc2c1CCCC2,Ki,'=',20.97,nM,7.67840157
CHEMBL4282604,371.48,CC1(C)C(C(=O)c2cn(CC3CCOCC3)c3cc(O)c(O)cc23)C1(C)C,Ki,'=',21,nM,7.677780705
CHEMBL1909855,621.1,CC(C)C1(CNS(=O)(=O)C(F)(F)F)CCN(S(=O)(=O)c2ccc(Cl)cc2S(=O)(=O)c2ccccc2F)CC1,Ki,'=',21,nM,7.677780705
CHEMBL245909,489.83,O=C(NN1CCCCC1)c1nn(-c2ccc(Cl)cc2Cl)c2c1CCCc1cc(Cl)ccc1-2,Ki,'=',21,nM,7.677780705
CHEMBL177393,397.52,CCCCCn1cc(C(=O)NC23CC4CC(CC(C4)C2)C3)c(=O)c2c(C)noc21,Ki,'=',21,nM,7.677780705
CHEMBL3650085,750.7,O=C(NN1CCCCC1)c1cn(-c2ccc(Cl)cc2Cl)c(-c2ccc(C#Cc3ccc(C(F)(F)F)cc3)s2)c1CNS(=O)(=O)N1CCCC1,Ki,'=',21,nM,7.677780705
CHEMBL2170528,502.66,CCCCCn1cc(C(=O)NC23CC4CC(CC(C4)C2)C3)c(=O)n2nc(N(C)Cc3ccccc3)nc12,Ki,'=',21,nM,7.677780705
CHEMBL235732,527.61,CC(C)(C)c1cn(C[C@H]2CCCO2)/c(=N/C(=O)c2cc(C(F)(F)F)ccc2OC[C@@H]2CNCCO2)s1,Ki,'=',21,nM,7.677780705
CHEMBL233633,444.52,CCCCn1nc(C(C)(C)C)s/c1=N/C(=O)c1cc(C(F)(F)F)ccc1ON(C)C,Ki,'=',21,nM,7.677780705
CHEMBL2336548,537.58,CCCCn1nc(C(C)(C)C)s/c1=N\C(=O)c1cc(C(F)(F)F)ccc1O/N=C(\N)c1ccc(F)cc1,Ki,'=',21,nM,7.677780705
CHEMBL2381795,423.53,CC(C)C[C@@H](COCCF)NC(=O)c1ccc(N2CCCC2)c(OCC2COC2)n1,Ki,'=',21,nM,7.677780705
CHEMBL238083,477.73,CCCCCCC(C)(C)c1cc(O)cc(OCCCCCCCCCCC(=O)N[C@H](C)CO)c1,Ki,'=',21.2,nM,7.673664139
CHEMBL5864627,371.48,CC1(C)C(C(=O)c2cn(CC3CCOCC3)c3cc(O)c(O)cc23)C1(C)C,Ki,'=',21.38,nM,7.669992299
CHEMBL5819454,371.48,CC1(C)C(C(=O)c2cn(CC3CCOCC3)c3cc(O)c(O)cc23)C1(C)C,Ki,'=',21.38,nM,7.669992299
CHEMBL5424370,526.72,CCCCCn1cc(C(=O)NC23CC4CC(CC(C4)C2)C3)c(=O)c2cc(-c3cc(C)c(OC)c(C)c3)ccc21,Ki,'=',21.5,nM,7.66756154
CHEMBL524731,526.72,CCCCCn1cc(C(=O)NC23CC4CC(CC(C4)C2)C3)c(=O)c2cc(-c3cc(C)c(OC)c(C)c3)ccc21,Ki,'=',21.5,nM,7.66756154
CHEMBL2019080,423.56,CN(CC(=O)NC1CC1)C(=O)c1ccc2c(c1)c1c(n2C)CC[C@@H](C2CCOCC2)C1,Ki,'=',21.5,nM,7.66756154
CHEMBL576920,459.72,CCCCCc1cc(OCCCC)cc(OCCCCCCCCCCC(=O)NC2CC2)c1,Ki,'=',21.5,nM,7.66756154
CHEMBL465718,406.57,CCCCCn1cc(C(=O)NCC23CC4CC(CC(C4)C2)C3)c(=O)c2ccccc21,Ki,'=',21.6,nM,7.665546249
CHEMBL3938540,476.06,Cc1ccc(Cn2nc(C(=O)NC3C4(C)CCC(C4)C3(C)C)cc2-c2ccc(Cl)c(C)c2)cc1,Ki,'=',21.6,nM,7.665546249
CHEMBL2019083,633.76,CCC(CC)(NC(=O)c1ccc(N2CC(OC)C2)c(OC[C@H]2C[C@@H]2CO)n1)C(=O)OCCCOS(=O)(=O)c1ccc(C)cc1,Ki,'=',21.6,nM,7.665546249
CHEMBL396628,503.34,CN1CCCCC1Cn1cc(C(=O)c2cc([N+](=O)[O-])ccc2I)c2ccccc21,Ki,'=',21.8,nM,7.661543506
CHEMBL2163945,457.6,O=C(O)Cc1csc(NC(=O)c2cc3c(n(CC4CCCCC4)c2=O)CCCCCC3)n1,Ki,'=',21.98,nM,7.657972312
CHEMBL1909851,457.62,CCCN(CCC)c1ccc(C(NC(=O)Cc2ccccc2)NC(=O)Cc2ccccc2)cc1,Ki,'=',22,nM,7.657577319
CHEMBL4877653,433.34,COc1ccc2c(c1)c(CN1CCOCC1)c(C)n2C(=O)c1cccc(Cl)c1Cl,Ki,'=',22,nM,7.657577319
CHEMBL3092887,441.62,COc1cccc2c(C(=O)NC3CC(C)(C)CCC3(C)C)cn(CCN3CCOCC3)c12,Ki,'=',22,nM,7.657577319
CHEMBL1215977,499.6,CCN(CC)Oc1ccc(C(F)(F)F)cc1C(=O)/N=c1\sc(C(C)(C)C)cn1C[C@H]1CCCO1,Ki,'=',22,nM,7.657577319
CHEMBL3949388,457.6,O=C(O)Cc1csc(NC(=O)c2cc3c(n(CC4CCCCC4)c2=O)CCCCCC3)n1,Ki,'=',22,nM,7.657577319
CHEMBL452039,435.57,CCCCCn1cc(C(=O)NC2CCCCCC2)c(=O)n2nc(-c3ccc(C)cc3)nc12,Ki,'=',22,nM,7.657577319
CHEMBL395159,370.38,COc1ccc2cc(C(=O)NCC(F)c3ccccc3)c(=O)[nH]c2c1OC,Ki,'=',22,nM,7.657577319
CHEMBL488816,340.42,CCC1COc2cccc3c(=O)c(C(=O)NC4CCCCC4)cn1c23,Ki,'=',22,nM,7.657577319
CHEMBL3953330,361.87,CCCn1c(C)c(C(=O)c2ccc(Cl)c3ccccc23)c2ccccc21,Ki,'=',22,nM,7.657577319
CHEMBL2381789,352.59,CSC(=S)N1CC(C)(C)CS/C1=N\c1ccc(C(C)C)cc1,Ki,'=',22,nM,7.657577319
CHEMBL463546,433.34,COc1ccc2c(c1)c(CN1CCOCC1)c(C)n2C(=O)c1cccc(Cl)c1Cl,Ki,'=',22,nM,7.657577319
CHEMBL4641147,375.47,O=C(NC1CCCCCC1)c1cc2cccnc2n(Cc2ccccc2)c1=O,Ki,'=',22,nM,7.657577319
CHEMBL1822936,409.57,CCCCc1cc(-c2ccc(OC)cc2)cc(C(=O)N[C@H]2CC[C@@H](C)CC2)c1OC,Ki,'=',22,nM,7.657577319
CHEMBL560383,457.6,O=C(O)Cc1csc(NC(=O)c2cc3c(n(CC4CCCCC4)c2=O)CCCCCC3)n1,Ki,'=',22,nM,7.657577319
CHEMBL272189,344.46,CCCCCn1cc(C(=O)NC2CCCCC2)c(=O)n2nc(C)cc12,Ki,'=',22,nM,7.657577319
CHEMBL194999,457.62,CCCN(CCC)c1ccc(C(NC(=O)Cc2ccccc2)NC(=O)Cc2ccccc2)cc1,Ki,'=',22,nM,7.657577319
CHEMBL3920211,386.54,CCCCCOc1ccccc1-c1cc(C(=O)N(CC(C)C)CC(C)C)no1,Ki,'=',22.1,nM,7.655607726
CHEMBL5959502,414.66,C[C@H](/C=C\C/C=C\C/C=C\CCCC(=O)NC1CC1)/C=C\CCCCCN=C=S,Ki,'=',22.1,nM,7.655607726
CHEMBL3921132,426.56,C=CCn1cc(C(=O)NC23CC4CC(CC(C4)C2)C3)c2cc(-c3ccc(O)cc3)ccc21,Ki,'=',22.2,nM,7.653647026
CHEMBL5816598,409.49,CCCCOc1c(OC)ccc2cc(C(=O)NCCc3ccc(N)cc3)c(=O)[nH]c12,Ki,'=',22.3,nM,7.651695137
CHEMBL514406,431.6,CCCCN(C)C(=O)c1ccc2c(c1)c1c(n2S(=O)(=O)CC)CN(C2CCCC2)C1,Ki,'=',22.3,nM,7.651695137
CHEMBL72163,457.64,CCCS(=O)(=O)n1c2c(c3cc(C(=O)N4CCC(C)CC4)ccc31)CN(C1CCCC1)C2,Ki,'=',22.3,nM,7.651695137
CHEMBL472679,378.52,O=C(c1cn(CCN2CCOCC2)c2ccccc12)C12CC3CC(CC1C3)C2,Ki,'=',22.39,nM,7.649945906
CHEMBL1215994,389.54,CCCCCC1=NN(C(=O)NC2CCCc3ccccc32)CC1c1ccccc1,Ki,'=',22.5,nM,7.647817482
CHEMBL1215909,396.27,N#Cc1ccccc1CSc1nnc2c(n1)[nH]c1cccc(Br)c12,Ki,'=',22.5,nM,7.647817482
CHEMBL4591232,414.63,CCCCCCC(C)(C)c1cc(OC)c([C@H]2C=C(CO)[C@H]3C[C@@H]2C3(C)C)c(OC)c1,Ki,'=',22.7,nM,7.643974143
CHEMBL3892329,386.58,CCCCC(C)(C)c1cc(OC)c(C2C=C(CO)C3CC2C3(C)C)c(OC)c1,Ki,'=',22.7,nM,7.643974143
CHEMBL3605042,414.63,CCCCCCC(C)(C)c1cc(OC)c([C@H]2C=C(CO)[C@H]3C[C@@H]2C3(C)C)c(OC)c1,Ki,'=',22.7,nM,7.643974143
CHEMBL2326033,356.47,CCCCCOc1ccccc1-c1cc(C(=O)NC2CCCCC2)no1,Ki,'=',22.8,nM,7.642065153
CHEMBL3397517,356.47,CCCCCOc1ccccc1-c1cc(C(=O)NC2CCCCC2)no1,Ki,'=',22.8,nM,7.642065153
CHEMBL1814470,459.59,CCCCCc1cc(OC)cc(OCCCCCCCCCCC(=O)NCC(F)(F)F)c1,Ki,'=',22.9,nM,7.640164518
CHEMBL2112291,501.47,CCCCCn1cc(C(=O)NC23CC4CC(CC(C4)C2)C3)c(=O)c2cc(Br)cc(OC)c21,Ki,'=',22.9,nM,7.640164518
CHEMBL494627,548.49,C[C@H](NS(C)(=O)=O)c1ccc(S(=O)(=O)c2ccc(Cl)cc2S(=O)(=O)c2cccc(Cl)c2)cc1,Ki,'=',23,nM,7.638272164
CHEMBL3397519,380.51,Cc1ccc(NC(=O)C2C(C)(C)C2(C)C)cc1S(=O)(=O)N1CCOCC1,Ki,'=',23,nM,7.638272164
CHEMBL5548838,420.6,Cc1ccc(-c2nc(CC3CCCCC3)cs2)cc1S(=O)(=O)N1CCOCC1,Ki,'=',23,nM,7.638272164
CHEMBL2163960,392.66,CSC(=S)N1CC2(CCCCC2)CS/C1=N\c1ccc(C(C)C)cc1,Ki,'=',23,nM,7.638272164
CHEMBL3781544,380.51,Cc1ccc(NC(=O)C2C(C)(C)C2(C)C)cc1S(=O)(=O)N1CCOCC1,Ki,'=',23,nM,7.638272164
CHEMBL2414028,363.48,Cc1ccc(-c2nc(C(C)(C)C)c[nH]2)cc1S(=O)(=O)N1CCOCC1,Ki,'=',23,nM,7.638272164
CHEMBL2436760,378.52,O=C(c1cn(CCN2CCOCC2)c2ccccc12)C12CC3CC(CC1C3)C2,Ki,'=',23,nM,7.638272164
CHEMBL4850004,448.38,Cc1ccc(NC(=O)C(C)(C(F)(F)F)C(F)(F)F)cc1S(=O)(=O)N1CCOCC1,Ki,'=',23,nM,7.638272164
CHEMBL2414035,609.67,CN(C)c1ncccc1S(=O)(=O)n1c(S(=O)(=O)N2CCC(CNS(=O)(=O)C(F)(F)F)CC2)cc2ccccc21,Ki,'=',23,nM,7.638272164
CHEMBL2414032,448.38,Cc1ccc(NC(=O)C(C)(C(F)(F)F)C(F)(F)F)cc1S(=O)(=O)N1CCOCC1,Ki,'=',23,nM,7.638272164
CHEMBL270968,380.51,Cc1ccc(NC(=O)C2C(C)(C)C2(C)C)cc1S(=O)(=O)N1CCOCC1,Ki,'=',23,nM,7.638272164
CHEMBL2441464,435.57,CCOc1ccc(Cc2nc3cc(C(=O)N(CC)CC)ccc3n2C[C@H]2CCCO2)cc1,Ki,'=',23,nM,7.638272164
CHEMBL583654,357.85,CCN1CCN(c2nc(C)nc3oc(-c4ccccc4Cl)nc23)CC1,Ki,'=',23,nM,7.638272164
CHEMBL219970,376.58,CCCCCCC(C)(C)c1cc(OC)c(C2CCCC(C)(O)C2)c(OC)c1,Ki,'=',23,nM,7.638272164
CHEMBL3986120,397.52,CCCCCn1cc(C(=O)c2cccc3ccccc23)cc1-c1cccc(OC)c1,Ki,'=',23,nM,7.638272164
CHEMBL3686306,420.6,Cc1ccc(-c2nc(CC3CCCCC3)cs2)cc1S(=O)(=O)N1CCOCC1,Ki,'=',23,nM,7.638272164
CHEMBL3647321,390.47,O=S(=O)(NCC1CC1)c1ccc(NC2CCCCCC2)cc1C(F)(F)F,Ki,'=',23,nM,7.638272164
CHEMBL1223592,376.58,CCCCCCC(C)(C)c1cc(OC)c([C@@]2(O)CCC[C@@H](C)C2)c(OC)c1,Ki,'=',23,nM,7.638272164
CHEMBL4866238,333.45,COC(=O)c1cc(C)sc1NC(=O)C12CC3CC(CC(C3)C1)C2,Ki,'=',23.09,nM,7.636576067
CHEMBL3353431,391.56,C=CCn1c2c(c3cc(C(=O)N4CCC(C)CC4)ccc31)CN(C1CCCC1)C2,Ki,'=',23.3,nM,7.632644079
CHEMBL4647926,432.61,CCCCCn1cc(C(=O)NCC23CC4CC(CC(C4)C2)C3)c(=O)cc1-c1ccccc1,Ki,'=',23.3,nM,7.632644079
CHEMBL3092903,421.59,CCCCCn1cc(C(=O)NC23CC4CC(C)(CC(C)(C4)C2)C3)c(=O)c2cccnc21,Ki,'=',23.5,nM,7.628932138
CHEMBL3114342,348.44,CC1=CC[C@@H]2[C@@H](C1)c1c(O)cc(C(=O)c3ccccc3)cc1OC2(C)C,Ki,'=',23.6,nM,7.627087997
CHEMBL566260,336.43,CC1=CC[C@@H]2[C@@H](C1)c1c(O)cc(Oc3ccccc3)cc1OC2(C)C,Ki,'=',23.6,nM,7.627087997
CHEMBL454096,361.42,O=C1/C(=C/c2cn(Cc3ccc(F)cc3)c3ncccc23)N2CCC1CC2,Ki,'=',23.7,nM,7.625251654
CHEMBL5910931,444.93,CCCCCOc1c(OC)ccc2cc(C(=O)NCCc3ccc(F)cc3)c(Cl)nc12,Ki,'=',23.8,nM,7.623423043
CHEMBL394006,369.9,Cc1nc(C(=O)NC23CC4CC(CC(C4)C2)C3)c(Cl)n1-c1ccccc1,Ki,'=',23.8,nM,7.623423043
CHEMBL1828800,455.4,C=CCCn1cc(C(=O)NC23CC4CC(CC(C4)C2)C3)c(=O)c2cc(Br)ccc21,Ki,'=',23.8,nM,7.623423043
CHEMBL2348474,496.57,Cn1c(C(C)(C)C)c/c(=N/C(=O)c2cc(C(F)(F)F)ccc2ONC(C)(C)C)n1C[C@H]1CCCO1,Ki,'=',24,nM,7.619788758
CHEMBL5195978,404.67,CSC(=S)N1CC2(CCCCC2)CS/C1=N\c1ccc2c(c1)CCCC2,Ki,'=',24,nM,7.619788758
CHEMBL2179771,368.48,CCCCCn1cc(C(=O)c2cccc3ccccc23)cc1-c1cccnc1,Ki,'=',24,nM,7.619788758
CHEMBL219580,305.42,CCC(C)(C)C(=O)Nc1cc(CN2CCOCC2)c(C)cn1,Ki,'=',24,nM,7.619788758
CHEMBL406924,305.42,CCC(C)(C)C(=O)Nc1cc(CN2CCOCC2)c(C)cn1,Ki,'=',24,nM,7.619788758
CHEMBL4471569,541.64,CC(C)(C)c1cn(C[C@H]2CCCO2)/c(=N/C(=O)c2cc(C(F)(F)F)ccc2OC[C@H]2CCC[N+]2(C)[O-])s1,Ki,'=',24,nM,7.619788758
CHEMBL410912,477.61,CCC(=O)[C@H](Cc1ccccc1)NC(=O)c1c(C)n(CCN2CCOCC2)c2c(OC)cccc12,Ki,'=',24,nM,7.619788758
CHEMBL3114179,489.87,OC(CC1CCCCC1)c1nn(-c2ccc(Cl)cc2Cl)c2c1CCCc1cc(Cl)ccc1-2,Ki,'=',24,nM,7.619788758
CHEMBL3639489,326.4,C[C@@H]1COc2cccc3c(=O)c(C(=O)NC4CCCCC4)cn1c23,Ki,'=',24,nM,7.619788758
CHEMBL232928,355.48,C#CCCCn1cc(C(=O)c2ccc3c(c2)CC(C)(C)C3)c2ccccc21,Ki,'=',24,nM,7.619788758
CHEMBL4519883,371.52,CCCC(C)O/N=C(\C)c1cc(O)c2c(c1)OC(C)(C)[C@H]1CC=C(C)C[C@H]21,Ki,'=',24,nM,7.619788758
CHEMBL1215954,384.52,Cc1cc(=O)c(C(=O)NC23CC4CC(CC(C4)C2)C3)cn1CC1CCOCC1,Ki,'=',24.1,nM,7.617982957
CHEMBL4588694,406.53,CCCCCn1cc(C(=O)N[C@H](C)c2ccccc2)c(=O)c2ccc(OCC)cc21,Ki,'=',24.2,nM,7.616184634
CHEMBL3353445,304.43,CCCCCn1cc(C(=O)NC2CCCCC2)c(=O)cc1C,Ki,'=',24.4,nM,7.612610174
CHEMBL1215943,361.57,CCCCC/C=C\C/C=C\C/C=C\[C@H](C)/C=C\CCCC(=O)NCCO,Ki,'=',24.7,nM,7.607303047
CHEMBL571323,423.56,CC1(C)Oc2cc([C@]34CC5CC(C[C@@](N=[N+]=[N-])(C5)C3)C4)cc(O)c2[C@@H]2C[C@H](O)CC[C@H]21,Ki,'=',24.8,nM,7.605548319
CHEMBL2336542,483.48,O=C(N1CCN(C(c2ccccc2)c2ccc(Cl)cc2Cl)CC1)C12CC3CC(CC(C3)C1)C2,Ki,'=',25,nM,7.602059991
CHEMBL5085017,470.65,CCN(CC)c1ccc(CN([C@]23C[C@H]4C[C@H](C[C@H](C4)C2)C3)S(=O)(=O)c2ccc(F)cc2)cc1,Ki,'=',25,nM,7.602059991
CHEMBL4104545,314.47,CCCCCc1cc(O)c2c(c1)OC(C)(C)[C@@H]1CCC(C)=C[C@@H]21,Ki,'=',25,nM,7.602059991
CHEMBL2387073,314.47,CCCCCc1cc(O)c2c(c1)OC(C)(C)[C@@H]1CC=C(C)C[C@@H]21,Ki,'=',25,nM,7.602059991
CHEMBL4563152,314.47,CCCCCc1cc(O)c2c(c1)OC(C)(C)[C@@H]1CC=C(C)C[C@@H]21,Ki,'=',25,nM,7.602059991
CHEMBL63561,383.53,COCc1ccc2c(c1)c(C(=O)C1C(C)(C)C1(C)C)cn2CC1CCOCC1,Ki,'=',25,nM,7.602059991
CHEMBL434778,411.55,CCCCCn1cc(C(=O)NC23CC4CC(C)(CC(C)(C4)C2)C3)c(=O)n2ncnc12,Ki,'=',25,nM,7.602059991
CHEMBL568147,467.65,COc1cccc2c(C(=O)NC3C(C)(C)[C@@H]4CC[C@@]3(C)C4)c(C)n(CCCN3CCOCC3)c12,Ki,'=',25,nM,7.602059991
CHEMBL495391,342.41,O=C(NC1CCCCCC1)c1cccnc1OCc1ccc(F)cc1,Ki,'=',25,nM,7.602059991
CHEMBL2087092,431.54,CN(C)C(=O)[C@@H](NC(=O)n1c(=O)n(CCN2CCOCC2)c2ccccc21)C(C)(C)C,Ki,'=',25,nM,7.602059991
CHEMBL127919,401.94,CCCCCn1cc(C(=O)c2cccc3ccccc23)cc1-c1ccc(Cl)cc1,Ki,'=',25,nM,7.602059991
CHEMBL4448088,554.68,CN1CCN(C)[C@@H](COc2ccc(C(F)(F)F)cc2C(=O)/N=c2\sc(C(C)(C)C)cn2C[C@H]2CCCO2)C1,Ki,'=',25,nM,7.602059991
CHEMBL2348465,389.58,CCCCCC(=O)NC(NC(=O)CCCCC)c1ccc(N(CC)CC)cc1,Ki,'=',25,nM,7.602059991
CHEMBL5193683,389.58,CCCCCC(=O)NC(NC(=O)CCCCC)c1ccc(N(CC)CC)cc1,Ki,'=',25,nM,7.602059991
CHEMBL3650095,461.53,CCN(CC)C(=O)c1ccc2c(c1)nc(Cc1ccc(OC(F)(F)F)cc1)n2CCC(C)C,Ki,'=',25,nM,7.602059991
CHEMBL3650139,525.35,O=C(CCc1nnc(-c2ccc(F)cc2Br)o1)Nc1ccc2c(c1)c1ccccc1n2CCF,Ki,'=',25,nM,7.602059991
CHEMBL582810,353.89,CCCCCn1c(C)c(C(=O)Cc2ccccc2Cl)c2ccccc21,Ki,'=',25,nM,7.602059991
CHEMBL2346980,470.65,CCN(CC)c1ccc(CN([C@]23C[C@H]4C[C@H](C[C@H](C4)C2)C3)S(=O)(=O)c2ccc(F)cc2)cc1,Ki,'=',25,nM,7.602059991
CHEMBL75733,597.7,CC(C)(C)c1cn(C[C@H]2CCCO2)/c(=N/C(=O)c2cc(C(F)(F)F)ccc2OCCC/N=C/OC2CCCCO2)s1,Ki,'=',25,nM,7.602059991
CHEMBL375802,337.46,CC1=CC[C@@H]2[C@@H](C1)c1c(O)cc(C3(C#N)CCCC3)cc1OC2(C)C,Ki,'=',25.12,nM,7.599980365
CHEMBL67006,410.5,Cc1ccc(C(=O)Oc2cccc3cccnc23)cc1S(=O)(=O)N1CCCCC1,Ki,'=',25.12,nM,7.599980365
CHEMBL3975498,330.39,COCCn1cc(C(=O)c2cccc3ccccc23)c2ccncc21,Ki,'=',25.12,nM,7.599980365
CHEMBL3781781,337.46,CC1=CC[C@@H]2[C@@H](C1)c1c(O)cc(C3(C#N)CCCC3)cc1OC2(C)C,Ki,'=',25.2,nM,7.598599459
CHEMBL466429,326.44,CCCn1c(=O)c(C(=O)NC2CCC(C)CC2)cc2ccccc21,Ki,'=',25.4,nM,7.595166283
CHEMBL513298,438.57,C=CCn1cc(C(=O)C(=O)NC23CC4CC(CC(C4)C2)C3)c2cc(-c3ccccc3)ccc21,Ki,'=',25.4,nM,7.595166283
CHEMBL577686,370.88,Cc1c(Cl)ccc2c(=O)c(C(=O)NC34CC5CC(CC(C5)C3)C4)c[nH]c12,Ki,'=',25.5,nM,7.59345982
CHEMBL2087097,392.54,CCCCCn1cc(NC(=O)C23CC4CC(CC(C4)C2)C3)c(=O)c2ccccc21,Ki,'=',25.5,nM,7.59345982
CHEMBL417158,441.02,CCCCCn1cc(C(=O)NC23CC4CC(CC(C4)C2)C3)c(=O)c2ccc(Cl)c(C)c21,Ki,'=',25.5,nM,7.59345982
CHEMBL1270680,366.55,CC1(C)C(C(=O)c2cn(CCN3CCCCCC3)c3ccccc23)C1(C)C,Ki,'=',25.7,nM,7.590066877
CHEMBL4454301,383.53,COCc1ccc2c(c1)c(C(=O)C1C(C)(C)C1(C)C)cn2CC1CCOCC1,Ki,'=',25.7,nM,7.590066877
CHEMBL5086960,383.53,COCc1ccc2c(c1)c(C(=O)C1C(C)(C)C1(C)C)cn2CC1CCOCC1,Ki,'=',25.7,nM,7.590066877
CHEMBL5081180,428.45,CCCCCn1cc(C(=O)Nc2cccc(C(F)(F)F)c2)c(=O)cc1-c1ccccc1,Ki,'=',25.8,nM,7.588380294
CHEMBL2414018,366.55,CC1(C)C(C(=O)c2cn(CCN3CCCCCC3)c3ccccc23)C1(C)C,Ki,'=',26,nM,7.585026652
CHEMBL426107,509.55,CC(C)(C)c1cn(C[C@H]2CCCO2)/c(=N/C(=O)c2cc(C(F)(F)F)ccc2OCc2cnco2)s1,Ki,'=',26,nM,7.585026652
CHEMBL2087113,383.53,COCc1ccc2c(c1)c(C(=O)C1C(C)(C)C1(C)C)cn2CC1CCOCC1,Ki,'=',26,nM,7.585026652
CHEMBL2336565,480.87,O=C(NC1CCCCC1)N1CCN(C(c2ccc(Cl)cc2)c2ccc(Cl)cc2Cl)CC1,Ki,'=',26,nM,7.585026652
CHEMBL5428487,369.53,CCCCn1c(=O)sc2cc(C(=O)C34CC5CC(CC(C5)C3)C4)ccc21,Ki,'=',26,nM,7.585026652
CHEMBL2179754,400.56,CCCCCCC(C)(C)c1cc(OCCCO)c2c(c1)OC(C)(C)c1cn[nH]c1-2,Ki,'=',26,nM,7.585026652
CHEMBL219556,455.04,CCCCCn1cc(C(=O)NC(C)C23CC4CC(CC(C4)C2)C3)c(=O)c2ccc(Cl)cc21,Ki,'=',26.1,nM,7.583359493
CHEMBL77957,417.6,CCCCCn1cc2c(=O)n(CCC34CC5CC(CC(C5)C3)C4)nc-2c2ccccc21,Ki,'=',26.1,nM,7.583359493
CHEMBL1215890,473.74,CCCCCCC(C)(C)c1cc(OC)cc(OCCCCCCCCCCC(=O)NC2CC2)c1,Ki,'=',26.1,nM,7.583359493
CHEMBL382684,462.57,COc1ccc(-c2cc(C(=O)NC3CCCCCC3)c(=O)n(Cc3ccc(F)cc3)c2C)cc1,Ki,'=',26.2,nM,7.581698709
CHEMBL4852456,423.56,CN(CC(=O)NC1CC1)C(=O)c1ccc2c(c1)c1c(n2C)CCC(C2CCOCC2)C1,Ki,'=',26.3,nM,7.580044252
CHEMBL2326301,351.49,CCCCCn1c2ccccc2c2cc(C(=O)NCC(C)(C)C)ncc21,Ki,'=',26.5,nM,7.576754126
CHEMBL272658,329.44,CCCCn1cc(-c2ccc3ccccc3c2)c2cccc(OC)c21,Ki,'=',26.5,nM,7.576754126
CHEMBL2348279,329.44,CCCCn1cc(-c2cccc3ccccc23)c2cccc(OC)c21,Ki,'=',26.5,nM,7.576754126
CHEMBL5829500,326.44,CCCCCc1cc(O)c2c(c1)OC(C)(C)c1ccc(CO)cc1-2,Ki,'=',26.6,nM,7.575118363
CHEMBL3613101,369.55,CCCCCC1=NN(C(=O)NC2CCCCCCC2)CC1c1ccccc1,Ki,'=',26.6,nM,7.575118363
CHEMBL1909847,368.52,Cc1c(C(=O)C2C(C)(C)C2(C)C)c2ccccc2n1CCN1CCOCC1,Ki,'=',26.92,nM,7.569924944
CHEMBL3410810,404.98,Cc1c(C(=O)C2C(C)(C)C2(C)C)c2ccccc2n1CCN1CCOCC1.Cl,Ki,'=',26.92,nM,7.569924944
CHEMBL2326286,404.54,Cc1ccc(-c2n[nH]c(CC3CCCCC3)n2)cc1S(=O)(=O)N1CCOCC1,Ki,'=',27,nM,7.568636236
CHEMBL2441463,406.53,CCOc1ccc(Cc2nc3cc(C(=O)N(CC)CC)ccc3n2CC2CC2)nc1,Ki,'=',27,nM,7.568636236
CHEMBL2441251,404.98,Cc1c(C(=O)C2C(C)(C)C2(C)C)c2ccccc2n1CCN1CCOCC1.Cl,Ki,'=',27,nM,7.568636236
CHEMBL2336561,495.54,Cn1c(C2(C)CC2)c/c(=N\C(=O)c2cc(C(F)(F)F)ccc2OCC(C)(C)O)n1C[C@H]1CCCO1,Ki,'=',27,nM,7.568636236
CHEMBL1215953,392.3,CCCn1cc(C(=O)c2ccc(Br)c3ccccc23)c2ccccc21,Ki,'=',27,nM,7.568636236
CHEMBL2414036,417.34,Cc1c(CCN2CCOCC2)c2ccccc2n1C(=O)c1cccc(Cl)c1Cl,Ki,'=',27,nM,7.568636236
CHEMBL2023577,508.53,CC(C)Cn1cc(C(C)(C)C)s/c1=N\C(=O)c1cc(Br)ccc1OC[C@@H]1CCCN1C,Ki,'=',27,nM,7.568636236
CHEMBL1223590,480.58,Cn1c(C(C)(C)C)c/c(=N/C(=O)c2cc(C(F)(F)F)ccc2ONC(C)(C)C)n1CC1CCC1,Ki,'=',27,nM,7.568636236
CHEMBL495407,482.53,CC(C)(C)c1nc(N2CCC(F)(F)C2)c2nnn(Cc3ccccc3CCS(=O)(=O)F)c2n1,Ki,'=',27,nM,7.568636236
CHEMBL3647327,399.49,COC(=O)CCCCn1c(=O)c(C(=O)NC2CCC(C)CC2)cc2cccnc21,Ki,'=',27.1,nM,7.567030709
CHEMBL508362,428.53,CCCCn1c(=O)c(C(=O)NC23CC4CC(CC(C4)C2)C3)c(O)c2c1cnn2CCO,Ki,'=',27.1,nM,7.567030709
CHEMBL474080,455.04,CCCCCn1cc(C(=O)NC23CC4CC(C)(CC(C)(C4)C2)C3)c(=O)c2cccc(Cl)c21,Ki,'=',27.4,nM,7.562249437
CHEMBL486440,343.82,Cc1nc(N2CCN(C)CC2)c2nc(-c3ccccc3Cl)oc2n1,Ki,'=',27.5,nM,7.560667306
CHEMBL2336547,459.61,CCS(=O)(=O)n1c2c(c3cc(C(=O)N4CCC(OC)CC4)ccc31)CN(C1CCCC1)C2,Ki,'=',27.6,nM,7.559090918
CHEMBL3971303,459.61,CCS(=O)(=O)n1c2c(c3cc(C(=O)N4CCC(OC)CC4)ccc31)CN(C1CCCC1)C2,Ki,'=',27.6,nM,7.559090918
CHEMBL198452,445.59,CCS(=O)(=O)n1c2c(c3cc(C(=O)N4CCC(C)CC4)ccc31)CN(C1CCOC1)C2,Ki,'=',27.8,nM,7.555955204
CHEMBL190469,459.59,CCCCCCC(C)(C)c1cc(O)cc(OCCCCCCCC(=O)NCC(F)(F)F)c1,Ki,'=',27.9,nM,7.554395797
CHEMBL63365,438.52,CCCCCOc1c(OC)ccc2cc(C(=O)NCCc3ccc(OC)cc3)c(=O)[nH]c12,Ki,'=',27.95,nM,7.553618188
CHEMBL371040,397.52,O=C(NC1CCCCCC1)c1cn(CCN2CCOCC2)c2ccccc2c1=O,Ki,'=',28,nM,7.552841969
CHEMBL3650088,603.07,N/C(=N\C(=N\S(=O)(=O)N1CCC(F)(F)CC1)N1CC(c2ccccc2)C(c2ccc(Cl)cc2)=N1)c1ccc(F)cc1,Ki,'=',28,nM,7.552841969
CHEMBL3934009,432.51,O=S(=O)(NCC1CCOCC1)c1ccc(NC2CC3CCC2C3)cc1C(F)(F)F,Ki,'=',28,nM,7.552841969
CHEMBL4574497,469.31,O=S(=O)(NCC1CCCO1)c1ccc(Nc2ccc(Cl)cc2Cl)cc1C(F)(F)F,Ki,'=',28,nM,7.552841969
CHEMBL3581225,314.47,C=C(C)[C@H]1CCC(C)=CC1c1c(O)cc(CCCCC)cc1O,Ki,'=',28,nM,7.552841969
CHEMBL2152822,503.86,O=C(NN1CCCCCC1)c1nn(-c2ccc(Cl)cc2Cl)c2c1CCCc1cc(Cl)ccc1-2,Ki,'=',28.1,nM,7.55129368
CHEMBL5208741,420.6,CCCCCn1cc(C(=O)NC(C)C23CC4CC(CC(C4)C2)C3)c(=O)c2ccccc21,Ki,'=',28.5,nM,7.54515514
CHEMBL1271400,370.58,CCCCCCC(C)(C)c1cc(O)c2c(c1)OC(C)(C)[C@H]1CC=C(C)C[C@H]21,Ki,'=',28.8,nM,7.540607512
CHEMBL2163576,450.53,Cc1c(-c2ccc(F)cc2)cc(C(=O)NC2CCCCCC2)c(=O)n1Cc1ccc(F)cc1,Ki,'=',28.9,nM,7.539102157
CHEMBL1641953,398.34,CCCCCn1c(C)c(C(=O)Cc2ccccc2Br)c2ccccc21,Ki,'=',29,nM,7.537602002
CHEMBL2380417,395.55,CCCCCn1cc(C(=O)c2cccc3ccccc23)cc1-c1ccc(CC)cc1,Ki,'=',29,nM,7.537602002
CHEMBL4553217,398.59,CCCCCn1cc(C(=O)NC23CC4CC(CC(C4)C2)C3)c(=O)cc1C(C)(C)C,Ki,'=',29,nM,7.537602002
CHEMBL3409152,453.63,COc1cccc2c(C(=O)NC3C(C)(C)[C@@H]4CC[C@@]3(C)C4)c(C)n(CCN3CCOCC3)c12,Ki,'=',29,nM,7.537602002
CHEMBL250767,346.52,CCCCCn1cc(C(=O)NC2CCCCC2)c(=O)cc1C(C)(C)C,Ki,'=',29,nM,7.537602002
CHEMBL398446,430.45,COc1cc(Nc2ccc(S(=O)(=O)NCC3CC3)c(C(F)(F)F)c2)cc(OC)c1,Ki,'=',29,nM,7.537602002
CHEMBL1641952,472.58,CC(C)Cn1nc(C(C)(C)C)s/c1=N\C(=O)c1cc(C(F)(F)F)ccc1ONC(C)(C)C,Ki,'=',29,nM,7.537602002
CHEMBL1223646,429.85,N#Cc1ccc(Nc2ccc(S(=O)(=O)NCC3CC3)c(C(F)(F)F)c2)c(Cl)c1,Ki,'=',29,nM,7.537602002
CHEMBL2022365,446.38,Cc1c(C(=O)NN2CCCCC2)nn(-c2ccc(Cl)c(Cl)c2)c1-n1c(C)ccc1C,Ki,'=',29,nM,7.537602002
CHEMBL3956145,476.06,Cc1ccc(Cn2nc(C(=O)N[C@@H]3C[C@@H]4CC[C@@]3(C)C4(C)C)cc2-c2ccc(Cl)c(C)c2)cc1,Ki,'=',29.1,nM,7.536107011
CHEMBL490035,399.42,CCCCCn1cc2c(=O)n(-c3cccc(C(F)(F)F)c3)nc-2c2ccccc21,Ki,'=',29.2,nM,7.534617149
CHEMBL2414020,430.45,COc1cc(Nc2ccc(S(=O)(=O)NCC3CC3)c(C(F)(F)F)c2)cc(OC)c1,Ki,'=',29.2,nM,7.534617149
CHEMBL228348,416.63,CN(C)C1(c2nc(-c3cc(C(C)(C)C)c(O)c(C(C)(C)C)c3)cs2)CCOCC1,Ki,'=',29.4,nM,7.53165267
CHEMBL572613,487.44,CCCCCn1c(=O)c(C(=O)NC23CC4CC(CC(C4)C2)C3)c(O)c2cc(Br)ccc21,Ki,'=',29.4,nM,7.53165267
CHEMBL3901140,508.24,CCc1c(C(=O)NCc2ccc(Cl)c(Cl)c2)nn(-c2ccc(Cl)c(Cl)c2)c1-n1cccc1,Ki,'=',29.6,nM,7.528708289
CHEMBL574052,364.49,CC1(C)C(C(=O)c2cn(CC3CCOCC3)c3ccc(C#N)cc23)C1(C)C,Ki,'=',30,nM,7.522878745
CHEMBL3114346,364.49,CC1(C)C(C(=O)c2cn(CC3CCOCC3)c3ccc(C#N)cc23)C1(C)C,Ki,'=',30,nM,7.522878745
CHEMBL566456,330.47,CCCCCc1cc(O)c2c(c1)OC(C)(C)[C@@H]1CC=C(C)[C@H](O)[C@@H]21,Ki,'=',30,nM,7.522878745
CHEMBL475719,436.62,CCN(CC)c1ccc(CN(c2ccccc2)S(=O)(=O)c2ccc(C(C)C)cc2)cc1,Ki,'=',30,nM,7.522878745
CHEMBL382444,467.56,Cc1s/c(=N\C(=O)c2cc(C(F)(F)F)ccc2OC[C@@H]2CCCN2C)n(CC2CC2)c1C,Ki,'=',30,nM,7.522878745
CHEMBL2018661,417.63,CCCCCCc1ccc(O)cc1OCCCCCCCCCCC(=O)NC1CC1,Ki,'=',30,nM,7.522878745
CHEMBL3916878,539.65,COc1ccc(S(=O)(=O)c2cc(OC)ccc2S(=O)(=O)c2ccc([C@@H](C)NS(C)(=O)=O)cc2)cc1,Ki,'=',30,nM,7.522878745
CHEMBL3940142,427.53,N#Cc1ccccc1CSc1nnc2c3ccccc3n(C(=O)C3CCCCC3)c2n1,Ki,'=',30,nM,7.522878745
CHEMBL6020104,357.45,CCCn1c(C)c(C(=O)c2cccc3cc(OC)ccc23)c2ccccc21,Ki,'=',30,nM,7.522878745
CHEMBL2205591,463.7,CCCCCCC(C)(C)c1cc(O)cc(OCCCCCCCCCCC(=O)NCCO)c1,Ki,'=',30,nM,7.522878745
CHEMBL3891046,453.63,COc1cccc2c(C(=O)N[C@H]3C4(C)CCC(C4)C3(C)C)c(C)n(CCN3CCOCC3)c12,Ki,'=',30,nM,7.522878745
CHEMBL3581220,525.64,CC(C)(C)c1cn(C[C@H]2CCCO2)/c(=N/C(=O)c2cc(C(F)(F)F)ccc2OC[C@H]2CCCCN2)s1,Ki,'=',30,nM,7.522878745
CHEMBL3923170,527.5,CCCCCn1cc(C(=O)NC23CC4CC(CC(C4)C2)C3)c(=O)n2nc(-c3ccc(Cl)cc3Cl)cc12,Ki,'=',30,nM,7.522878745
CHEMBL2057795,332.45,CC1(C)C(C(=O)c2cn(Cc3cccnc3)c3ccccc23)C1(C)C,Ki,'=',30,nM,7.522878745
CHEMBL361088,332.45,CC1(C)C(C(=O)c2cn(Cc3cccnc3)c3ccccc23)C1(C)C,Ki,'=',30.2,nM,7.519993057
CHEMBL475100,364.49,CC1(C)C(C(=O)c2cn(CC3CCOCC3)c3ccc(C#N)cc23)C1(C)C,Ki,'=',30.2,nM,7.519993057
CHEMBL4862930,364.49,CC1(C)C(C(=O)c2cn(CC3CCOCC3)c3ccc(C#N)cc23)C1(C)C,Ki,'=',30.2,nM,7.519993057
CHEMBL2441466,422.57,CCCCCCOc1ccccc1-c1cc(C(=O)NC23CC4CC(CC(C4)C2)C3)no1,Ki,'=',30.5,nM,7.515700161
CHEMBL568683,422.57,CCCCCCOc1ccccc1-c1cc(C(=O)NC23CC4CC(CC(C4)C2)C3)no1,Ki,'=',30.5,nM,7.515700161
CHEMBL418555,421.59,CCCCCn1cc(C(=O)NC23CC4CC(C)(CC(C)(C4)C2)C3)c(=O)c2cnccc21,Ki,'=',30.9,nM,7.510041521
CHEMBL238047,346.47,CC1(C)C(C(=O)c2cn(CCc3ccncc3)c3ccccc23)C1(C)C,Ki,'=',30.9,nM,7.510041521
CHEMBL2326306,346.47,CC1(C)C(C(=O)c2cn(CCc3ccncc3)c3ccccc23)C1(C)C,Ki,'=',31,nM,7.508638306
CHEMBL188887,574.46,C#Cc1cccc(C2(C(F)(F)F)N=N2)c1Cn1nnc2c(N3CCC(F)(F)C3)nc(C(F)(F)c3ccccc3)nc21,Ki,'=',31,nM,7.508638306
CHEMBL396153,504.37,COc1ccc(C(=O)c2c(C)n(CCN3CCOCC3)c3cc(I)ccc23)cc1,Ki,'=',31,nM,7.508638306
CHEMBL3927601,421.55,CCCCCn1cc(C(=O)NC2CCCCC2)c(=O)n2nc(-c3ccc(C)cc3)nc12,Ki,'=',31,nM,7.508638306
CHEMBL3799936,361.45,O=C(NC1CCCCC1)c1cc2cccnc2n(Cc2ccccc2)c1=O,Ki,'=',31,nM,7.508638306
CHEMBL3963856,514.02,COC(=O)[C@H](Cc1cccc(Cl)c1)NC(=O)c1c(C)n(CCN2CCOCC2)c2c(OC)cccc12,Ki,'=',31,nM,7.508638306
CHEMBL2441255,440.61,CCN(CC)c1ccc(CN(Cc2ccco2)S(=O)(=O)c2ccc(C(C)C)cc2)cc1,Ki,'=',31,nM,7.508638306
CHEMBL3958050,420.56,CCCCCn1cc(C(=O)NC2CCCCCC2)c(=O)n2nc(-c3ccccc3)cc12,Ki,'=',31,nM,7.508638306
CHEMBL249827,406.32,CCCn1c(C)c(C(=O)c2ccc(Br)c3ccccc23)c2ccccc21,Ki,'=',31,nM,7.508638306
CHEMBL1800732,504.37,COc1ccc(C(=O)c2c(C)n(CCN3CCOCC3)c3cc(I)ccc23)cc1,Ki,'=',31.2,nM,7.505845406
CHEMBL473697,504.37,COc1ccc(C(=O)c2c(C)n(CCN3CCOCC3)c3cc(I)ccc23)cc1,Ki,'=',31.2,nM,7.505845406
CHEMBL2163934,504.37,COc1ccc(C(=O)c2c(C)n(CCN3CCOCC3)c3cc(I)ccc23)cc1,Ki,'=',31.2,nM,7.505845406
CHEMBL2179763,504.37,COc1ccc(C(=O)c2c(C)n(CCN3CCOCC3)c3cc(I)ccc23)cc1,Ki,'=',31.2,nM,7.505845406
CHEMBL3686327,431.66,C=CCNC(=O)CCCCCCCOc1cc(OC)cc(C(C)(C)CCCCCC)c1,Ki,'=',31.2,nM,7.505845406
CHEMBL5879097,306.52,CCCC[Si](C)(C)c1cc(O)c(C2CCCCC2)c(O)c1,Ki,'=',31.39,nM,7.503208684
CHEMBL3922555,446.57,Cc1cccc(Cn2cc(C(=O)N[C@@H]3C(C)(C)C4CC[C@]3(C)C4)c(=O)c3ccc(F)cc32)c1,Ki,'=',31.5,nM,7.501689446
CHEMBL2316285,473.74,CCCCCCC(C)(C)c1cc(O)cc(OCCCCCCCCCCC(=O)NCC2CC2)c1,Ki,'=',31.62,nM,7.500038134
CHEMBL408123,431.66,CCCCCCC(C)(C)c1cc(O)cc(OCCCCCCCC(=O)NCC2CC2)c1,Ki,'=',31.62,nM,7.500038134
CHEMBL370445,463.7,CCCCCCC(C)(C)c1cc(O)cc(OCCCCCCCCCCC(=O)NCCO)c1,Ki,'=',31.62,nM,7.500038134
CHEMBL81708,409.53,CC1(C)Oc2cc(C34CC5CC(CC(C#N)(C5)O3)C4)cc(O)c2[C@@H]2C[C@H](O)CC[C@H]21,Ki,'=',31.7,nM,7.498940738
CHEMBL514324,502.87,O=C(NCC1CCCCC1)c1nn(-c2ccc(Cl)cc2Cl)c2c1CCCc1cc(Cl)ccc1-2,Ki,'=',31.8,nM,7.49757288
CHEMBL261382,457.02,CCc1ccccc1-c1nc2c(N3CCN(C)CC3)nc(C)nc2n1C1CCOCC1.Cl,Ki,'=',31.8,nM,7.49757288
CHEMBL3969620,492.57,CCCCn1nc(C(C)(C)C)s/c1=N\C(=O)c1cc(C(F)(F)F)ccc1NNc1ccccn1,Ki,'=',32,nM,7.494850022
CHEMBL3650140,497.63,CC(C)Cn1cc(C(C)(C)C)s/c1=N\C(=O)c1cc(C(F)(F)F)ccc1OCCN1CCCC1,Ki,'=',32,nM,7.494850022
CHEMBL4577623,369.51,CC1(C)C(C(=O)c2cn(CCN3CCOCC3)c3cccc(N)c23)C1(C)C,Ki,'=',32,nM,7.494850022
CHEMBL4438938,369.51,CC1(C)C(C(=O)c2cn(CCN3CCOCC3)c3cccc(N)c23)C1(C)C,Ki,'=',32,nM,7.494850022
CHEMBL5401744,436.58,COc1ccc(S(=O)(=O)N(Cc2ccc(N3CCCCC3)cc2)c2ccccc2)cc1,Ki,'=',32,nM,7.494850022
CHEMBL2163580,314.47,CCCCCc1cc(O)c2c(c1)OC(C)(C)[C@@H]1CCC(C)=C[C@@H]21,Ki,'=',32.2,nM,7.492144128
CHEMBL5874315,369.51,CC1(C)C(C(=O)c2cn(CCN3CCOCC3)c3cccc(N)c23)C1(C)C,Ki,'=',32.36,nM,7.489991487
CHEMBL2441459,369.51,CC1(C)C(C(=O)c2cn(CCN3CCOCC3)c3cccc(N)c23)C1(C)C,Ki,'=',32.36,nM,7.489991487
CHEMBL2348275,432.51,O=S(=O)(NCC1CCOCC1)c1ccc(NC2CC3CCC2C3)cc1C(F)(F)F,Ki,'=',32.4,nM,7.48945499
CHEMBL3586105,434.67,CCCCCCC1(c2cc(O)c3c(c2)OC(C)(C)[C@@H]2CCC(=O)C[C@@H]32)SCCS1,Ki,'=',32.6,nM,7.4867824
CHEMBL3650099,437.45,C=C(C)C1CCC(C)=C[C@H]1c1c(O)cc(C2(CCCCCC)CC2(Cl)Cl)cc1O,Ki,'=',32.87,nM,7.483200296
CHEMBL400051,385.48,CCCCCn1cc(C(=O)c2cccc3ccccc23)cc1-c1ccc(F)cc1,Ki,'=',33,nM,7.48148606
CHEMBL2348274,428.48,CCC1COc2c(F)c(F)cc3c(=O)c(C(=O)NC45CC6CC(CC(C6)C4)C5)cn1c23,Ki,'=',33,nM,7.48148606
CHEMBL2112286,537.39,O=C(CCc1nc(-c2ccc(F)cc2Br)no1)Nc1ccc2c(c1)c1ccccc1n2CCCO,Ki,'=',33,nM,7.48148606
CHEMBL186674,464.61,O=C(N[C@@H](Cc1ccccc1)C(=O)O)c1cc2c(n(CC3CCCCC3)c1=O)CCCCCC2,Ki,'=',33,nM,7.48148606
CHEMBL1223591,539.66,CN1CCCC[C@@H]1COc1ccc(C(F)(F)F)cc1C(=O)/N=c1\sc(C(C)(C)C)cn1C[C@H]1CCCO1,Ki,'=',33,nM,7.48148606
CHEMBL2152825,352.59,CSC(=S)N1CC(C)(C)CS/C1=N\c1cccc(C(C)C)c1,Ki,'=',33,nM,7.48148606
CHEMBL2436759,335.45,CCCCCn1cc(C(=O)Cc2ccccc2OC)c2ccccc21,Ki,'=',33,nM,7.48148606
CHEMBL5419335,331.39,CCCn1cc(C(=O)c2ccc(F)c3ccccc23)c2ccccc21,Ki,'=',33,nM,7.48148606
CHEMBL3898362,386.54,CCCCCOc1ccccc1-c1cc(C(=O)N(CC(C)C)CC(C)C)no1,Ki,'=',33,nM,7.48148606
CHEMBL591795,390.47,O=S(=O)(NCC1CC1)c1ccc(NC2CCCCCC2)cc1C(F)(F)F,Ki,'=',33,nM,7.48148606
CHEMBL3397449,436.56,Cc1ccc(-c2cc3ncccc3c3cc(C(=O)NC45CC6CC(CC(C6)C4)C5)nn23)cc1,Ki,'=',33,nM,7.48148606
CHEMBL3116288,286.42,C=C(C)[C@H]1CCC(C)=CC1c1c(O)cc(CCC)cc1O,Ki,'=',33.1,nM,7.480172006
CHEMBL3397518,437.45,C=C(C)C1CCC(C)=C[C@H]1c1c(O)cc(C2(CCCCCC)CC2(Cl)Cl)cc1O,Ki,'=',33.11,nM,7.480040819
CHEMBL189545,421.62,CCCCCc1cc(OC)cc(OCCCCCCCCCCC(=O)NCCO)c1,Ki,'=',33.2,nM,7.478861916
CHEMBL2441472,410.6,CC1(C)Oc2cc(C34CC5CC(CC(C5)C3)C4)cc(O)c2[C@@H]2C[C@H](CCO)CC[C@H]21,Ki,'=',33.3,nM,7.477555766
CHEMBL4244624,402.56,CCCNC(=O)c1c(NC(=O)C23CC4CC(CC(C4)C2)C3)sc2c1CCOC2,Ki,'=',33.88,nM,7.470056598
CHEMBL6041907,356.44,Cc1ccc(C(=O)NC2CCCCCC2)c(OCc2ccc(F)cc2)n1,Ki,'=',33.9,nM,7.469800302
CHEMBL1641958,410.58,Cc1ccc(C(=O)NC(C(C)(C)C)C(C)(C)C)cc1S(=O)(=O)N1CCOCC1,Ki,'=',34,nM,7.468521083
CHEMBL2010904,410.58,Cc1ccc(C(=O)NC(C(C)(C)C)C(C)(C)C)cc1S(=O)(=O)N1CCOCC1,Ki,'=',34,nM,7.468521083
CHEMBL2010901,428.64,CCN(CC)c1ccc(CN(CC2CCCCC2)S(=O)(=O)c2ccc(C)cc2)cc1,Ki,'=',34,nM,7.468521083
CHEMBL2010905,515.6,CC(C)(C)c1cn(C[C@H]2CCCO2)/c(=N/C(=O)c2cc(C(F)(F)F)ccc2OCCNCCO)s1,Ki,'=',34,nM,7.468521083
CHEMBL411673,549.66,CC(C)(C)c1cn(C[C@H]2CCCO2)/c(=N/C(=O)c2cc(C(F)(F)F)ccc2OCC(C)(C)n2cccc2)s1,Ki,'=',34,nM,7.468521083
CHEMBL4744219,430.45,COc1cc(Nc2ccc(S(=O)(=O)NCC3CC3)c(C(F)(F)F)c2)cc(OC)c1,Ki,'=',34,nM,7.468521083
CHEMBL255681,492.57,CCCCn1/c(=N/C(=O)c2cc(C(F)(F)F)ccc2OC[C@@H]2CCCN2C)sc2ccncc21,Ki,'=',34,nM,7.468521083
CHEMBL594536,431.66,CCCCCCC(C)(C)c1cc(O)cc(OCCCCCCCC(=O)NCC2CC2)c1,Ki,'=',34,nM,7.468521083
CHEMBL1641950,338.54,CCCCCCC(C)(C)c1ccc(-c2cc(C)cc(C)c2)c(OC)c1,Ki,'=',34,nM,7.468521083
CHEMBL3686297,410.58,Cc1ccc(C(=O)NC(C(C)(C)C)C(C)(C)C)cc1S(=O)(=O)N1CCOCC1,Ki,'=',34,nM,7.468521083
CHEMBL522906,344.45,COC(=O)C(C)(C)c1cc(O)c2c(c1)OC(C)(C)[C@@H]1CC=C(C)C[C@@H]21,Ki,'=',34.5,nM,7.462180905
CHEMBL4448412,366.51,O=C(c1cn(CCN2CCOCC2)c2ccccc12)[C@@H]1CC12CCCCC2,Ki,'=',34.67,nM,7.460046158
CHEMBL4633743,432.51,O=S(=O)(NCC1CCOCC1)c1ccc(NC2CC3CCC2C3)cc1C(F)(F)F,Ki,'=',34.8,nM,7.458420756
CHEMBL235042,422.66,CCN(CC)c1ccc(CN(C(=O)C2CCCCC2)[C@]23C[C@H]4C[C@H](C[C@H](C4)C2)C3)cc1,Ki,'=',34.99,nM,7.456056058
CHEMBL4465748,481.54,CCCCn1/c(=N/C(=O)c2cc(C(F)(F)F)ccc2OCCC(C)(C)O)sc2ccncc21,Ki,'=',35,nM,7.455931956
CHEMBL2152799,380.51,Cc1ccc(NC(=O)C2(C)CCCCC2)cc1S(=O)(=O)N1CCOCC1,Ki,'=',35,nM,7.455931956
CHEMBL400268,473.74,CCCCCCC(C)(C)c1cc(O)cc(OCCCCCCCCCCC(=O)NCC2CC2)c1,Ki,'=',35,nM,7.455931956
CHEMBL592264,366.62,CCSC(=S)N1CC(C)(C)CS/C1=N\c1ccccc1C(C)C,Ki,'=',35,nM,7.455931956
CHEMBL2336567,581.56,C[C@H](NS(C)(=O)=O)c1ccc(Cc2ccc(OC(F)(F)F)cc2S(=O)(=O)c2cccc(C(F)(F)F)c2)cc1,Ki,'=',35,nM,7.455931956
CHEMBL3353449,366.51,O=C(c1cn(CCN2CCOCC2)c2ccccc12)[C@@H]1CC12CCCCC2,Ki,'=',35,nM,7.455931956
CHEMBL2420252,435.57,CCOc1ccc(C(=O)c2nc3cc(C(=O)N(CC)CC)ccc3n2CCC(C)C)cc1,Ki,'=',35,nM,7.455931956
CHEMBL5918377,446.36,Cc1c(CCN2CCOCC2)c2cc(O[11CH3])ccc2n1C(=O)c1cccc(Cl)c1Cl,Ki,'=',35,nM,7.455931956
CHEMBL151167,422.66,CCN(CC)c1ccc(CN(C(=O)C2CCCCC2)[C@]23C[C@H]4C[C@H](C[C@H](C4)C2)C3)cc1,Ki,'=',35,nM,7.455931956
CHEMBL3647310,448.61,CCOc1ccc(Cc2nc3cc(C(=O)N(CC)CC)ccc3n2C[C@H]2CCCCN2)cc1,Ki,'=',35,nM,7.455931956
CHEMBL5795345,395.52,COC(=O)c1c(-c2ccccc2)csc1NC(=O)C12CC3CC(CC(C3)C1)C2,Ki,'=',35,nM,7.455931956
CHEMBL4169388,349.48,CCCCCn1c2ccccc2c2cc(C(=O)N3CCCCC3)ncc21,Ki,'=',35.3,nM,7.452225295
CHEMBL3775107,363.51,CCCCCn1c2ccccc2c2cc(C(=O)N3CCN(C)CC3)ccc21,Ki,'=',35.4,nM,7.450996738
CHEMBL3093369,363.51,CCCCC1=NN(C(=O)NC(C)(C)c2ccccc2)CC1c1ccccc1,Ki,'=',35.6,nM,7.448550002
CHEMBL3647305,359.44,CCCCCn1cc(C(=O)c2cccc3ccccc23)c2c(F)cccc21,Ki,'=',35.6,nM,7.448550002
CHEMBL3647315,403.48,CCCCOc1c(OCC[18F])ccc2cc(C(=O)NC3CCCCC3)c(=O)[nH]c12,Ki,'=',35.8,nM,7.446116973
CHEMBL2441454,438.48,CCCCCOc1c(OC)ccc2cc(C(=O)NCc3ccc4c(c3)OCO4)c(=O)[nH]c12,Ki,'=',35.9,nM,7.444905551
CHEMBL3323683,438.48,CCCCCOc1c(OC)ccc2cc(C(=O)NCc3ccc4c(c3)OCO4)c(=O)[nH]c12,Ki,'=',35.9,nM,7.444905551
CHEMBL3323673,463.43,CCN(CC)c1ccc(CN(c2ccc(Cl)cc2)S(=O)(=O)c2ccc(Cl)cc2)cc1,Ki,'=',35.97,nM,7.444059562
CHEMBL4525232,314.47,CCCCCc1cc(O)c2c(c1)OC(C)(C)[C@@H]1CCC(C)=C[C@@H]21,Ki,'=',36,nM,7.443697499
CHEMBL5988829,354.53,CCCCCc1cc2c(c3c1CCCO3)C1C=C(C)CCC1C(C)(C)O2,Ki,'=',36,nM,7.443697499
CHEMBL5868308,314.47,CCCCCc1cc(O)c2c(c1)OC(C)(C)[C@@H]1CCC(C)=C[C@@H]21,Ki,'=',36,nM,7.443697499
CHEMBL245453,504.37,COc1ccc(C(=O)c2c(C)n(CCN3CCOCC3)c3cc(I)ccc23)cc1,Ki,'=',36,nM,7.443697499
CHEMBL2087091,422.57,CCOc1ccc(Cc2nc3cc(C(=O)N(CC)CC)ccc3n2CCN(C)C)cc1,Ki,'=',36,nM,7.443697499
CHEMBL2163965,400.59,CCN(CC)c1ccc(CN(C2CCCC2)S(=O)(=O)c2ccc(C)cc2)cc1,Ki,'=',36,nM,7.443697499
CHEMBL2381671,314.47,CCCCCc1cc(O)c2c(c1)OC(C)(C)[C@@H]1CCC(C)=C[C@@H]21,Ki,'=',36,nM,7.443697499
CHEMBL3912660,314.47,CCCCCc1cc(O)c2c(c1)OC(C)(C)[C@@H]1CCC(C)=C[C@@H]21,Ki,'=',36,nM,7.443697499
CHEMBL1909843,377.51,Cc1ccc(-c2nc(CC(C)(C)C)c[nH]2)cc1S(=O)(=O)N1CCOCC1,Ki,'=',36,nM,7.443697499
CHEMBL4845760,395.59,CCCCCC1=NN(C(=O)N[C@H]2C[C@H]3CC[C@]2(C)C3(C)C)CC1c1ccccc1,Ki,'=',36,nM,7.443697499
CHEMBL5930501,403.48,CCCCOc1c(OCC[18F])ccc2cc(C(=O)NC3CCCCC3)c(=O)[nH]c12,Ki,'=',36,nM,7.443697499
CHEMBL394305,408.54,CCCCCOc1ccccc1-c1cc(C(=O)NC23CC4CC(CC(C4)C2)C3)no1,Ki,'=',36,nM,7.443697499
CHEMBL403628,314.47,CCCCCc1cc(O)c2c(c1)OC(C)(C)[C@@H]1CCC(C)=C[C@@H]21,Ki,'=',36,nM,7.443697499
CHEMBL434069,408.54,CCCCCOc1ccccc1-c1cc(C(=O)NC23CC4CC(CC(C4)C2)C3)no1,Ki,'=',36,nM,7.443697499
CHEMBL568157,524.65,CN1CCC[C@H]1CNc1ccc(C(F)(F)F)cc1C(=O)/N=c1\sc(C(C)(C)C)cn1C[C@H]1CCCO1,Ki,'=',36,nM,7.443697499
CHEMBL1828805,327.43,CCCn1c(C)c(C(=O)c2cccc3ccccc23)c2ccccc21,Ki,'=',36,nM,7.443697499
CHEMBL3960083,314.47,CCCCCc1cc(O)c2c(c1)OC(C)(C)[C@@H]1CCC(C)=C[C@@H]21,Ki,'=',36,nM,7.443697499
CHEMBL575193,342.44,CC1CCC(NC(=O)c2cc3ccccc3n(CCCO)c2=O)CC1,Ki,'=',36,nM,7.443697499
CHEMBL594935,463.43,CCN(CC)c1ccc(CN(c2ccc(Cl)cc2)S(=O)(=O)c2ccc(Cl)cc2)cc1,Ki,'=',36,nM,7.443697499
CHEMBL3410830,418.48,O=S(=O)(NCC1CCCO1)c1ccc(NC2CC3CCC2C3)cc1C(F)(F)F,Ki,'=',36,nM,7.443697499
CHEMBL3892181,414.48,CCc1c(C)cc(C(=O)NC2(C(=O)O)CCCCC2)c(=O)n1Cc1ccc(F)cc1,Ki,'=',36,nM,7.443697499
CHEMBL3397448,567.09,N/C(=N/C(=N/S(=O)(=O)N1CCCCC1)N1CC(c2ccccc2)C(c2ccc(Cl)cc2)=N1)c1ccc(F)cc1,Ki,'=',36,nM,7.443697499
CHEMBL473698,408.54,CCCCCOc1ccccc1-c1cc(C(=O)NC23CC4CC(CC(C4)C2)C3)no1,Ki,'=',36,nM,7.443697499
CHEMBL2348464,314.47,CCCCCc1cc(O)c2c(c1)OC(C)(C)[C@@H]1CCC(C)=C[C@@H]21,Ki,'=',36.4,nM,7.438898616
CHEMBL2441263,314.47,CCCCCc1cc(O)c2c(c1)OC(C)(C)[C@@H]1CCC(C)=C[C@@H]21,Ki,'=',36.4,nM,7.438898616
CHEMBL2179740,314.47,CCCCCc1cc(O)c2c(c1)OC(C)(C)[C@@H]1CCC(C)=C[C@@H]21,Ki,'=',36.4,nM,7.438898616
CHEMBL2348063,433.6,CCCCCn1cc(C(=O)NC23CC4CC(CC(C4)C2)C3)c(=O)c(-c2ccncc2)c1C,Ki,'=',36.5,nM,7.437707136
CHEMBL3686309,433.6,CCCCCn1cc(C(=O)NC23CC4CC(CC(C4)C2)C3)c(=O)c(-c2ccncc2)c1C,Ki,'=',36.5,nM,7.437707136
CHEMBL2336562,385.51,CCCCCC1=NN(C(=O)Nc2cccc3ccccc23)CC1c1ccccc1,Ki,'=',36.6,nM,7.436518915
CHEMBL1215901,421.59,CCOc1ccc(Cc2nc3cc(C(=O)N(CC)CC)ccc3n2CCC(C)C)cc1,Ki,'=',36.7,nM,7.435333936
CHEMBL111345,421.59,CCOc1ccc(Cc2nc3cc(C(=O)N(CC)CC)ccc3n2CCC(C)C)cc1,Ki,'=',36.7,nM,7.435333936
CHEMBL1223715,421.59,CCOc1ccc(Cc2nc3cc(C(=O)N(CC)CC)ccc3n2CCC(C)C)cc1,Ki,'=',36.7,nM,7.435333936
CHEMBL2112292,421.59,CCOc1ccc(Cc2nc3cc(C(=O)N(CC)CC)ccc3n2CCC(C)C)cc1,Ki,'=',36.7,nM,7.435333936
CHEMBL3799723,344.45,COC(=O)C(C)(C)c1cc(O)c2c(c1)OC(C)(C)[C@@H]1CC=C(C)C[C@@H]21,Ki,'=',36.8,nM,7.434152181
CHEMBL2316273,443.01,CCN(CC)c1ccc(CN(c2ccc(Cl)cc2)S(=O)(=O)c2ccc(C)cc2)cc1,Ki,'=',36.98,nM,7.432033093
CHEMBL217969,348.46,Cc1cc(F)c(NC(=O)C2CCCCC2C)cc1CN1CCOCC1,Ki,'=',37,nM,7.431798276
CHEMBL3114175,446.45,COc1cc(Nc2ccc(S(=O)(=O)NCC3CC3)c(OC(F)(F)F)c2)cc(OC)c1,Ki,'=',37,nM,7.431798276
CHEMBL3092888,426.95,Cc1nc(N2CCN(C)CC2)c2nc(-c3ccccc3Cl)n(C3CCOCC3)c2n1,Ki,'=',37,nM,7.431798276
CHEMBL494994,465.62,CCS(=O)(=O)n1c2c(c3cc(C(=O)N4CCC(C)CC4)ccc31)CN(Cc1ccccc1)C2,Ki,'=',37,nM,7.431798276
CHEMBL4633589,489.45,CCCCCn1cc(C(=O)NC2CCCCCC2)c(=O)n2nc(-c3ccc(Cl)cc3Cl)cc12,Ki,'=',37,nM,7.431798276
CHEMBL2010909,430.45,COc1cc(Nc2ccc(S(=O)(=O)NCC3CC3)c(C(F)(F)F)c2)cc(OC)c1,Ki,'=',37,nM,7.431798276
CHEMBL238781,443.01,CCN(CC)c1ccc(CN(c2ccc(Cl)cc2)S(=O)(=O)c2ccc(C)cc2)cc1,Ki,'=',37,nM,7.431798276
CHEMBL4849400,483.6,CC(C)Cn1cc(C(C)(C)C)s/c1=N\C(=O)c1cc(C(F)(F)F)ccc1OC[C@@H]1CCN1C,Ki,'=',37,nM,7.431798276
CHEMBL2010906,424.59,CCCCCn1cc(C(=O)NC23CC4CC(CC(C4)C2)C3)c(=O)c2c(CC)nn(C)c21,Ki,'=',37,nM,7.431798276
CHEMBL6009783,362.47,CCCCCn1cc(C(=O)N[C@H](C)c2ccccc2)c(=O)c2ccccc21,Ki,'=',37.1,nM,7.43062609
CHEMBL400887,363.31,CC(C)(c1ccc(-c2cc(Cl)cc(Cl)c2)c(O)c1)c1cccs1,Ki,'=',37.18,nM,7.429690615
CHEMBL188822,420.43,CC1(C)Oc2cc(C(=O)c3cccc(C(F)(F)F)c3)cc(O)c2[C@@H]2C[C@H](O)CC[C@H]21,Ki,'=',37.3,nM,7.428291168
CHEMBL3613108,604.03,N#CC1(CNS(=O)(=O)C(F)(F)F)CCN(S(=O)(=O)c2ccc(Cl)cc2S(=O)(=O)c2ccccc2F)CC1,Ki,'=',37.5,nM,7.425968732
CHEMBL3911005,485.44,Cc1nc(N2CCN(C)CC2)c2nc(-c3ccccc3Cl)n(CCS(C)(=O)=O)c2n1.Cl,Ki,'=',37.5,nM,7.425968732
CHEMBL2381806,387.26,CCc1ccc(C(=O)c2cc(O)c(-c3cc(Cl)cc(Cl)c3)c(O)c2)cc1,Ki,'=',37.56,nM,7.425274416
CHEMBL2326302,455.64,COc1cccc2c(C(=O)NC3CC(C)(C)CCC3(C)C)c(C)n(CCN3CCOCC3)c12,Ki,'=',38,nM,7.420216403
CHEMBL2023574,520.5,CC1(C)[C@@H]2CC[C@]1(C)[C@H](NC(=O)c1nn(-c3ccc(Cl)cc3Cl)c3c1Cc1cc(C4CC4)ccc1-3)C2,Ki,'=',38,nM,7.420216403
CHEMBL3686338,368.48,CCCC1COc2ccc(C)c3c(=O)c(C(=O)NC4CCCCC4)cn1c23,Ki,'=',38,nM,7.420216403
CHEMBL249786,422.57,CCOc1ccc(Cc2nc3cc(C(=O)N(CC)CC)ccc3n2CCN(C)C)cc1,Ki,'=',38,nM,7.420216403
CHEMBL2346981,469.31,O=S(=O)(NCC1CCCO1)c1ccc(Nc2ccc(Cl)cc2Cl)cc1C(F)(F)F,Ki,'=',38,nM,7.420216403
CHEMBL205908,340.42,CC1COc2cccc3c(=O)c(C(=O)NC4CCCCCC4)cn1c23,Ki,'=',38,nM,7.420216403
CHEMBL271837,465.08,CCN(CC)c1ccc(CN(C(=O)Cc2ccc(Cl)cc2)[C@]23C[C@H]4C[C@H](C[C@H](C4)C2)C3)cc1,Ki,'=',38,nM,7.420216403
CHEMBL400040,345.42,CCCn1c(C)c(C(=O)c2ccc(F)c3ccccc23)c2ccccc21,Ki,'=',38,nM,7.420216403
CHEMBL611937,465.08,CCN(CC)c1ccc(CN(C(=O)Cc2ccc(Cl)cc2)[C@]23C[C@H]4C[C@H](C[C@H](C4)C2)C3)cc1,Ki,'=',38.02,nM,7.419987887
CHEMBL4741229,445.63,CCS(=O)(=O)n1c2c(c3cc(C(=O)N(C)CCC(C)C)ccc31)CN(C1CCCC1)C2,Ki,'=',38.1,nM,7.419075024
CHEMBL304043,575.76,CCOc1ccc(Cc2nc3cc(C(=O)N(CC)CC)ccc3n2CCNc2c3c(nc4ccccc24)CCCC3)cc1,Ki,'=',38.5,nM,7.41453927
CHEMBL1923772,314.47,CCCCCc1cc(O)c2c(c1)OC(C)(C)[C@@H]1CC=C(C)C[C@@H]21,Ki,'=',38.9,nM,7.410050399
CHEMBL4225049,328.45,CCCCC1(c2cc(O)c3cc(CC)c(=O)oc3c2)CCCCC1,Ki,'=',38.9,nM,7.410050399
CHEMBL2087090,381.52,CCCCCn1cc(C(=O)c2cccc3ccccc23)cc1-c1cccc(C)c1,Ki,'=',39,nM,7.408935393
CHEMBL4520615,442.56,CCOc1ccc(Cc2nc3cc(C(=O)N(CC)CC)ccc3n2Cc2ccccn2)cc1,Ki,'=',39,nM,7.408935393
CHEMBL572860,421.62,CCCCCc1cc(O)cc(OCCCCCCCCCCCC(=O)NCCO)c1,Ki,'=',39,nM,7.408935393
CHEMBL2019082,431.66,CCCCCCc1c(O)cccc1OCCCCCCCCCCCC(=O)NC1CC1,Ki,'=',39,nM,7.408935393
CHEMBL3647312,361.53,CCCCCc1cc(O)cc(OCCCCCCCC(=O)NC2CC2)c1,Ki,'=',39,nM,7.408935393
CHEMBL3910349,323.41,CCCCCn1cc(C(=O)Cc2ccccc2F)c2ccccc21,Ki,'=',39,nM,7.408935393
CHEMBL410313,497.63,CC(C)Cn1cc(C(C)(C)C)s/c1=N\C(=O)c1cc(C(F)(F)F)ccc1OC[C@@H]1CCCN1C,Ki,'=',39,nM,7.408935393
CHEMBL285932,397.58,CCCCCCn1c(=O)sc2cc(C(=O)C34CC5CC(CC(C5)C3)C4)ccc21,Ki,'=',39,nM,7.408935393
CHEMBL391430,474.55,COCCn1nc(C(C)(C)C)s/c1=N\C(=O)c1cc(C(F)(F)F)ccc1ONC(C)(C)C,Ki,'=',39,nM,7.408935393
CHEMBL3965462,353.51,CNC(=O)CCCCC(C)(C)c1ccc(-c2cc(C)cc(C)c2)c(O)c1,Ki,'=',39,nM,7.408935393
CHEMBL125010,328.45,CCCCC1(c2cc(O)c3cc(CC)c(=O)oc3c2)CCCCC1,Ki,'=',39.1,nM,7.407823243
CHEMBL2064059,314.47,CCCCCc1cc(O)c2c(c1)OC(C)(C)[C@@H]1CC=C(C)C[C@@H]21,Ki,'=',39.3,nM,7.40560745
CHEMBL1909861,386.54,CCCCCCC(C)(C)c1cc(O)c2c(c1)OC(C)(C)c1cn(CCO)nc1-2,Ki,'=',39.6,nM,7.402304814
CHEMBL2346977,375.47,C[C@H]1CC[C@H](NC(=O)c2cc3cccnc3n(Cc3ccccc3)c2=O)CC1,Ki,'=',39.8,nM,7.400116928
CHEMBL3895713,400.56,CCCCCCC(C)(C)c1cc(OCCO)c2c(c1)OC(C)(C)c1cn(C)nc1-2,Ki,'=',39.8,nM,7.400116928
CHEMBL3686320,364.45,CCCCn1nc(C(=O)N[C@@H](Cc2ccccc2)C(N)=O)c2ccccc21,Ki,'=',39.8,nM,7.400116928
CHEMBL4794483,367.49,CCCCCn1cc(C(=O)c2ccc(-c3ccccc3)cc2)c2ccccc21,Ki,'=',39.81,nM,7.400007822
CHEMBL3686281,364.45,CCCCn1nc(C(=O)N[C@@H](Cc2ccccc2)C(N)=O)c2ccccc21,Ki,'=',39.81,nM,7.400007822
CHEMBL2023044,471.64,CC1=CC[C@@H]2[C@@H](C1)c1c(O)cc(C(C)(C)C(=O)OCCCCN3CCOCC3)cc1OC2(C)C,Ki,'=',39.9,nM,7.399027104
CHEMBL3774980,354.47,Cc1cc(NC(=O)C(C)(C)C)cc(S(=O)(=O)N2CCOCC2)c1C,Ki,'=',40,nM,7.397940009
CHEMBL2064056,314.47,CCCCCc1cc(O)c2c(c1)OC(C)(C)[C@@H]1CCC(C)=C[C@@H]21,Ki,'=',40,nM,7.397940009
CHEMBL3410814,426.95,Cc1nc(N2CCN(C)CC2)c2nc(-c3ccccc3Cl)n(C3CCOCC3)c2n1,Ki,'=',40,nM,7.397940009
CHEMBL294472,276.38,CCCCn1c2c(cc(C(N)=O)c1=O)CCCCCC2,Ki,'=',40,nM,7.397940009
CHEMBL2152828,385.51,CCCCCn1c(C)c(C(=O)c2c(OC)ccc3ccccc23)c2ccccc21,Ki,'=',40,nM,7.397940009
CHEMBL248341,420.56,CCCCCn1cc(C(=O)NC2CCCCC2)c(=O)n2nc(-c3ccccc3C)cc12,Ki,'=',40,nM,7.397940009
CHEMBL393931,426.95,Cc1nc(N2CCN(C)CC2)c2nc(-c3ccccc3Cl)n(C3CCOCC3)c2n1,Ki,'=',40,nM,7.397940009
CHEMBL3323672,463.41,Cc1nc(N2CCN(C)CC2)c2nc(-c3ccccc3Cl)n(C3CCOCC3)c2n1.Cl,Ki,'=',40.3,nM,7.394694954
CHEMBL2023576,382.54,CC1(C)Oc2cc(C34CC5CC(CC(C5)C3)C4)cc(O)c2[C@@H]2C[C@H](O)CC[C@H]21,Ki,'=',40.5,nM,7.392544977
CHEMBL470233,372.51,C=C(C)[C@H]1CCC(C)=CC1c1c(O)cc(CCCCC)c(C(=O)OC)c1O,Ki,'=',40.5,nM,7.392544977
CHEMBL309553,330.43,CCCCn1cc(C(=O)N[C@H](C(N)=O)C(C)(C)C)c2cccnc21,Ki,'=',40.7,nM,7.390405591
CHEMBL470231,330.43,CCCCn1cc(C(=O)N[C@H](C(N)=O)C(C)(C)C)c2cccnc21,Ki,'=',40.74,nM,7.389978975
CHEMBL567795,430.51,O=C(Nc1cccc2ccccc12)N1Cc2ccccc2N(CCN2CCOCC2)C1=O,Ki,'=',41,nM,7.387216143
CHEMBL490245,406.53,CCOc1ccc(Cc2nc3cc(N(C)C(=O)N(C)C)ccc3n2CC2CC2)cc1,Ki,'=',41,nM,7.387216143
CHEMBL565417,566.61,O=S(=O)(c1cc2ccccc2n1S(=O)(=O)c1cccnc1)N1CCC(CNS(=O)(=O)C(F)(F)F)CC1,Ki,'=',41,nM,7.387216143
CHEMBL4527727,314.47,CCCCCc1cc(O)c2c(c1)OC(C)(C)[C@@H]1CCC(C)=C[C@@H]21,Ki,'=',41,nM,7.387216143
CHEMBL4211106,617.99,Cc1c(C(=O)N2CCC(NS(C)(=O)=O)(c3ccccc3)CC2)nn(-c2ccc(Cl)cc2Cl)c1-c1ccc(Cl)cc1,Ki,'=',41,nM,7.387216143
CHEMBL2336534,453.63,COc1cccc2c(C(=O)N[C@@H]3C4(C)CCC(C4)C3(C)C)c(C)n(CCN3CCOCC3)c12,Ki,'=',41,nM,7.387216143
CHEMBL2336530,446.46,O=C(CCc1nc(-c2ccc(F)cc2)no1)Nc1ccc2c(c1)c1ccccc1n2CCF,Ki,'=',41,nM,7.387216143
CHEMBL5423328,397.52,CCCCCn1cc(C(=O)c2cccc3ccccc23)cc1-c1ccc(OC)cc1,Ki,'=',41,nM,7.387216143
CHEMBL4525460,412.49,CCCCCn1cc(C(=O)c2cccc3ccccc23)cc1-c1cccc([N+](=O)[O-])c1,Ki,'=',41,nM,7.387216143
CHEMBL593167,455.04,CCCCCn1cc(C(=O)NC(C)C23CC4CC(CC(C4)C2)C3)c(=O)c2ccc(Cl)cc21,Ki,'=',41.1,nM,7.386158178
CHEMBL4284943,370.58,CCCCCCC(C)(C)c1cc(O)c([C@@H]2C=C(C)C3C[C@H]2C3(C)C)c(O)c1,Ki,'=',41.2,nM,7.385102784
CHEMBL2010899,388.51,CCCCCn1cc(C(=O)NC2CCCc3ccccc32)c(=O)c2ccccc21,Ki,'=',41.7,nM,7.379863945
CHEMBL3605047,493.65,CCCCCn1cc(C(=O)NC23CC4CC(CC(C4)C2)C3)c(=O)c2cc(-c3ccc(C#N)cc3)ccc21,Ki,'=',41.9,nM,7.377785977
CHEMBL235335,493.65,CCCCCn1cc(C(=O)NC23CC4CC(CC(C4)C2)C3)c(=O)c2cc(-c3ccc(C#N)cc3)ccc21,Ki,'=',41.9,nM,7.377785977
CHEMBL1223777,379.54,CCCCCc1cc(OC)cc(OCCCCCCCC(=O)NCCO)c1,Ki,'=',41.9,nM,7.377785977
CHEMBL2348468,338.43,CCN1C(=O)C(Sc2nc3ccccc3o2)c2ccccc2C1C,Ki,'=',42,nM,7.37675071
CHEMBL1631298,527.11,CCC1COc2c(N3CCN(C)CC3)ccc3c(=O)c(C(=O)NC45CC6CC(CC(C6)C4)C5)cn1c23.Cl,Ki,'=',42,nM,7.37675071
CHEMBL4562832,399.38,CN(C)CCNc1cnn(C2CC(C)(C)CC(C)(C)C2)c(=O)c1Br,Ki,'=',42,nM,7.37675071
CHEMBL370770,387.4,FC(F)(F)c1cccc(-c2c[nH]c(-c3cccc(CN4CCOCC4)c3)n2)c1,Ki,'=',42,nM,7.37675071
CHEMBL521944,312.41,CCCCn1c(C)c(C)cc(NC(=O)c2cccc(C)c2)c1=O,Ki,'=',42,nM,7.37675071
CHEMBL3650108,314.47,CCCCCc1cc(O)c2c(c1)OC(C)(C)[C@@H]1CCC(C)=C[C@@H]21,Ki,'=',42,nM,7.37675071
CHEMBL3581229,406.53,CCCCCn1cc(C(=O)NC2CCCCC2)c(=O)n2nc(-c3ccccc3)cc12,Ki,'=',42,nM,7.37675071
CHEMBL3323685,314.47,CCCCCc1cc(O)c2c(c1)OC(C)(C)[C@@H]1CCC(C)=C[C@@H]21,Ki,'=',42,nM,7.37675071
CHEMBL369948,320.55,CCCCCC[Si](C)(C)c1cc(O)c(C2CCCC2)c(O)c1,Ki,'=',42.26,nM,7.374070507
CHEMBL2018779,593.04,O=S(=O)(N[C@H]1CC[C@H](CNS(=O)(=O)C(F)(F)F)CC1)c1ccc(Cl)cc1S(=O)(=O)c1ccccc1F,Ki,'=',43,nM,7.366531544
CHEMBL3650096,505.61,CCCCn1nc(C(C)(C)C)s/c1=N\C(=O)c1cc(C(F)(F)F)ccc1NNCc1ccccc1,Ki,'=',43,nM,7.366531544
CHEMBL4760215,461.65,CCN(CC)C(=O)c1ccc2c(c1)nc(Cc1ccc(OC3CCCC3)cc1)n2CCC(C)C,Ki,'=',43,nM,7.366531544
CHEMBL5428372,382.53,CCC(C)(C)C(=O)Nc1cc(C)c(C)c(S(=O)(=O)N2CCC[C@@H]2CO)c1,Ki,'=',43,nM,7.366531544
CHEMBL3353426,482.65,CN1CCC[C@H]1COc1ccc(C#N)cc1C(=O)/N=c1\sc(C(C)(C)C)cn1C[C@H]1CCCO1,Ki,'=',43,nM,7.366531544
CHEMBL3586108,407.52,CCCCCn1cc(C(=O)NC2CCCCC2)c(=O)n2nc(-c3ccccc3)nc12,Ki,'=',43,nM,7.366531544
CHEMBL3647336,487.03,C/C(N)=N\C(=N\S(=O)(=O)N1CCCCC1)N1C[C@H](c2ccccc2)C(c2ccc(Cl)cc2)=N1,Ki,'=',43,nM,7.366531544
CHEMBL4649418,405.83,O=S(=O)(NCC1CC1)c1ccc(Nc2cccnc2Cl)cc1C(F)(F)F,Ki,'=',43.27,nM,7.363813105
CHEMBL2152820,414.63,CCCCCCC(C)(C)c1cc(OC)c([C@H]2C=C(CO)[C@H]3C[C@@H]2C3(C)C)c(OC)c1,Ki,'=',43.65,nM,7.360015752
CHEMBL2336556,368.48,CCCCCOc1cc(/C=C/C(=O)NCCc2ccncc2)ccc1OC,Ki,'=',43.95,nM,7.357041121
CHEMBL2336555,503.6,COc1ccc(S(=O)(=O)c2cc(OC)ccc2C(=O)c2ccc([C@H](C)NS(C)(=O)=O)cc2)cc1,Ki,'=',44,nM,7.356547324
CHEMBL472680,280.37,C=CCc1ccc(O)c(-c2ccc(OC)c(CC=C)c2)c1,Ki,'=',44,nM,7.356547324
CHEMBL4872576,434.61,Cc1ccc(S(=O)(=O)N(Cc2ccccc2)Cc2ccc(N3CCCCC3)cc2)cc1,Ki,'=',44,nM,7.356547324
CHEMBL2022700,447.62,CCN(CC)C(=O)c1ccc2c(c1)nc(Cc1ccc(OC3CCC3)cc1)n2CCC(C)C,Ki,'=',44,nM,7.356547324
CHEMBL4250064,618.73,CCCCn1nc(C(C)(C)C)s/c1=N/C(=O)c1cc(C(F)(F)F)ccc1N(/N=C/c1cccc(C)n1)C(=O)OC(C)(C)C,Ki,'=',44,nM,7.356547324
CHEMBL5942778,347.85,CCCn1cc(C(=O)c2ccc(Cl)c3ccccc23)c2ccccc21,Ki,'=',44,nM,7.356547324
CHEMBL3116291,368.48,CCCCCOc1cc(/C=C/C(=O)NCCc2ccncc2)ccc1OC,Ki,'=',44,nM,7.356547324
CHEMBL148805,469.57,CC(C)Cn1cc(C(C)(C)C)s/c1=N\C(=O)c1cc(C(F)(F)F)ccc1OC[C@@H]1CCN1,Ki,'=',44,nM,7.356547324
CHEMBL56747,311.47,CCCCCCC(C)(C)c1ccc(-c2cccc(N)c2)c(O)c1,Ki,'=',44,nM,7.356547324
CHEMBL461920,405.47,O=C(NC1CCCCC1)c1cc(-c2ccccc2)nn(Cc2ccc(F)cc2)c1=O,Ki,'=',44,nM,7.356547324
CHEMBL1814465,447.58,CCS(=O)(=O)n1c2c(c3cc(C(=O)N4CCC(F)CC4)ccc31)CN(C1CCCC1)C2,Ki,'=',44.2,nM,7.354577731
CHEMBL4528488,509.12,CCCCCn1cc(C(=O)NC23CC4CC(CC(C4)C2)C3)c(=O)c2cc(-c3ccc(Cl)s3)ccc21,Ki,'=',44.8,nM,7.348721986
CHEMBL1631299,509.12,CCCCCn1cc(C(=O)NC23CC4CC(CC(C4)C2)C3)c(=O)c2cc(-c3ccc(Cl)s3)ccc21,Ki,'=',44.8,nM,7.348721986
CHEMBL307887,321.46,CCCCCCC(C)(C)c1ccc(-c2cccc(C#N)c2)c(O)c1,Ki,'=',45,nM,7.346787486
CHEMBL2206840,449.56,CCCCCn1cc(C(=O)NC23CC4CC(CC(C4)C2)C3)c(=O)n2nc(-c3ccco3)nc12,Ki,'=',45,nM,7.346787486
CHEMBL1909845,494.54,COCCn1cc(C(C)(C)C)s/c1=N\C(=O)c1cc(C(F)(F)F)ccc1OCc1cnccn1,Ki,'=',45,nM,7.346787486
CHEMBL1631300,384.56,Cc1ccc(C(=O)NC2C(C)(C)[C@@H]3CC[C@@]2(C)C3)cc1CCN1CCOCC1,Ki,'=',45,nM,7.346787486
CHEMBL2326292,317.43,CCC1(C(=O)Nc2cc(CN3CCOCC3)c(C)cn2)CCC1,Ki,'=',45,nM,7.346787486
CHEMBL2326309,438.4,Cc1nonc1Cn1nnc2c(N3CCC4(C3)N=N4)nc(C(F)(F)c3ccccc3)nc21,Ki,'=',45.5,nM,7.341988603
CHEMBL5841818,450.58,O=C(O)Cc1ccccc1NC(=O)c1cc2c(n(CC3CCCCC3)c1=O)CCCCCC2,Ki,'=',46,nM,7.337242168
CHEMBL188910,314.47,CCCCCc1cc(O)c2c(c1)OC(C)(C)[C@@H]1CCC(C)=C[C@@H]21,Ki,'=',46,nM,7.337242168
CHEMBL5873678,438.59,CCN(CC)c1ccc(CN(Cc2ccccc2)S(=O)(=O)c2ccc(OC)cc2)cc1,Ki,'=',46,nM,7.337242168
CHEMBL2316286,450.58,O=C(O)Cc1ccccc1NC(=O)c1cc2c(n(CC3CCCCC3)c1=O)CCCCCC2,Ki,'=',46,nM,7.337242168
CHEMBL570874,450.58,O=C(O)Cc1ccccc1NC(=O)c1cc2c(n(CC3CCCCC3)c1=O)CCCCCC2,Ki,'=',46.03,nM,7.336959025
CHEMBL4210946,356.44,Cc1ccnc(OCc2ccc(F)cc2)c1C(=O)NC1CCCCCC1,Ki,'=',46.3,nM,7.334419009
CHEMBL2152814,383.38,CC1(C(=O)c2cn(CC3CCOCC3)c3ccccc23)CC(F)(F)C1(F)F,Ki,'=',46.77,nM,7.33003263
CHEMBL5409074,466.69,CCN(CC)c1ccc(CN([C@]23C[C@H]4C[C@H](C[C@H](C4)C2)C3)S(=O)(=O)c2ccc(C)cc2)cc1,Ki,'=',46.99,nM,7.327994555
CHEMBL250427,378.47,C[C@@H]1COc2cccc3c(=O)c(C(=O)NC45CC6CC(CC(C6)C4)C5)cn1c23,Ki,'=',47,nM,7.327902142
CHEMBL234842,489.62,CCCCCn1cc(C(=O)NC23CC4CC(CC(C4)C2)C3)c(=O)n2nc(-c3ccc(OC)cc3)nc12,Ki,'=',47,nM,7.327902142
CHEMBL5564027,466.69,CCN(CC)c1ccc(CN([C@]23C[C@H]4C[C@H](C[C@H](C4)C2)C3)S(=O)(=O)c2ccc(C)cc2)cc1,Ki,'=',47,nM,7.327902142
CHEMBL2336529,458.51,CCCCn1nc(C(C)(C)C)s/c1=N\C(=O)c1cc(C(F)(F)F)ccc1NNC(N)=O,Ki,'=',47,nM,7.327902142
CHEMBL3923239,378.47,CC1COc2cccc3c(=O)c(C(=O)NC45CC6CC(CC(C6)C4)C5)cn1c23,Ki,'=',47,nM,7.327902142
CHEMBL245450,440.98,CCCCCn1cc(C(=O)NC2CCCCC2)c(=O)n2nc(-c3ccccc3Cl)cc12,Ki,'=',47,nM,7.327902142
CHEMBL3686296,429.59,CCCCCn1cc(C(=O)NC23CC4CC(CC(C4)C2)C3)c(=O)n2nc(SC)nc12,Ki,'=',47,nM,7.327902142
CHEMBL72324,511.61,CN1CC[C@@H]1COc1ccc(C(F)(F)F)cc1C(=O)/N=c1\sc(C(C)(C)C)cn1C[C@H]1CCCO1,Ki,'=',47,nM,7.327902142
CHEMBL3397521,314.47,CCCCCc1cc(O)c2c(c1)OC(C)(C)[C@@H]1CCC(C)=C[C@@H]21,Ki,'=',47,nM,7.327902142
CHEMBL178918,383.38,CC1(C(=O)c2cn(CC3CCOCC3)c3ccccc23)CC(F)(F)C1(F)F,Ki,'=',47,nM,7.327902142
CHEMBL3781726,416.61,CCCCCNc1ccc(-c2ccccc2)cc1C(=O)NC12CC3CC(CC(C3)C1)C2,Ki,'=',47.8,nM,7.320572103
CHEMBL2177249,420.58,Cc1ccc(C(=O)N[C@H]2C(C)(C)[C@H]3CC[C@]2(C)C3)cc1S(=O)(=O)N1CCOCC1,Ki,'=',48,nM,7.318758763
CHEMBL5904009,420.58,Cc1ccc(C(=O)N[C@H]2C(C)(C)[C@@H]3CC[C@@]2(C)C3)cc1S(=O)(=O)N1CCOCC1,Ki,'=',48,nM,7.318758763
CHEMBL497124,421.55,CCCCCn1cc(C(=O)NC2CCCCCC2)c(=O)n2nc(-c3ccccc3)nc12,Ki,'=',48,nM,7.318758763
CHEMBL235947,350.55,CCSC(=O)N1CC(C)(C)CS/C1=N\c1ccccc1C(C)C,Ki,'=',48,nM,7.318758763
CHEMBL3581224,382.57,CCCCCn1cc(C(=O)NC2CCCCC2)c(=S)cc1-c1ccccc1,Ki,'=',48,nM,7.318758763
CHEMBL2019087,412.93,Cc1nc(N2CCN(C)CC2)c2nc(-c3ccccc3Cl)n([C@H]3CCOC3)c2n1,Ki,'=',48,nM,7.318758763
CHEMBL4574224,449.39,Cc1nc(N2CCN(C)CC2)c2nc(-c3ccccc3Cl)n([C@H]3CCOC3)c2n1.Cl,Ki,'=',48.2,nM,7.316952962
CHEMBL66956,445.69,CCCCCCc1ccc(OCCCCCCCCCCC(=O)NCC2CC2)cc1OC,Ki,'=',48.8,nM,7.311580178
CHEMBL364820,328.41,CCOC(=O)C(C)(C)c1cc(O)c(-c2cc(C)cc(C)c2)c(O)c1,Ki,'=',48.8,nM,7.311580178
CHEMBL2179735,406.52,CCCCC1(c2cc(O)c3cc(Cc4ccccc4O)c(=O)oc3c2)CCCCC1,Ki,'=',49,nM,7.30980392
CHEMBL3896335,391.46,O=S(=O)(NCC1CC1)c1ccc(NN2CCCCCC2)cc1C(F)(F)F,Ki,'=',49,nM,7.30980392
CHEMBL2387184,417.55,CCCCCn1cc(C(=O)c2cccc3ccccc23)cc1-c1cccc2ccccc12,Ki,'=',49,nM,7.30980392
CHEMBL5199876,423.56,CN(CC(=O)NC1CC1)C(=O)c1ccc2c(c1)c1c(n2C)CC[C@H](C2CCOCC2)C1,Ki,'=',49.1,nM,7.308918508
CHEMBL5406967,478.67,CC(C)(C)C(=O)OCC1=CC[C@@H]2[C@@H](C1)c1c(O)cc(C34CC5CC(CC(C5)C3)C4)cc1OC2(C)C,Ki,'=',49.2,nM,7.308034897
CHEMBL4446721,331.48,CCCCCn1c(=O)sc2cc(C(=O)C3CCCCC3)ccc21,Ki,'=',49.5,nM,7.305394801
CHEMBL272035,364.56,CCCCCn1c2ccccc2c2cc(C(=S)N3CCCCC3)ccc21,Ki,'=',49.6,nM,7.304518324
CHEMBL474488,456.7,CC(C)(C)c1cc(-c2csc(C3(N4CCCCC4)CCOCC3)n2)cc(C(C)(C)C)c1O,Ki,'=',49.7,nM,7.303643611
CHEMBL3397450,439.35,C#CCn1cc(C(=O)NC23CC4CC(CC(C4)C2)C3)c(=O)c2cc(Br)ccc21,Ki,'=',49.8,nM,7.302770657
CHEMBL445740,439.35,C#CCn1cc(C(=O)NC23CC4CC(CC(C4)C2)C3)c(=O)c2cc(Br)ccc21,Ki,'=',49.8,nM,7.302770657
CHEMBL5542965,390.31,O=C(NC12CC3CC(CC(C3)C1)C2)c1nc(Cl)n(-c2ccccc2)c1Cl,Ki,'=',50,nM,7.301029996
CHEMBL2336559,384.48,Cc1ccc2c(=O)c(C(=O)NC3CCCC3)cn(CCN3CCOCC3)c2n1,Ki,'=',50,nM,7.301029996
CHEMBL2206848,414.55,C=CCn1cc(CC(=O)NC23CC4CC(CC(C4)C2)C3)c2cc(-c3ccco3)ccc21,Ki,'=',50,nM,7.301029996
CHEMBL2163932,424.59,C=CCn1cc(CC(=O)NC23CC4CC(CC(C4)C2)C3)c2cc(-c3ccccc3)ccc21,Ki,'=',50,nM,7.301029996
CHEMBL3780457,342.44,CCCCCn1cc(C(=O)c2cccc3ccccc23)c2cccnc21,Ki,'=',50.12,nM,7.299988938
CHEMBL392952,342.44,CCCCCn1cc(C(=O)c2cccc3ccccc23)c2cnccc21,Ki,'=',50.12,nM,7.299988938
CHEMBL3906589,432.7,C=C(C)C1CCC(C)=C[C@H]1c1c(O)cc(C2(CCCCCC)SCCS2)cc1O,Ki,'=',50.12,nM,7.299988938
CHEMBL497318,435.65,CCCCCCC(C)(C)c1cc(O)cc(OCCCCCCCC(=O)N[C@H](C)CO)c1,Ki,'=',50.2,nM,7.299296283
CHEMBL5816178,432.7,C=C(C)C1CCC(C)=C[C@H]1c1c(O)cc(C2(CCCCCC)SCCS2)cc1O,Ki,'=',50.4,nM,7.297569464
CHEMBL2180208,361.57,CCCCC/C=C\[C@H](C)/C=C\C/C=C\C/C=C\CCCC(=O)NCCO,Ki,'=',50.5,nM,7.296708622
CHEMBL5398394,406.57,CCCCCn1cc(C(=O)NCC23CC4CC(CC(C4)C2)C3)c(=O)c2ccccc21,Ki,'=',50.6,nM,7.295849483
CHEMBL2179759,391.56,COC(=O)c1c(NC(=O)C23CC4CC(CC(C4)C2)C3)sc2c1CCSC2,Ki,'=',50.7,nM,7.294992041
CHEMBL235908,323.52,CCCCCCC(C)(C)c1ccc(-c2cc(C)cc(C)c2)c(N)c1,Ki,'=',51,nM,7.292429824
CHEMBL4796513,300.44,CCCCc1cc(O)c2c(c1)OC(C)(C)[C@@H]1CCC(C)=C[C@@H]21,Ki,'=',51,nM,7.292429824
CHEMBL568755,436.51,O=C(NC1c2ccccc2CCC1O)n1c(=O)n(CCN2CCOCC2)c2ccccc21,Ki,'=',51,nM,7.292429824
CHEMBL515604,514.71,CCCCCn1cc(C(=O)NC23CC4CC(CC(C4)C2)C3)c(=O)c2cc(-c3cnn(CC(C)C)c3)ccc21,Ki,'=',51,nM,7.292429824
CHEMBL3353812,366.51,CCCCCn1cc(NC(=O)C2CCCCC2)c(=O)cc1-c1ccccc1,Ki,'=',51,nM,7.292429824
CHEMBL4177237,356.86,CCN1CCN(c2nc(C)nc3[nH]c(-c4ccccc4Cl)nc23)CC1,Ki,'=',51,nM,7.292429824
CHEMBL3921018,502.1,Cc1ccc(Cn2nc(C(=O)NCC3CCC4CC3C4(C)C)c3c2-c2cc(Cl)ccc2CCC3)cc1,Ki,'=',51.1,nM,7.2915791
CHEMBL2179739,348.49,CCc1ccc(-c2cc(O)c3c(c2)OC(C)(C)[C@@H]2CC=C(C)C[C@@H]32)cc1,Ki,'=',51.29,nM,7.289967301
CHEMBL3774820,314.47,CCCCCc1cc(O)c2c(c1)OC(C)(C)[C@H]1CC=C(C)C[C@H]21,Ki,'=',51.5,nM,7.288192771
CHEMBL4281658,358.48,CCCCOC(=O)Cc1cc(O)c2c(c1)OC(C)(C)[C@@H]1CC=C(C)C[C@@H]21,Ki,'=',51.5,nM,7.288192771
CHEMBL491862,358.48,CCCCOC(=O)Cc1cc(O)c2c(c1)OC(C)(C)[C@@H]1CC=C(C)C[C@@H]21,Ki,'=',51.5,nM,7.288192771
CHEMBL2064069,400.56,CN(C)C1(c2nc(-c3cc(C(C)(C)C)c(O)c(C(C)(C)C)c3)co2)CCOCC1,Ki,'=',51.6,nM,7.287350298
CHEMBL1084695,476.06,Cc1ccc(Cn2nc(C(=O)NC3C4(C)CCC(C4)C3(C)C)cc2-c2ccc(Cl)c(C)c2)cc1,Ki,'=',51.7,nM,7.286509457
CHEMBL365878,476.06,Cc1ccc(Cn2nc(C(=O)NC3C4(C)CCC(C4)C3(C)C)cc2-c2ccc(Cl)c(C)c2)cc1,Ki,'=',51.7,nM,7.286509457
CHEMBL4641784,348.49,CCc1ccc(-c2cc(O)c3c(c2)OC(C)(C)[C@@H]2CC=C(C)C[C@@H]32)cc1,Ki,'=',51.7,nM,7.286509457
CHEMBL3907723,336.48,CCCCCn1c2ccccc2c2cc(C(=O)N(CC)CC)ccc21,Ki,'=',51.8,nM,7.28567024
CHEMBL4451471,538.52,O=C(NC1CCCCC1)N1CCN(C(c2ccc(Oc3ccccc3)cc2)c2ccc(Cl)cc2Cl)CC1,Ki,'=',52,nM,7.283996656
CHEMBL394230,475.42,CCCCCn1cc(C(=O)NC2CCCCC2)c(=O)n2nc(-c3ccc(Cl)cc3Cl)cc12,Ki,'=',52,nM,7.283996656
CHEMBL5413550,463.02,Cn1c(C(C)(C)C)c/c(=N\C(=O)c2cc(Cl)ccc2ONC(C)(C)C)n1C[C@H]1CCCO1,Ki,'=',52,nM,7.283996656
CHEMBL2179736,378.56,CC1=CC[C@@H]2[C@@H](C1)c1c(O)cc(C34CC5CC(CC(C5)C3)C4)cc1OC2(C)C,Ki,'=',52,nM,7.283996656
CHEMBL224259,510.5,CCCCn1nc(C(C)(C)C)s/c1=N\C(=O)c1cc(C(F)(F)F)ccc1O/N=C(\C)C(F)(F)F,Ki,'=',52,nM,7.283996656
CHEMBL175650,251.41,CCCCCCC/C=C/C=C/C(=O)NCC(C)C,Ki,'=',52,nM,7.283996656
CHEMBL474506,490.82,O=C(NC[C@H]1CCCO1)c1nn(-c2ccc(Cl)cc2Cl)c2c1CCCc1cc(Cl)ccc1-2,Ki,'=',52.1,nM,7.283162277
CHEMBL15848,419.36,Cc1c(C(=O)NCCC(C)(C)C)nn(-c2ccc(Cl)cc2Cl)c1-n1cccc1,Ki,'=',52.4,nM,7.280668713
CHEMBL3605043,382.46,COc1ccc(OC)c2c(=O)c(C(=O)NC34CC5CC(CC(C5)C3)C4)c[nH]c12,Ki,'=',52.6,nM,7.279014256
CHEMBL1909857,548.73,CCCCCn1cc(C(=O)NC23CC4CC(CC(C4)C2)C3)c(=O)c2cc(-c3ccc4cc(OC)ccc4c3)ccc21,Ki,'=',52.6,nM,7.279014256
CHEMBL519863,452.6,CCCCCn1cc(C(=O)NC23CC4CC(CC(C4)C2)C3)c(=O)c2c(OC)ccc(OC)c21,Ki,'=',52.6,nM,7.279014256
CHEMBL1631301,491.47,CCN1CCN(c2nc(C)nc3c2nc(-c2ccccc2Cl)n3CC2CCOCC2)CC1.Cl,Ki,'=',52.8,nM,7.277366077
CHEMBL2326293,435.49,CCCCCn1cc(C(=O)c2cccc3ccccc23)cc1-c1ccc(C(F)(F)F)cc1,Ki,'=',53,nM,7.27572413
CHEMBL381212,422.59,CCN(CC)c1ccc(CN(Cc2ccccc2)S(=O)(=O)c2ccc(C)cc2)cc1,Ki,'=',53,nM,7.27572413
CHEMBL3613099,355.53,CCCCCC1=NN(C(=O)NCC2CCCCC2)CC1c1ccccc1,Ki,'=',53,nM,7.27572413
CHEMBL5196846,324.42,CC1CCC(NC(=O)c2cccn(Cc3ccccc3)c2=O)CC1,Ki,'=',53,nM,7.27572413
CHEMBL2336551,522.59,Cn1ccnc1COc1ccc(C(F)(F)F)cc1C(=O)/N=c1\sc(C(C)(C)C)cn1C[C@H]1CCCO1,Ki,'=',53,nM,7.27572413
CHEMBL3799151,447.62,CCN(CC)C(=O)c1ccc2c(c1)nc(Cc1ccc(OCC3CC3)cc1)n2CCC(C)C,Ki,'=',53,nM,7.27572413
CHEMBL2336570,451.51,CC(C)(C)c1cn(CCC(F)(F)F)/c(=N/C(=O)c2cc(C#N)ccc2OC2CCC2)s1,Ki,'=',53,nM,7.27572413
CHEMBL5186021,468.6,CCCCCn1cc(C(=O)NC23CC4CC(CC(C4)C2)C3)c(=O)n2nc(N3CCOCC3)nc12,Ki,'=',53,nM,7.27572413
CHEMBL121768,438.58,Cc1ccc(-c2cc3ncccc3c3cc(C(=O)N[C@H]4CC5CCC4(C)C5(C)C)nn23)cc1,Ki,'=',53,nM,7.27572413
CHEMBL2179728,406.38,O=S(=O)(NCC1CC1)c1ccc(Nc2ccc(F)cc2F)cc1C(F)(F)F,Ki,'=',53,nM,7.27572413
CHEMBL3968899,357.45,CC1CCC(NC(=O)c2cc3cccnc3n(CCCCO)c2=O)CC1,Ki,'=',53.3,nM,7.273272791
CHEMBL3914033,352.48,CC1(C)C(C(=O)c2cn(CCN3CCCC3=O)c3ccccc23)C1(C)C,Ki,'=',53.7,nM,7.270025714
CHEMBL3934176,424.63,CCCCCCC(C)(C)c1cc(O)c2c(c1)OC(C)(C)c1cnn(C3CCCCC3)c1-2,Ki,'=',53.7,nM,7.270025714
CHEMBL374254,365.43,COc1ccc(C(=O)c2cn(CC3CCOCC3)c3c(O)cccc23)cc1,Ki,'=',53.9,nM,7.268411235
CHEMBL312513,528.65,Cc1c(C(=O)NCc2ccc(Cl)c(Cl)c2)nn(-c2ccc(Cl)c(Cl)c2)c1-n1cccc1Cl,Ki,'=',53.9,nM,7.268411235
CHEMBL78627,338.57,CCc1ccccc1/N=C1\SCC(C)(C)CN1C(=S)SC,Ki,'=',54,nM,7.26760624
CHEMBL3582009,474.82,Cc1c(C(=O)NC2CC3CCC2C3)nc(-c2ccc(Cl)cc2Cl)n1-c1ccc(Cl)cc1,Ki,'=',54,nM,7.26760624
CHEMBL570679,466.55,Cn1c(C(C)(C)C)c/c(=N/C(=O)c2cc(C(F)(F)F)ccc2ONC(C)(C)C)n1CC1CC1,Ki,'=',54,nM,7.26760624
CHEMBL516368,460.66,CCCCCn1cc(C(=O)NC23CC4CC(CC(C4)C2)C3)c(=O)c(-c2ccc(CC)cc2)c1C,Ki,'=',54.3,nM,7.26520017
CHEMBL579247,455.04,CCCCCn1cc(C(=O)NC23CC4CC(C)(CC(C)(C4)C2)C3)c(=O)c2cc(Cl)ccc21,Ki,'=',54.6,nM,7.262807357
CHEMBL2338182,322.49,CCCCCCC1(c2ccc(-c3cc(C)cc(C)c3)c(O)c2)CC1,Ki,'=',55,nM,7.259637311
CHEMBL2336563,352.48,CC1(C)C(C(=O)c2cn(CCN3CCCC3=O)c3ccccc23)C1(C)C,Ki,'=',55,nM,7.259637311
CHEMBL4464357,442.67,CCN(CC)c1ccc(CN(C2CCCCC2)S(=O)(=O)c2ccc(C(C)C)cc2)cc1,Ki,'=',55,nM,7.259637311
CHEMBL2087112,440.98,CCCCCn1cc(C(=O)NC2CCCCC2)c(=O)n2nc(-c3ccc(Cl)cc3)cc12,Ki,'=',55,nM,7.259637311
CHEMBL320408,344.46,OC1/C(=C/c2cn(Cc3ccccc3)c3ccccc23)N2CCC1CC2,Ki,'=',55.3,nM,7.257274869
CHEMBL3906742,384.52,CCCCCC1(c2cc(O)c3c(c2)OC(C)(C)[C@@H]2CC=C(C)C[C@@H]32)CC(=O)O1,Ki,'=',55.5,nM,7.255707017
CHEMBL1270986,514.89,CC(C)(C)c1nc(N2CCC(F)(F)C2)c2nnn(Cc3ccc(C4(C(F)(F)F)N=N4)cc3Cl)c2n1,Ki,'=',55.6,nM,7.254925208
CHEMBL2441451,489.83,O=C(NN1CCCCC1)c1nn(-c2ccc(Cl)cc2Cl)c2c1CCCc1cc(Cl)ccc1-2,Ki,'=',55.7,nM,7.254144805
CHEMBL2326308,340.51,CCCCCNc1ccccc1C(=O)NC12CC3CC(CC(C3)C1)C2,Ki,'=',55.7,nM,7.254144805
CHEMBL2206841,524.71,CCCCCn1cc(C(=O)NC23CC4CC(CC(C4)C2)C3)c(=O)c2cc(/C=C/c3ccc(OC)cc3)ccc21,Ki,'=',55.9,nM,7.252588192
CHEMBL2336553,428.57,O=C(NC1(C(=O)O)CCCC1)c1cc2c(n(CC3CCCCC3)c1=O)CCCCCC2,Ki,'=',55.98,nM,7.251967106
CHEMBL197598,428.57,O=C(NC1(C(=O)O)CCCC1)c1cc2c(n(CC3CCCCC3)c1=O)CCCCCC2,Ki,'=',56,nM,7.251811973
CHEMBL603476,285.39,CC1(C)C(C(=O)c2cn(CCO)c3ccccc23)C1(C)C,Ki,'=',56,nM,7.251811973
CHEMBL1765819,358.48,CCCCCc1cc2c(c(O)c1C(=O)O)[C@@H]1C=C(C)CC[C@H]1C(C)(C)O2,Ki,'=',56,nM,7.251811973
CHEMBL3960069,404.5,O=S(=O)(NCC1CC1)c1ccc(NC2CCCCCCC2)cc1C(F)(F)F,Ki,'=',56,nM,7.251811973
CHEMBL3353430,402.54,CCCCn1c2c(cc(C(=O)NC3(C(=O)O)CCCCC3)c1=O)CCCCCC2,Ki,'=',56,nM,7.251811973
CHEMBL4208628,428.57,O=C(NC1(C(=O)O)CCCC1)c1cc2c(n(CC3CCCCC3)c1=O)CCCCCC2,Ki,'=',56,nM,7.251811973
CHEMBL2019079,298.43,Cc1cc(C)cc(-c2ccc(C(C)(C)CCCO)cc2O)c1,Ki,'=',56,nM,7.251811973
CHEMBL3581227,392.5,CC1(C)COc2cccc3c(=O)c(C(=O)NC45CC6CC(CC(C6)C4)C5)cn1c23,Ki,'=',56,nM,7.251811973
CHEMBL5838945,536.29,CCc1c(C(=O)NCc2ccc(Cl)c(Cl)c2)nn(-c2ccc(Cl)cc2Cl)c1-n1c(C)ccc1C,Ki,'=',56.1,nM,7.251037139
CHEMBL1215891,524.71,CCCCCn1cc(C(=O)NC23CC4CC(CC(C4)C2)C3)c(=O)c2cc(/C=C/c3ccc(OC)cc3)ccc21,Ki,'=',56.23,nM,7.250031916
CHEMBL1081306,285.39,CC1(C)C(C(=O)c2cn(CCO)c3ccccc23)C1(C)C,Ki,'=',56.23,nM,7.250031916
CHEMBL198552,337.42,CCCCCc1cc(OC)c2cc(Cc3cccnc3)c(=O)oc2c1,Ki,'=',56.23,nM,7.250031916
CHEMBL3582018,469.03,Cc1nc(N2CCN(C)CC2)c2nc(-c3ccccc3C3CC3)n(C3CCOCC3)c2n1.Cl,Ki,'=',56.3,nM,7.249491605
CHEMBL594535,337.42,CCCCCc1cc(OC)c2cc(Cc3cccnc3)c(=O)oc2c1,Ki,'=',56.5,nM,7.247951552
CHEMBL3329480,496.7,CCCCCn1cc(C(=O)NC23CC4CC(CC(C4)C2)C3)c(=O)c2cc(CCc3ccccc3)ccc21,Ki,'=',56.6,nM,7.247183569
CHEMBL404457,414.63,CCCCCCC(C)(C)c1cc(OC)c(C2=C[C@@H]3CC[C@@]2(CO)C3(C)C)c(OC)c1,Ki,'=',56.8,nM,7.245651664
CHEMBL186525,475.56,CCN(CC)C(=O)c1ccc2c(c1)nc(Cc1ccc(OCC(F)(F)F)cc1)n2CCC(C)C,Ki,'=',57,nM,7.244125144
CHEMBL570660,352.59,CCCc1ccccc1/N=C1\SCC(C)(C)CN1C(=S)SC,Ki,'=',57,nM,7.244125144
CHEMBL2023048,437.58,CCOc1ccc(C(O)c2nc3cc(C(=O)N(CC)CC)ccc3n2CCC(C)C)cc1,Ki,'=',57,nM,7.244125144
CHEMBL2381782,354.45,CCc1c(C(=O)Nc2ccc3ccccc3c2)cc(C)n1-c1ccccc1,Ki,'=',57,nM,7.244125144
CHEMBL427524,420.56,CCCCCn1cc(C(=O)NC2CCCCC2)c(=O)n2nc(-c3ccc(C)cc3)cc12,Ki,'=',57,nM,7.244125144
CHEMBL2179733,247.38,C/C=C\C=C/CC/C=C/C=C/C(=O)NCC(C)C,Ki,'=',57,nM,7.244125144
CHEMBL374933,458.56,CCCCCn1c(=O)c(C(=O)NC23CC4CC(CC(O)(C4)C2)C3)c(O)c2nn(CCO)cc21,Ki,'=',57.1,nM,7.243363892
CHEMBL2030750,350.39,CCCCOc1c(OC)ccc2cc(C(=O)NCCCF)c(=O)[nH]c12,Ki,'=',57.94,nM,7.237021509
CHEMBL3323692,490.65,Cc1cc(C)c(OCC(=O)Nc2sc3c(c2C(=O)NC2CCS(=O)(=O)C2)CCCC3)c(C)c1,Ki,'=',58,nM,7.236572006
CHEMBL421509,350.39,CCCCOc1c(OC)ccc2cc(C(=O)NCCCF)c(=O)[nH]c12,Ki,'=',58,nM,7.236572006
CHEMBL3967152,415.58,CC1(C)C(C(=O)c2cn(CC3CCOCC3)c3ccc(-c4ccccc4)cc23)C1(C)C,Ki,'=',58,nM,7.236572006
CHEMBL2177259,514.05,C[C@H](NS(C)(=O)=O)c1ccc(S(=O)(=O)c2ccccc2S(=O)(=O)c2ccc(Cl)cc2)cc1,Ki,'=',58,nM,7.236572006
CHEMBL3919567,350.39,CCCCOc1c(OC)ccc2cc(C(=O)NCCCF)c(=O)[nH]c12,Ki,'=',58,nM,7.236572006
CHEMBL4636552,404.5,CC(C)(NS(=O)(=O)c1ccc(NC2CCCCC2)cc1C(F)(F)F)C1CC1,Ki,'=',58,nM,7.236572006
CHEMBL3114351,554.48,C#Cc1cccc(C2(C(F)(F)F)N=N2)c1Cn1nnc2c(N3CC[C@H](O)C3)nc(C(F)(F)c3ccccc3)nc21,Ki,'=',58,nM,7.236572006
CHEMBL4163852,340.43,Cc1cc(C(=O)Nc2ccc3ccccc3c2)c(C)n1-c1ccccc1,Ki,'=',58.28,nM,7.234480457
CHEMBL2163578,392.5,O=C(NC1(c2ccccn2)CCC1)c1nn(CC2CCOCC2)c2c1C[C@H]1C[C@@H]21,Ki,'=',58.7,nM,7.231361899
CHEMBL4793741,375.47,O=C(N/N=C1\C(=O)N(CCC2CCCCC2)c2ccccc21)c1ccccc1,Ki,'=',58.8,nM,7.230622674
CHEMBL4082936,415.58,CC1(C)C(C(=O)c2cn(CC3CCOCC3)c3ccc(-c4ccccc4)cc23)C1(C)C,Ki,'=',58.88,nM,7.230032199
CHEMBL2163574,415.58,CC1(C)C(C(=O)c2cn(CC3CCOCC3)c3ccc(-c4ccccc4)cc23)C1(C)C,Ki,'=',58.88,nM,7.230032199
CHEMBL4207686,461.35,COc1ccc2c(c1)c(CC(=O)N1CCOCC1)c(C)n2C(=O)c1c(Cl)cccc1Cl,Ki,'=',59,nM,7.229147988
CHEMBL3957634,379.48,Cc1ccc(-c2noc(CC(C)(C)C)n2)cc1S(=O)(=O)N1CCOCC1,Ki,'=',59,nM,7.229147988
CHEMBL2087098,428.53,C=CCn1cc(C(=O)NC23CC4CC(CC(C4)C2)C3)c(=O)c2cc(-c3ccco3)ccc21,Ki,'=',59,nM,7.229147988
CHEMBL2170525,499.66,CCCCCn1cc(C(=O)NC23CC4CC(CC(C4)C2)C3)c(=O)c2cc(-c3ccc(OC)nc3)ccc21,Ki,'=',59.3,nM,7.226945307
CHEMBL571344,372.51,CCCCCCC(C)(C)c1cc(O)c2c(c1)OC(C)(C)c1cn(CO)nc1-2,Ki,'=',59.4,nM,7.226213555
CHEMBL485368,401.49,CCOC(=O)c1cc(-c2ccccc2)sc1NC(=O)c1cccc2ccccc12,Ki,'=',59.81,nM,7.223226198
CHEMBL475904,401.29,CCCc1ccc(C(=O)c2cc(O)c(-c3cc(Cl)cc(Cl)c3)c(O)c2)cc1,Ki,'=',59.91,nM,7.22250068
CHEMBL1923771,430.64,CCN(CC)c1ccc(CN(C(=O)Cc2ccccc2)[C@]23C[C@H]4C[C@H](C[C@H](C4)C2)C3)cc1,Ki,'=',59.98,nM,7.221993539
CHEMBL4440527,355.45,COc1c(C)cc(-c2ccc(F)cc2)cc1C(=O)NC1CCCCCC1,Ki,'=',60,nM,7.22184875
CHEMBL2336569,408.54,CCCCCOc1cccc2c(=O)c(C(=O)NC34CC5CC(CC(C5)C3)C4)c[nH]c12,Ki,'=',60,nM,7.22184875
CHEMBL485369,398.55,COCCn1c(C)c(C(=O)NC2C(C)(C)[C@@H]3CC[C@@]2(C)C3)c2cccc(OC)c21,Ki,'=',60,nM,7.22184875
CHEMBL368432,430.64,CCN(CC)c1ccc(CN(C(=O)Cc2ccccc2)[C@]23C[C@H]4C[C@H](C[C@H](C4)C2)C3)cc1,Ki,'=',60,nM,7.22184875
CHEMBL2206844,372.47,O=C(NC1CCCCC1)n1c(=O)n(CCN2CCOCC2)c2ccccc21,Ki,'=',60,nM,7.22184875
CHEMBL197940,251.41,CCCCCCC/C=C/C=C/C(=O)NCC(C)C,Ki,'=',60,nM,7.22184875
CHEMBL2326304,355.45,COc1c(C)cc(-c2ccc(F)cc2)cc1C(=O)N[C@H]1CC[C@@H](C)CC1,Ki,'=',60,nM,7.22184875
CHEMBL259646,344.39,O=C(Nc1cccc2ccccc12)c1cccn1Cc1ccc(F)cc1,Ki,'=',60,nM,7.22184875
CHEMBL3960324,326.4,CC1COc2cccc3c(=O)c(C(=O)NC4CCCCC4)cn1c23,Ki,'=',60,nM,7.22184875
CHEMBL3093367,411.52,CN(C)CCn1cc(C(=O)NC23CC4CC(CC(C4)C2)C3)c(=O)c2ccc(F)cc21,Ki,'=',60,nM,7.22184875
CHEMBL4565110,408.54,CCCCCOc1ccccc1-c1cc(C(=O)NC2C3CC4CC(C3)CC2C4)no1,Ki,'=',60.1,nM,7.221125528
CHEMBL2170533,408.54,CCCCCOc1ccccc1-c1cc(C(=O)NC2C3CC4CC(C3)CC2C4)no1,Ki,'=',60.1,nM,7.221125528
CHEMBL523415,388.51,CCCCCn1cc(C(=O)NC2CCCc3ccccc32)c(=O)c2ccccc21,Ki,'=',60.2,nM,7.220403509
CHEMBL3799538,535.48,O=C(NC1CCN(c2ncnc3c2nc(-c2ccccc2Cl)n3-c2ccc(Cl)cc2)CC1)C1CCCC1,Ki,'=',60.2,nM,7.220403509
CHEMBL3781707,535.48,O=C(NC1CCN(c2ncnc3c2nc(-c2ccccc2Cl)n3-c2ccc(Cl)cc2)CC1)C1CCCC1,Ki,'=',60.2,nM,7.220403509
CHEMBL490246,314.43,CCCCC1(c2cc(O)c3cc(CC)c(=O)oc3c2)CCCC1,Ki,'=',60.26,nM,7.219970873
CHEMBL491065,314.43,CCCCC1(c2cc(O)c3cc(CC)c(=O)oc3c2)CCCC1,Ki,'=',60.6,nM,7.217527376
CHEMBL1828810,370.49,CCCCCOc1ccccc1-c1cc(C(=O)NC2CCCCCC2)no1,Ki,'=',60.8,nM,7.216096421
CHEMBL3898407,370.49,CCCCCOc1ccccc1-c1cc(C(=O)NC2CCCCCC2)no1,Ki,'=',60.8,nM,7.216096421
CHEMBL572620,342.44,CCCCCOc1ccccc1-c1cc(C(=O)NC2CCCC2)no1,Ki,'=',60.9,nM,7.215382707
CHEMBL236539,342.44,CCCCCOc1ccccc1-c1cc(C(=O)NC2CCCC2)no1,Ki,'=',60.9,nM,7.215382707
CHEMBL2338183,368.52,CC1(C)C(C(=O)c2cn(CC3CCOCC3)c3cc(CN)ccc23)C1(C)C,Ki,'=',61.66,nM,7.20999648
CHEMBL5942896,368.52,CC1(C)C(C(=O)c2cn(CC3CCOCC3)c3cc(CN)ccc23)C1(C)C,Ki,'=',61.66,nM,7.20999648
CHEMBL2022695,368.52,CC1(C)C(C(=O)c2cn(CC3CCOCC3)c3cc(CN)ccc23)C1(C)C,Ki,'=',62,nM,7.207608311
CHEMBL256749,413.54,CS(=O)(=O)NCCCn1c2ccccc2c2cc(C(=O)N3CCCCC3)ccc21,Ki,'=',62,nM,7.207608311
CHEMBL4283967,398.59,Cc1ccc(C(=O)NC2C(C)(C)[C@@H]3CC[C@@]2(C)C3)cc1CCCN1CCOCC1,Ki,'=',62,nM,7.207608311
CHEMBL201175,395.55,CCCCCCCn1cc(C(=O)c2cccc3ccccc23)cc1-c1ccccc1,Ki,'=',62,nM,7.207608311
CHEMBL245706,430.45,COc1ccc(Nc2ccc(S(=O)(=O)NCC3CC3)c(C(F)(F)F)c2)c(OC)c1,Ki,'=',62,nM,7.207608311
CHEMBL3323686,539.62,CN1C(=O)CC[C@H]1COc1ccc(C(F)(F)F)cc1C(=O)/N=c1\sc(C(C)(C)C)cn1C[C@H]1CCCO1,Ki,'=',62,nM,7.207608311
CHEMBL607032,466.53,CCCCn1/c(=N/C(=O)c2cc(C(F)(F)F)ccc2ONC(C)(C)C)sc2ccncc21,Ki,'=',62,nM,7.207608311
CHEMBL2179753,369.53,CCCCC1=NN(C(=O)NC(C)(C)c2ccccc2)CC1c1ccsc1,Ki,'=',62,nM,7.207608311
CHEMBL3810140,369.51,C#CCCCn1c(C)c(C(=O)c2ccc3c(c2)CC(C)(C)C3)c2ccccc21,Ki,'=',62.5,nM,7.204119983
CHEMBL3945989,399.49,CCOC(=O)CCCn1c(=O)c(C(=O)NC2CCC(C)CC2)cc2cccnc21,Ki,'=',62.6,nM,7.203425667
CHEMBL4749825,445.69,CCCCCCc1ccc(OC)cc1OCCCCCCCCCCC(=O)NCC1CC1,Ki,'=',62.6,nM,7.203425667
CHEMBL2387077,496.97,Cc1nc(N2CCN(C)CC2)c2nc(-c3ccccc3C(F)(F)F)n(C3CCOCC3)c2n1.Cl,Ki,'=',62.8,nM,7.202040356
CHEMBL1631291,286.42,CCCc1cc(O)c2c(c1)OC(C)(C)[C@@H]1CCC(C)=C[C@@H]21,Ki,'=',62.8,nM,7.202040356
CHEMBL78696,441.55,O=C(NC1CCCCCC1)c1cc(-c2ccc(F)cc2)cn(CCN2CCOCC2)c1=O,Ki,'=',63,nM,7.200659451
CHEMBL1631162,303.41,CCC1(C(=O)Nc2cc(CN3CCOCC3)c(C)cn2)CC1,Ki,'=',63,nM,7.200659451
CHEMBL3686295,286.42,CCCc1cc(O)c2c(c1)OC(C)(C)[C@@H]1CCC(C)=C[C@@H]21,Ki,'=',63,nM,7.200659451
CHEMBL3957211,377.49,CCNC(=O)c1ccc2c(c1)nc(Cc1ccc(OCC)cc1)n2CC1CC1,Ki,'=',63,nM,7.200659451
CHEMBL3686287,286.42,CCCc1cc(O)c2c(c1)OC(C)(C)[C@@H]1CCC(C)=C[C@@H]21,Ki,'=',63,nM,7.200659451
CHEMBL439657,507.68,CC(C)(C)c1nc(N2CCC(F)(F)C2)c2nnn(Cc3ccccc3CCSSCCN)c2n1,Ki,'=',63,nM,7.200659451
CHEMBL2441468,526.35,C=C(C)C1CCC(C)=C[C@H]1c1c(O)cc(C2(CCCCCC)CC2(Br)Br)cc1O,Ki,'=',63.1,nM,7.199970641
CHEMBL4563803,367.49,CCCCCn1cc(C(=O)c2cccc(-c3ccccc3)c2)c2ccccc21,Ki,'=',63.1,nM,7.199970641
CHEMBL2387180,526.35,C=C(C)C1CCC(C)=C[C@H]1c1c(O)cc(C2(CCCCCC)CC2(Br)Br)cc1O,Ki,'=',63.3,nM,7.19859629
CHEMBL3686336,374.52,Cc1ccc2c(c1)-c1c(O)cc(C34CC5CC(CC(C5)C3)C4)cc1OC2(C)C,Ki,'=',63.5,nM,7.197226275
CHEMBL3650100,320.55,CCCC[Si](C)(C)c1cc(O)c(C2CCCCCC2)c(O)c1,Ki,'=',63.54,nM,7.19695279
CHEMBL1641961,429.56,CCN(CC)c1ccc(C(NC(=O)Cc2ccccc2)NC(=O)Cc2ccccc2)cc1,Ki,'=',64,nM,7.193820026
CHEMBL2064055,423.6,CCCCCn1cc(C(=O)c2cccc3ccccc23)cc1-c1ccc(CCCC)cc1,Ki,'=',64,nM,7.193820026
CHEMBL5418589,429.56,CCN(CC)c1ccc(C(NC(=O)Cc2ccccc2)NC(=O)Cc2ccccc2)cc1,Ki,'=',64,nM,7.193820026
CHEMBL2336532,417.34,Cc1c(C(=O)NC2CCCCC2)nn(-c2ccc(Cl)cc2Cl)c1-n1cccc1,Ki,'=',64,nM,7.193820026
CHEMBL2181540,318.37,COC(=O)c1c(C)noc1NC(=O)C12CC3CC(CC(C3)C1)C2,Ki,'=',64.72,nM,7.188961491
CHEMBL4538593,384.43,Cc1c(C(=O)NC2CCCCC2)nn(-c2ccc(F)cc2F)c1-n1cccc1,Ki,'=',65,nM,7.187086643
CHEMBL6002409,426.36,O=C(NC1CCCCCC1)c1cc(Br)cn(CCN2CCOCC2)c1=O,Ki,'=',65,nM,7.187086643
CHEMBL4483043,499.6,CCCCn1nc(C(C)(C)C)s/c1=N\C(=O)c1cc(C(F)(F)F)ccc1O/N=C(\N)C(C)(C)C,Ki,'=',65,nM,7.187086643
CHEMBL4291438,350.58,CSC(=S)N1CC2(CC2)CS/C1=N\c1ccccc1C(C)C,Ki,'=',65,nM,7.187086643
CHEMBL5950666,359.44,CCCCCn1cc(C(=O)c2cccc3ccccc23)c2cc(F)ccc21,Ki,'=',65,nM,7.187086643
CHEMBL2326282,494.68,CCCCCn1cc(C(=O)NC23CC4CC(CC(C4)C2)C3)c(=O)c2cc(/C=C/c3ccccc3)ccc21,Ki,'=',65.4,nM,7.184422252
CHEMBL2316301,401.55,CCCCCCC(C)(C)c1cc(OCCCO)c2c(c1)OC(C)(C)c1cnoc1-2,Ki,'=',65.5,nM,7.1837587
CHEMBL4435812,633.76,CCC(CC)(NC(=O)c1ccc(N2CC(OC)C2)c(OC[C@H]2C[C@@H]2CO)n1)C(=O)OCCCOS(=O)(=O)c1ccc(C)cc1,Ki,'=',65.5,nM,7.1837587
CHEMBL2179727,475.59,C[C@H]1CC[C@H](NC(=O)c2cc3cc(-c4cccs4)cnc3n(Cc3ccc(F)cc3)c2=O)CC1,Ki,'=',65.6,nM,7.183096161
CHEMBL72771,532.71,CCCCCn1cc(C(=O)NC23CC4CC(CC(C4)C2)C3)c(=O)c2cc(S(=O)(=O)c3ccccc3)ccc21,Ki,'=',65.9,nM,7.181114585
CHEMBL2010897,352.5,CCC(C)(C)C(=O)Nc1cc(C)c(C)c(S(=O)(=O)NCC2CC2)c1,Ki,'=',66,nM,7.180456064
CHEMBL2348267,372.53,C=CCN(Cc1ccc(N(CC)CC)cc1)S(=O)(=O)c1ccc(C)cc1,Ki,'=',66,nM,7.180456064
CHEMBL124973,475.02,CCN(CC)S(=O)(=O)/N=C(/N=C(/C)N)N1C[C@H](c2ccccc2)C(c2ccc(Cl)cc2)=N1,Ki,'=',66,nM,7.180456064
CHEMBL2030742,419.5,C[C@H]1CC[C@H](NC(=O)c2cc(-c3ccccc3)nn(Cc3ccc(F)cc3)c2=O)CC1,Ki,'=',66,nM,7.180456064
CHEMBL2436761,406.38,O=S(=O)(NCC1CC1)c1ccc(Nc2ccc(F)cc2F)cc1C(F)(F)F,Ki,'=',66,nM,7.180456064
CHEMBL4777102,312.41,CCCCn1c(C)c(C)cc(C(=O)NCc2ccccc2)c1=O,Ki,'=',66,nM,7.180456064
CHEMBL3422793,370.54,CCCCCCC(C)(C)c1cc(OC)c2c(c1)OC(C)(C)c1cn(C)nc1-2,Ki,'=',66.4,nM,7.177831921
CHEMBL3353834,447.54,COc1ccccc1Cn1ccc2c(c1=O)c1cccc(OC)c1n2CCN1CCOCC1,Ki,'=',67,nM,7.173925197
CHEMBL590737,383.58,CCCCC/C=C\C/C=C\C/C=C\C/C=C\CCCC(=O)NCc1ccoc1,Ki,'=',67,nM,7.173925197
CHEMBL2441474,305.42,CCC(C)(C)C(=O)Nc1cc(CN2CCOCC2)cc(C)n1,Ki,'=',67,nM,7.173925197
CHEMBL600195,383.58,CCCCC/C=C\C/C=C\C/C=C\C/C=C\CCCC(=O)NCc1ccoc1,Ki,'=',67,nM,7.173925197
CHEMBL3650089,403.48,CC[C@H](C)[C@H](NC(=O)n1c(=O)n(CCN2CCOCC2)c2ccccc21)C(N)=O,Ki,'=',67,nM,7.173925197
CHEMBL250194,412.58,CCn1cc(CC(=O)NC23CC4CC(CC(C4)C2)C3)c2cc(-c3ccccc3)ccc21,Ki,'=',67,nM,7.173925197
CHEMBL3933394,324.46,CCCC(C)(C)c1ccc2c(c1)OC(C)(C)c1ccc(CO)cc1-2,Ki,'=',67,nM,7.173925197
CHEMBL3953781,493.44,CC1(C)C2CC[C@@H](CNC(=O)c3cc4c5cccnc5cc(-c5ccc(Cl)cc5Cl)n4n3)C1C2,Ki,'=',67,nM,7.173925197
CHEMBL571097,422.61,CO/C=C\[C@@H]1CC[C@@H]2[C@@H](C1)c1c(O)cc(C34CC5CC(CC(C5)C3)C4)cc1OC2(C)C,Ki,'=',67.2,nM,7.172630727
CHEMBL578421,362.63,CCCCCC[Si](C)(C)c1cc(O)c(C2CCCCCC2)c(OC)c1,Ki,'=',67.2,nM,7.172630727
CHEMBL3938871,508.51,Cn1c(C(C)(C)C)c/c(=N/C(=O)c2cc(C(F)(F)F)ccc2ONC(C)(C)C)n1CCC(F)(F)F,Ki,'=',68,nM,7.167491087
CHEMBL4282404,520.58,CCCCn1nc(C(C)(C)C)s/c1=N\C(=O)c1cc(C(F)(F)F)ccc1O/N=C(\N)c1ccncc1,Ki,'=',68,nM,7.167491087
CHEMBL4534007,346.47,CC1(C)C(C(=O)c2cn(CCc3ccccn3)c3ccccc23)C1(C)C,Ki,'=',68,nM,7.167491087
CHEMBL1814471,406.38,O=S(=O)(NCC1CC1)c1ccc(Nc2ccc(F)cc2F)cc1C(F)(F)F,Ki,'=',68,nM,7.167491087
CHEMBL120526,357.46,O/N=C1C(=C/c2cn(Cc3ccccc3)c3ccccc23)/N2CCC/1CC2,Ki,'=',68.6,nM,7.163675884
CHEMBL208548,426.9,COc1ccc2c(c1)c(CC(=O)N1CCOCC1)c(C)n2C(=O)c1ccccc1Cl,Ki,'=',69,nM,7.161150909
CHEMBL3905264,423.6,CCCCCn1cc(C(=O)c2cccc3ccccc23)cc1-c1ccccc1CCCC,Ki,'=',69,nM,7.161150909
CHEMBL2381781,488.99,COc1cccc2c(C(=O)N(Cc3c(F)cccc3Cl)C(C)C)nn(CCN3CCOCC3)c12,Ki,'=',69,nM,7.161150909
CHEMBL235900,416.51,CC(C)(NS(=O)(=O)c1ccc(NC2CC3CCC2C3)cc1C(F)(F)F)C1CC1,Ki,'=',69.15,nM,7.160207816
CHEMBL2179752,346.47,CC1(C)C(C(=O)c2cn(CCc3ccccn3)c3ccccc23)C1(C)C,Ki,'=',69.18,nM,7.160019442
CHEMBL238570,467.4,O=C(NN1CCCCC1)c1nn(-c2ccc(Cl)cc2Cl)c2c1Cc1cc(C3CC3)ccc1-2,Ki,'=',69.43,nM,7.158452835
CHEMBL2326303,401.44,O=C(NCCc1ccc(F)cc1)c1cc2cccnc2n(Cc2ccccc2)c1=O,Ki,'=',69.8,nM,7.156144577
CHEMBL2326291,327.43,CCCCn1c(=O)c(C(=O)NC2CCCCC2)cc2cccnc21,Ki,'=',70,nM,7.15490196
CHEMBL4852077,330.47,Cc1ccc(NC(=O)C2CCCCC2C)cc1CN1CCOCC1,Ki,'=',70,nM,7.15490196
CHEMBL3967280,454.66,CCCCCn1cc(CC(=O)NC23CC4CC(CC(C4)C2)C3)c2cc(-c3ccccc3)ccc21,Ki,'=',70,nM,7.15490196
CHEMBL2441253,396.62,CCCCC/C=C\C/C=C\C/C=C\C/C=C\CCCC(=O)NCc1cccn1C,Ki,'=',70,nM,7.15490196
CHEMBL235278,396.62,CCCCC/C=C\C/C=C\C/C=C\C/C=C\CCCC(=O)NCc1cccn1C,Ki,'=',70,nM,7.15490196
CHEMBL1765678,597.63,Cn1c(S(=O)(=O)c2ccccc2F)c(S(=O)(=O)N2CCC(CNS(=O)(=O)C(F)(F)F)CC2)c2ccccc21,Ki,'=',70,nM,7.15490196
CHEMBL5188683,413.52,CCCCCNc1ccc(C(=O)c2c(-c3ccc(OC)cc3)oc3ccccc23)cc1,Ki,'=',70,nM,7.15490196
CHEMBL1910035,571.53,CCN(CC)S(=O)(=O)/N=C(/N=C(\N)c1ccc(Cl)cc1)N1CC(c2ccccc2)C(c2ccc(Cl)cc2)=N1,Ki,'=',70,nM,7.15490196
CHEMBL3775089,310.44,CCCCCc1cc(O)c2c(c1)OC(C)(C)c1ccc(C)cc1-2,Ki,'=',70,nM,7.15490196
CHEMBL15874,507.09,CCN(CC)S(=O)(=O)/N=C(/N=C(\N)SC)N1CC(c2ccccc2)C(c2ccc(Cl)cc2)=N1,Ki,'=',70,nM,7.15490196
CHEMBL5406438,352.43,COc1ccccc1-c1cc(C(=O)NC23CC4CC(CC(C4)C2)C3)no1,Ki,'=',70.1,nM,7.154281982
CHEMBL236171,352.43,COc1ccccc1-c1cc(C(=O)NC23CC4CC(CC(C4)C2)C3)no1,Ki,'=',70.1,nM,7.154281982
CHEMBL4852553,362.47,CCCCCn1cc(C(=O)NC(C)c2ccccc2)c(=O)c2ccccc21,Ki,'=',70.8,nM,7.149966742
CHEMBL373177,384.52,O=C(Cc1c[nH]c2ccc(-c3ccccc3)cc12)NC12CC3CC(CC(C3)C1)C2,Ki,'=',70.8,nM,7.149966742
CHEMBL2152824,450.65,CCN(CC)c1ccc(CN(Cc2ccccc2)S(=O)(=O)c2ccc(C(C)C)cc2)cc1,Ki,'=',71,nM,7.148741651
CHEMBL3323678,434.6,CCCCCNc1ccc(-c2cccc(F)c2)cc1C(=O)NC12CC3CC(CC(C3)C1)C2,Ki,'=',71,nM,7.148741651
CHEMBL248340,427.55,O=C(Cc1ccccc1)NC(NC(=O)Cc1ccccc1)c1ccc(N2CCCC2)cc1,Ki,'=',71,nM,7.148741651
CHEMBL2336554,435.49,CCCCCn1cc(C(=O)c2cccc3ccccc23)cc1-c1cccc(C(F)(F)F)c1,Ki,'=',71,nM,7.148741651
CHEMBL4541878,421.54,COc1cccc2c(C(=O)N[C@@H](C)Cc3ccccc3)cn(CCN3CCOCC3)c12,Ki,'=',71,nM,7.148741651
CHEMBL3968673,427.55,O=C(Cc1ccccc1)NC(NC(=O)Cc1ccccc1)c1ccc(N2CCCC2)cc1,Ki,'=',71,nM,7.148741651
CHEMBL389203,474.69,CCCCCn1cc(C(=O)NC23CC4CC(CC(C4)C2)C3)c(=O)c2cc(/C=C/C(C)(C)C)ccc21,Ki,'=',71.6,nM,7.145086978
CHEMBL2336558,334.46,CC1=CC[C@@H]2[C@@H](C1)c1c(O)cc(-c3ccc(C)cc3)cc1OC2(C)C,Ki,'=',71.81,nM,7.143815073
CHEMBL5558215,391.51,CCCCC1(c2cc(O)c3cc(Cc4ccccn4)c(=O)oc3c2)CCCCC1,Ki,'=',71.9,nM,7.14327111
CHEMBL3963126,386.54,CCN(CC)c1ccc(CN(C(=O)Cc2ccccc2)c2ccc(C)cc2)cc1,Ki,'=',71.94,nM,7.143029567
CHEMBL493804,490.48,CC1(C)C(C(=O)c2cn(CC3CCOCC3)c3ccc(OCCCCBr)cc23)C1(C)C,Ki,'=',72,nM,7.142667504
CHEMBL383182,312.41,CCCCn1c(C)c(C)cc(NC(=O)c2ccc(C)cc2)c1=O,Ki,'=',72,nM,7.142667504
CHEMBL4756251,386.54,CCN(CC)c1ccc(CN(C(=O)Cc2ccccc2)c2ccc(C)cc2)cc1,Ki,'=',72,nM,7.142667504
CHEMBL594513,541.7,CC(C)(C)c1nc(N2CCC(F)(F)C2)c2nnn(Cc3ccccc3CCSSc3ccccn3)c2n1,Ki,'=',72,nM,7.142667504
CHEMBL1765685,475.08,Cc1ccc(Cn2cc(C(=O)NC[C@@H]3CCC4C[C@@H]3C4(C)C)cc2-c2ccc(Cl)c(C)c2)cc1,Ki,'=',72.2,nM,7.141462802
CHEMBL409231,334.46,CC1=CC[C@@H]2[C@@H](C1)c1c(O)cc(-c3ccc(C)cc3)cc1OC2(C)C,Ki,'=',72.44,nM,7.140021558
CHEMBL2348270,490.48,CC1(C)C(C(=O)c2cn(CC3CCOCC3)c3ccc(OCCCCBr)cc23)C1(C)C,Ki,'=',72.44,nM,7.140021558
CHEMBL419289,490.48,CC1(C)C(C(=O)c2cn(CC3CCOCC3)c3ccc(OCCCCBr)cc23)C1(C)C,Ki,'=',72.44,nM,7.140021558
CHEMBL3354399,391.51,CCCCC1(c2cc(O)c3cc(Cc4ccccn4)c(=O)oc3c2)CCCCC1,Ki,'=',72.44,nM,7.140021558
CHEMBL3903346,548.3,Cc1c(C(=O)NCc2ccc(Cl)c(Cl)c2)nn(-c2ccc(Cl)cc2Cl)c1-n1cc2c(c1)CCCC2,Ki,'=',72.9,nM,7.137272472
CHEMBL2348271,342.44,CCCCCOc1cc(C(=O)NCCc2ccncc2)ccc1OC,Ki,'=',72.95,nM,7.136974704
CHEMBL2316272,446.98,CCN(CC)c1ccc(CN(c2ccc(Cl)cc2)S(=O)(=O)c2ccc(F)cc2)cc1,Ki,'=',72.95,nM,7.136974704
CHEMBL1631295,497.62,O=C(OCCCn1c2ccccc2c2cc(C(=O)N3CCCCC3)ccc21)N1CCS(=O)(=O)CC1,Ki,'=',73,nM,7.13667714
CHEMBL271805,348.49,CCCCCn1c2ccccc2c2cc(C(=O)N3CCCCC3)ccc21,Ki,'=',73,nM,7.13667714
CHEMBL4549921,443.01,CCN(CC)c1ccc(CN(Cc2ccccc2)S(=O)(=O)c2ccc(Cl)cc2)cc1,Ki,'=',73,nM,7.13667714
CHEMBL276312,446.98,CCN(CC)c1ccc(CN(c2ccc(Cl)cc2)S(=O)(=O)c2ccc(F)cc2)cc1,Ki,'=',73,nM,7.13667714
CHEMBL4094331,342.44,CCCCCOc1cc(C(=O)NCCc2ccncc2)ccc1OC,Ki,'=',73,nM,7.13667714
CHEMBL2205592,516.71,CCCCCn1cc(C(=O)NC23CC4CC(CC(C4)C2)C3)c(=O)c2cc([S+]([O-])c3ccccc3)ccc21,Ki,'=',73.2,nM,7.135488919
CHEMBL3116292,384.52,CCCCCOc1ccccc1-c1cc(C(=O)NC2CCCCCCC2)no1,Ki,'=',73.5,nM,7.133712661
CHEMBL3116284,384.52,CCCCCOc1ccccc1-c1cc(C(=O)NC2CCCCCCC2)no1,Ki,'=',73.5,nM,7.133712661
CHEMBL2205615,450.58,O=C(O)Cc1ccc(NC(=O)c2cc3c(n(CC4CCCCC4)c2=O)CCCCCC3)cc1,Ki,'=',73.96,nM,7.131003098
CHEMBL360138,399.49,CCCCC1=NN(C(=O)NC(C)(C)c2ccc(F)cc2)CC1c1cccc(F)c1,Ki,'=',74,nM,7.13076828
CHEMBL524818,450.58,O=C(O)Cc1ccc(NC(=O)c2cc3c(n(CC4CCCCC4)c2=O)CCCCCC3)cc1,Ki,'=',74,nM,7.13076828
CHEMBL1910034,422.49,O=C(NC1CCOc2ccccc21)n1c(=O)n(CCN2CCOCC2)c2ccccc21,Ki,'=',74,nM,7.13076828
CHEMBL3613107,450.58,O=C(O)Cc1ccc(NC(=O)c2cc3c(n(CC4CCCCC4)c2=O)CCCCCC3)cc1,Ki,'=',74,nM,7.13076828
CHEMBL4449619,453.49,CCCCn1/c(=N/C(=O)c2cc(C(F)(F)F)ccc2OC[C@@H](C)O)sc2ccncc21,Ki,'=',75,nM,7.124938737
CHEMBL3915237,365.45,Cc1ccc(-c2noc(C(C)(C)C)n2)cc1S(=O)(=O)N1CCOCC1,Ki,'=',75,nM,7.124938737
CHEMBL5752639,377.51,Cc1ccc(-c2cc(CC(C)(C)C)[nH]n2)cc1S(=O)(=O)N1CCOCC1,Ki,'=',75,nM,7.124938737
CHEMBL5761384,448.61,CCOc1ccc(Cc2nc3cc(C(=O)N(CC)CC)ccc3n2C[C@@H]2CCCCN2)cc1,Ki,'=',75,nM,7.124938737
CHEMBL383138,430.61,CCN(CC)c1ccc(CN(C2CCCCC2)S(=O)(=O)c2ccc(OC)cc2)cc1,Ki,'=',75,nM,7.124938737
CHEMBL574172,428.43,O=S(=O)(NCC1CC1)c1ccc(Nc2ccc3c(c2)OCCO3)cc1C(F)(F)F,Ki,'=',75.1,nM,7.124360063
CHEMBL2019084,526.51,CCC(c1ccc([C@H](C)NS(C)(=O)=O)cc1)c1ccc(Cl)cc1S(=O)(=O)c1ccc(Cl)cc1,Ki,'=',76,nM,7.119186408
CHEMBL3650124,337.44,CCCCCn1c(C)c(C(=O)Cc2ccccc2F)c2ccccc21,Ki,'=',76,nM,7.119186408
CHEMBL1081305,424.5,COc1ccccc1CNC(=O)c1nn(CCN2CCOCC2)c2c(OC)cccc12,Ki,'=',77,nM,7.113509275
CHEMBL2441462,512.02,C[C@H](NS(C)(=O)=O)c1ccc(S(=O)(=O)c2ccc(Cl)cc2C(C)(O)c2ccccc2F)cc1,Ki,'=',77,nM,7.113509275
CHEMBL1270782,468.56,CCCCn1/c(=N\C(=O)c2cc(C(F)(F)F)ccc2ONC(C)(C)C)cc(C(C)(C)C)n1C,Ki,'=',77,nM,7.113509275
CHEMBL431184,442.64,CCCCCCC(C)(C)c1cc(OC)c(C2=C[C@H]3CC[C@]2(C(=O)OC)C3(C)C)c(OC)c1,Ki,'=',77.1,nM,7.112945622
CHEMBL5564992,477.49,CCCCCCC(C)(C)c1cc(OCCCBr)c2c(c1)OC(C)(C)c1cn(C)nc1-2,Ki,'=',77.3,nM,7.111820506
CHEMBL2022702,444.69,CCN(CC)C1(c2nc(-c3cc(C(C)(C)C)c(O)c(C(C)(C)C)c3)cs2)CCOCC1,Ki,'=',77.4,nM,7.111259039
CHEMBL3323696,409.56,CCCCCn1cc(C(=O)NN(C)C)c(=O)c2ccc(Sc3ccccc3)cc21,Ki,'=',77.5,nM,7.110698297
CHEMBL4739932,315.42,CCCCn1cc(C(=O)N[C@H](C(N)=O)C(C)C)c2ccccc21,Ki,'=',77.6,nM,7.110138279
CHEMBL2151380,315.42,CCCCn1cc(C(=O)N[C@H](C(N)=O)C(C)C)c2ccccc21,Ki,'=',77.62,nM,7.110026362
CHEMBL312093,625.69,CC(C)C1(CNS(=O)(=O)C(F)(F)F)CCCN(S(=O)(=O)c2cc3ccccc3n2S(=O)(=O)c2ccccc2F)C1,Ki,'=',78,nM,7.107905397
CHEMBL4472094,378.47,C[C@H]1COc2cccc3c(=O)c(C(=O)NC45CC6CC(CC(C6)C4)C5)cn1c23,Ki,'=',78,nM,7.107905397
CHEMBL4539849,400.95,CCCCCn1cc(C(=O)NC2CCCCC2)c(=O)cc1-c1ccc(Cl)cc1,Ki,'=',78,nM,7.107905397
CHEMBL1828807,343.43,CCCCn1cc(C(=O)c2cccc3ccccc23)c2cccc(O)c21,Ki,'=',78.3,nM,7.106238238
CHEMBL248513,477.49,CCCCCCC(C)(C)c1cc(OCCBr)c2c(c1)OC(C)(C)c1cn(CC)nc1-2,Ki,'=',78.7,nM,7.104025268
CHEMBL4162105,328.41,CCCCn1cc(C(=O)NCC2CC2)c(=O)c2cccc(OC)c21,Ki,'=',78.8,nM,7.103473783
CHEMBL601865,390.48,COc1ccc2c(=O)c(C(=O)NC3CCCCC3)cn(Cc3ccccc3)c2c1,Ki,'=',79,nM,7.102372909
CHEMBL1631165,413.52,COc1ccc2c(=O)c(C(=O)NC3CCCCC3)cn(CCN3CCOCC3)c2c1,Ki,'=',79,nM,7.102372909
CHEMBL322112,453.03,CCCCCn1cc(C(=O)NC23CC4CC(CC(C4)C2)C3)c(=O)cc1-c1ccc(Cl)cc1,Ki,'=',79,nM,7.102372909
CHEMBL600396,341.5,CCCCCC1=NN(C(=O)NC2CCCCC2)CC1c1ccccc1,Ki,'=',79,nM,7.102372909
CHEMBL422704,377.44,O=C(NC1CCCCC1)c1c(O)c2cccnc2n(Cc2ccccc2)c1=O,Ki,'=',79,nM,7.102372909
CHEMBL2010908,376.44,O=S(=O)(NCC1CC1)c1ccc(NC2CCCCC2)cc1C(F)(F)F,Ki,'=',79,nM,7.102372909
CHEMBL3605035,477.73,CCCCCCC(C)(C)c1cc(O)cc(OCCCCCCCCCCCC(=O)NCCO)c1,Ki,'=',79.43,nM,7.100015437
CHEMBL1270578,380.49,CCCOc1ccccc1-c1cc(C(=O)NC23CC4CC(CC(C4)C2)C3)no1,Ki,'=',79.6,nM,7.099086932
CHEMBL429986,380.49,CCCOc1ccccc1-c1cc(C(=O)NC23CC4CC(CC(C4)C2)C3)no1,Ki,'=',79.6,nM,7.099086932
CHEMBL272659,417.63,CCCCCc1cc(O)cc(OCCCCCCCCCCC(=O)NCC2CC2)c1,Ki,'=',80,nM,7.096910013
CHEMBL1224689,445.74,Cc1c(C(=O)Nc2ccc(Cl)cc2)nn(-c2ccc(Cl)cc2Cl)c1-n1cccc1,Ki,'=',80,nM,7.096910013
CHEMBL1800082,477.73,CCCCCCC(C)(C)c1cc(O)cc(OCCCCCCCCCCCC(=O)NCCO)c1,Ki,'=',80,nM,7.096910013
CHEMBL3973699,328.42,CC(C)(C)c1nc2ccccc2n1C(=O)c1cccc2ccccc12,Ki,'=',80,nM,7.096910013
CHEMBL2348463,459.42,Cc1c(C(=O)NC2CCCCCC2)nn(-c2ccc(Cl)cc2Cl)c1-n1c(C)ccc1C,Ki,'=',80,nM,7.096910013
CHEMBL5928300,376.44,O=S(=O)(NCC1CC1)c1ccc(NC2CCCCC2)cc1C(F)(F)F,Ki,'=',80,nM,7.096910013
CHEMBL2336560,342.41,CC1CCC(NC(=O)c2cccnc2OCc2ccc(F)cc2)CC1,Ki,'=',80,nM,7.096910013
CHEMBL310766,291.4,Cc1cnc(NC(=O)C(C)(C)C)cc1CN1CCOCC1,Ki,'=',81,nM,7.091514981
CHEMBL2019091,363.48,Cc1ccc(-c2cnc(C(C)(C)C)[nH]2)cc1S(=O)(=O)N1CCOCC1,Ki,'=',81,nM,7.091514981
CHEMBL3582027,363.54,CCCCC/C=C\C/C=C\C/C=C\C/C=C\CCCC(=O)NOCCO,Ki,'=',81,nM,7.091514981
CHEMBL2441456,472.67,CN(C)CCNC(=O)C(C)(C)NC(=O)c1cc2c(n(CC3CCCCC3)c1=O)CCCCCC2,Ki,'=',81,nM,7.091514981
CHEMBL1269775,460.47,COc1cc(Nc2ccc(S(=O)(=O)NCC3CCCO3)c(C(F)(F)F)c2)cc(OC)c1,Ki,'=',81,nM,7.091514981
CHEMBL428553,420.5,CCCN(CC1CC1)c1ccc(S(=O)(=O)NCC2CCCO2)c(C(F)(F)F)c1,Ki,'=',81,nM,7.091514981
CHEMBL3798133,504.47,C#Cc1cccc(C2(C(F)(F)F)N=N2)c1Cn1nc2nc(C(C)(C)C)nc(N3CCC(F)(F)C3)c2n1,Ki,'=',81.4,nM,7.089375595
CHEMBL2163933,446.4,O=C(Nc1sc2c(c1C(=O)N1CC(F)(F)C1)CCOC2)c1ccccc1C(F)(F)F,Ki,'=',81.5,nM,7.088842391
CHEMBL2177251,428.61,CCCCCCC(C)(C)c1cc(OC)c(C2=C[C@@H]3CC[C@@]2(C(=O)O)C3(C)C)c(OC)c1,Ki,'=',81.5,nM,7.088842391
CHEMBL4483721,432.7,CN(C)C1(c2nc(-c3cc(C(C)(C)C)c(O)c(C(C)(C)C)c3)cs2)CCSCC1,Ki,'=',81.7,nM,7.087777943
CHEMBL2338186,324.44,Cc1cccc(-c2c(O)cc(C(C)(C)c3cccs3)cc2O)c1,Ki,'=',81.95,nM,7.086451042
CHEMBL436801,338.48,CCN1CCN(c2nc(C)nc3sc(-c4ccccc4)cc23)CC1,Ki,'=',82,nM,7.086186148
CHEMBL5557872,349.47,CCCCCn1c(C)c(C(=O)Cc2ccccc2OC)c2ccccc21,Ki,'=',82,nM,7.086186148
CHEMBL4533329,405.52,Cc1ccc(-c2nnn(CC3CCCCC3)n2)cc1S(=O)(=O)N1CCOCC1,Ki,'=',82,nM,7.086186148
CHEMBL2326277,337.42,CCCCCc1cc(OC)c2cc(Cc3ccccn3)c(=O)oc2c1,Ki,'=',82.4,nM,7.084072788
CHEMBL1084429,350.46,COCCCn1c2ccccc2c2cc(C(=O)N3CCCCC3)ccc21,Ki,'=',83,nM,7.080921908
CHEMBL248342,412.57,Cc1ccc(C(=O)NC2C(C)(C)[C@@H]3CC[C@@]2(C)C3)cc1CCC(=O)N1CCOCC1,Ki,'=',83,nM,7.080921908
CHEMBL4293194,356.51,CCCCCCC(=O)c1cc(O)c2c(c1)OC(C)(C)[C@@H]1CC=C(C)C[C@@H]21,Ki,'=',83.18,nM,7.079981084
CHEMBL2348065,337.42,CCCCCc1cc(OC)c2cc(Cc3ccccn3)c(=O)oc2c1,Ki,'=',83.18,nM,7.079981084
CHEMBL124829,458.58,CC12CC3CC(C)(C1)CC(NC(=O)c1cn(Cc4ccc(F)cc4)c4ccccc4c1=O)(C3)C2,Ki,'=',83.4,nM,7.078833949
CHEMBL2206845,356.51,CCCCCCC(=O)c1cc(O)c2c(c1)OC(C)(C)[C@@H]1CC=C(C)C[C@@H]21,Ki,'=',83.7,nM,7.077274542
CHEMBL198128,452.66,CCN(CC)c1ccc(CN([C@]23C[C@H]4C[C@H](C[C@H](C4)C2)C3)S(=O)(=O)c2ccccc2)cc1,Ki,'=',83.95,nM,7.0759793
CHEMBL3650121,349.47,CCCCCn1c(C)c(C(=O)Cc2cccc(OC)c2)c2ccccc21,Ki,'=',84,nM,7.075720714
CHEMBL228510,354.57,CCOc1ccccc1/N=C1\SCC(C)(C)CN1C(=S)SC,Ki,'=',84,nM,7.075720714
CHEMBL2336557,400.42,COc1ccc(Nc2ccc(S(=O)(=O)NCC3CC3)c(C(F)(F)F)c2)cc1,Ki,'=',84,nM,7.075720714
CHEMBL4520356,452.66,CCN(CC)c1ccc(CN([C@]23C[C@H]4C[C@H](C[C@H](C4)C2)C3)S(=O)(=O)c2ccccc2)cc1,Ki,'=',84,nM,7.075720714
CHEMBL4518631,431.55,COc1c(Cc2ccc(F)cc2)cc(-c2ccccc2)cc1C(=O)NC1CCCCCC1,Ki,'=',84.1,nM,7.075204004
CHEMBL2380418,340.43,Cc1cc(C(=O)Nc2cccc3ccccc23)c(C)n1-c1ccccc1,Ki,'=',84.22,nM,7.074584763
CHEMBL259562,350.46,CCCCCn1c2ccccc2c2cc(C(=O)N3CCOCC3)ccc21,Ki,'=',84.5,nM,7.073143291
CHEMBL5904741,442.64,CCCCCCC(C)(C)c1cc(OC)c(C2=C[C@@H]3CC[C@@]2(C(=O)OC)C3(C)C)c(OC)c1,Ki,'=',84.6,nM,7.072629637
CHEMBL4203180,365.52,CC1CCN(C(=O)c2ccc3c(c2)c2c(n3C)CN(C3CCCC3)C2)CC1,Ki,'=',84.7,nM,7.07211659
CHEMBL124649,458.68,C#CCCCC(=O)OCC(CO)OCCCC/C=C\C/C=C\C/C=C\C/C=C\CCCCC,Ki,'=',84.9,nM,7.07109231
CHEMBL2441257,378.5,Cc1ccc(-c2n[nH]c(CC(C)(C)C)n2)cc1S(=O)(=O)N1CCOCC1,Ki,'=',85,nM,7.070581074
CHEMBL3686316,342.44,CCC1COc2cccc3c(=O)c(C(=O)N(C(C)C)C(C)C)cn1c23,Ki,'=',85,nM,7.070581074
CHEMBL220360,400.52,CC(C)c1ccc(C(NC(=O)Cc2ccccc2)NC(=O)Cc2ccccc2)cc1,Ki,'=',85,nM,7.070581074
CHEMBL478624,582.69,C/C(CN1CCC[C@H]1COc1ccc(C(F)(F)F)cc1C(=O)/N=c1\sc(C(C)(C)C)cn1C[C@H]1CCCO1)=N\O,Ki,'=',85,nM,7.070581074
CHEMBL1091813,402.96,CC(C)(C)c1nc(N2CCC(S)C2)c2nnn(Cc3ccccc3Cl)c2n1,Ki,'=',85,nM,7.070581074
CHEMBL609006,377.43,O=S(=O)(NCC1CC1)c1ccc(NN2CCCCC2)cc1C(F)(F)F,Ki,'=',85,nM,7.070581074
CHEMBL3353835,400.52,CC(C)c1ccc(C(NC(=O)Cc2ccccc2)NC(=O)Cc2ccccc2)cc1,Ki,'=',85,nM,7.070581074
CHEMBL3093380,358.49,CCCCCn1cc(C(=O)NC2CCCCC2)c(=O)c2c(C)nn(C)c21,Ki,'=',85,nM,7.070581074
CHEMBL2181542,334.46,CC1=CC[C@@H]2[C@@H](C1)c1c(O)cc(Cc3ccccc3)cc1OC2(C)C,Ki,'=',85.9,nM,7.066006836
CHEMBL2030751,334.46,CC1=CC[C@@H]2[C@@H](C1)c1c(O)cc(Cc3ccccc3)cc1OC2(C)C,Ki,'=',85.9,nM,7.066006836
CHEMBL3582026,543.56,C=C(c1ccc([C@H](C)NS(C)(=O)=O)cc1)c1ccc(OC(F)(F)F)cc1S(=O)(=O)c1ccccc1F,Ki,'=',86,nM,7.065501549
CHEMBL2019092,425.53,CCCCCOc1cc(/C=C/C(=O)N[C@@H](Cc2ccccc2)C(=O)OC)ccc1OC,Ki,'=',86,nM,7.065501549
CHEMBL78937,403.55,Cc1ccc(-c2cc(CC3CCCCC3)[nH]n2)cc1S(=O)(=O)N1CCOCC1,Ki,'=',87,nM,7.060480747
CHEMBL411888,445.39,Cc1c(C(=O)NC2CCCCC2)nn(-c2ccc(Cl)cc2Cl)c1-n1c(C)ccc1C,Ki,'=',87,nM,7.060480747
CHEMBL4554620,483.34,O=S(=O)(NCC1CCOCC1)c1ccc(Nc2ccc(Cl)cc2Cl)cc1C(F)(F)F,Ki,'=',87,nM,7.060480747
CHEMBL3647309,520.58,CCCCn1nc(C(C)(C)C)s/c1=N\C(=O)c1cc(C(F)(F)F)ccc1O/N=C(\N)c1cccnc1,Ki,'=',87,nM,7.060480747
CHEMBL3907898,356.51,CCCCCCC(C)(C)c1cc(OC)c2c(c1)OC(C)(C)c1cn[nH]c1-2,Ki,'=',87.1,nM,7.059981845
CHEMBL3891003,491.51,CCCCCCC(C)(C)c1cc(OCCCBr)c2c(c1)OC(C)(C)c1cn(CC)nc1-2,Ki,'=',87.1,nM,7.059981845
CHEMBL3354398,315.41,COc1cccc(C(=O)NC23CC4CC(CC(C4)C2)C3)c1OC,Ki,'=',87.6,nM,7.057495894
CHEMBL4473103,392.5,CC[C@H]1COc2cccc3c(=O)c(C(=O)NC45CC6CC(CC(C6)C4)C5)cn1c23,Ki,'=',88,nM,7.055517328
CHEMBL568682,443.53,CC(C)(C)c1nc(N2CCC(F)(F)C2)c2nnn(Cc3ccccc3CN=C=S)c2n1,Ki,'=',88,nM,7.055517328
CHEMBL3907434,354.88,O=C(c1ccc2c(c1)c1ccccc1n2CCCCl)N1CCCCC1,Ki,'=',88,nM,7.055517328
CHEMBL3944807,316.38,CCCCn1c(C)c(C)cc(NC(=O)c2ccccc2F)c1=O,Ki,'=',88,nM,7.055517328
CHEMBL5869138,330.47,CCCCCc1cc(O)c2c(c1)OC(C)(C)[C@@H]1C[C@@H](O)C(C)=C[C@@H]21,Ki,'=',88,nM,7.055517328
CHEMBL4286213,465.56,CCCCn1cc(C(C)(C)C)cc/c1=N\C(=O)c1cc(C(F)(F)F)ccc1ONC(C)(C)C,Ki,'=',88,nM,7.055517328
CHEMBL1269774,393.53,CC(=O)n1c2c(c3cc(C(=O)N4CCC(C)CC4)ccc31)CN(C1CCCC1)C2,Ki,'=',88.1,nM,7.055024092
CHEMBL1080545,393.53,CC(=O)n1c2c(c3cc(C(=O)N4CCC(C)CC4)ccc31)CN(C1CCCC1)C2,Ki,'=',88.1,nM,7.055024092
CHEMBL249383,298.39,CCCCn1c(C)c(C)cc(NC(=O)c2ccccc2)c1=O,Ki,'=',89,nM,7.050609993
CHEMBL4644476,451.66,COc1cccc2c(C(=O)N[C@@H]3C(C)(C)[C@@H]4CC[C@@]3(C)C4)c(C)n(CCN3CCCCC3)c12,Ki,'=',89,nM,7.050609993
CHEMBL4865342,335.45,CCCCCn1cc(C(=O)Cc2cccc(OC)c2)c2ccccc21,Ki,'=',89,nM,7.050609993
CHEMBL228405,399.49,CCCCC1=NN(C(=O)NC(C)(C)c2ccc(F)cc2)CC1c1ccccc1F,Ki,'=',89,nM,7.050609993
CHEMBL2336527,475.66,CCCCCn1cc(C(=O)NC2CN3CCC2CC3)c(=O)c2ccc(Sc3ccccc3)cc21,Ki,'=',89.1,nM,7.050122296
CHEMBL2179738,523.47,CC(C)CC(=O)NC1CCN(c2ncnc3c2nc(-c2ccccc2Cl)n3-c2ccc(Cl)cc2)CC1,Ki,'=',89.5,nM,7.048176965
CHEMBL1923778,434.6,CCCCCNc1ccc(-c2ccc(F)cc2)cc1C(=O)NC12CC3CC(CC(C3)C1)C2,Ki,'=',89.5,nM,7.048176965
CHEMBL573805,523.47,CC(C)CC(=O)NC1CCN(c2ncnc3c2nc(-c2ccccc2Cl)n3-c2ccc(Cl)cc2)CC1,Ki,'=',89.5,nM,7.048176965
CHEMBL4064165,370.4,O=S(=O)(NCC1CC1)c1ccc(Nc2ccccc2)cc1C(F)(F)F,Ki,'=',90,nM,7.045757491
CHEMBL2179766,368.5,CCC(C)(C)C(=O)Nc1cc(C)c(C)c(S(=O)(=O)N2CC[C@H](O)C2)c1,Ki,'=',90,nM,7.045757491
CHEMBL245910,337.46,COc1c(C)cc(-c2ccccc2)cc1C(=O)N[C@H]1CC[C@H](C)CC1,Ki,'=',90,nM,7.045757491
CHEMBL5402475,365.43,O=[N+]([O-])c1ccc2c(c1)c(OCC1CCCCC1)nn2Cc1ccccc1,Ki,'=',90,nM,7.045757491
CHEMBL245702,365.43,O=[N+]([O-])c1ccc2c(c1)c(OCC1CCCCC1)nn2Cc1ccccc1,Ki,'=',90,nM,7.045757491
CHEMBL1828808,355.45,COc1c(C)cc(-c2ccc(F)cc2)cc1C(=O)N[C@H]1CC[C@H](C)CC1,Ki,'=',90,nM,7.045757491
CHEMBL1091812,323.41,CCCCCn1cc(C(=O)Cc2cccc(F)c2)c2ccccc21,Ki,'=',91,nM,7.040958608
CHEMBL577384,504.37,COc1ccc(C(=O)c2c(C)n(CCN3CCOCC3)c3cc(I)ccc23)cc1,Ki,'=',91,nM,7.040958608
CHEMBL4277065,369.47,O=C(c1ccc2c(c1)c1ccccc1n2Cc1ccncc1)N1CCCCC1,Ki,'=',91,nM,7.040958608
CHEMBL233181,585.56,O=S(=O)(CC1CCCCC1)N1CCN(c2ncnc3c2nc(-c2ccccc2Cl)n3-c2ccc(Cl)cc2)CC1,Ki,'=',91,nM,7.040958608
CHEMBL2338188,423.55,CC(C)(C)c1nc(N2CC[C@H](O)C2)c2nnn(Cc3ccccc3CN=C=S)c2n1,Ki,'=',91,nM,7.040958608
CHEMBL3944086,448.61,CCCCCn1cc(C(=O)NC23CC4CC(CC(C4)C2)C3)c(=O)cc1-c1ccc(OC)cc1,Ki,'=',91.1,nM,7.040481623
CHEMBL3353842,401.58,CCCNC(=O)c1c(NC(=O)C23CC4CC(CC2C4)C3)sc2c1CCN(C)C2,Ki,'=',91.2,nM,7.040005162
CHEMBL256748,416.54,O=C(c1c(NC(=O)C23CC4CC(CC2C4)C3)sc2c1CCOC2)N1CCOCC1,Ki,'=',91.2,nM,7.040005162
CHEMBL1087251,364.51,CCCNC(=O)c1c(NC(=O)C2C(C)(C)C2(C)C)sc2c1CCOC2,Ki,'=',91.2,nM,7.040005162
CHEMBL4633663,370.49,CC1(C)C(C(=O)c2cn(CCN3CCOCC3)c3ccc(O)cc23)C1(C)C,Ki,'=',91.2,nM,7.040005162
CHEMBL1088507,370.49,CC1(C)C(C(=O)c2cn(CCN3CCOCC3)c3ccc(O)cc23)C1(C)C,Ki,'=',91.2,nM,7.040005162
CHEMBL2316291,441.57,CC1(C)Oc2cc(C34CC5CC(CC(C(N)=O)(C5)O3)C4)cc(O)c2[C@@H]2C[C@H](CO)CC[C@H]21,Ki,'=',91.8,nM,7.037157319
CHEMBL3895744,370.49,CC1(C)C(C(=O)c2cn(CCN3CCOCC3)c3ccc(O)cc23)C1(C)C,Ki,'=',92,nM,7.036212173
CHEMBL175369,394.54,Cc1ccc(C(=O)NC2C(C)CCCC2C)cc1S(=O)(=O)N1CCOCC1,Ki,'=',92,nM,7.036212173
CHEMBL1093735,564.99,O=S(=O)(c1ccccc1F)c1cc(Cl)ccc1S(=O)(=O)N1CC(CCNS(=O)(=O)C(F)(F)F)C1,Ki,'=',92,nM,7.036212173
CHEMBL4176159,367.49,CCCCCn1cc(C(=O)NN2CCCCC2)c(=O)cc1-c1ccccc1,Ki,'=',92,nM,7.036212173
CHEMBL1081304,525.64,CN1CC[C@H](COc2ccc(C(F)(F)F)cc2C(=O)/N=c2\sc(C(C)(C)C)cn2C[C@H]2CCCO2)C1,Ki,'=',92,nM,7.036212173
CHEMBL4476491,404.47,CC(C)(C)[C@H](NC(=O)n1c(=O)n(CC2(O)CCOCC2)c2ccccc21)C(N)=O,Ki,'=',92,nM,7.036212173
CHEMBL5409408,384.56,CCCCCCC(C)(C)c1cc(OC)c2c(c1)OC(C)(C)c1cn(CC)nc1-2,Ki,'=',92.6,nM,7.033389013
CHEMBL5854244,473.62,CCCCCCC(C)(C)c1cc(OC)cc(OCCCCCCCC(=O)NCC(F)(F)F)c1,Ki,'=',92.8,nM,7.032452024
CHEMBL2163954,421.59,CCCCCn1nc(C(=O)NC23CC4CC(C)(CC(C)(C4)C2)C3)c(=O)c2ccccc21,Ki,'=',93,nM,7.031517051
CHEMBL238048,432.61,CCCCCCC(C)(C)c1cc(OCc2ccccc2)c2c(c1)OC(C)(C)c1cn[nH]c1-2,Ki,'=',93.3,nM,7.030118356
CHEMBL2346668,356.44,Cn1cc(C(=O)N[C@@H]2C(C)(C)C3CC[C@]2(C)C3)c(=O)c2ccc(F)cc21,Ki,'=',93.9,nM,7.027334408
CHEMBL5070349,427.55,CN(C)c1ccc2c(=O)c(C(=O)NC3CCCCC3)cn(CCN3CCOCC3)c2n1,Ki,'=',94,nM,7.026872146
CHEMBL3586109,366.53,CCC(C)(C)C(=O)Nc1cc(C)c(C)c(S(=O)(=O)NC2CCCC2)c1,Ki,'=',94,nM,7.026872146
CHEMBL3797787,466.65,CCN(CC)c1ccc(CN(Cc2ccccc2)S(=O)(=O)c2ccc(OC(C)C)cc2)cc1,Ki,'=',94,nM,7.026872146
CHEMBL3416120,459.52,C[C@H]1CC[C@H](NC(=O)c2cc3cc(-c4ccco4)cnc3n(Cc3ccc(F)cc3)c2=O)CC1,Ki,'=',94.2,nM,7.025949097
CHEMBL498152,448.01,Cc1cc(-c2cc(C(=O)N[C@@H]3C(C)(C)[C@@H]4CC[C@@]3(C)C4)nn2-c2ccccc2)ccc1Cl,Ki,'=',94.2,nM,7.025949097
CHEMBL237171,325.36,CCOC(=O)C(C)(C)c1cc(O)c(-c2cccc(C#N)c2)c(O)c1,Ki,'=',94.8,nM,7.023191663
CHEMBL2348458,365.99,CCCCC/C=C\C/C=C\C/C=C\C/C=C\CCCC(=O)NCCCl,Ki,'=',95,nM,7.022276395
CHEMBL2348475,525.64,CN1CCC[C@H]1COc1ccc(C(F)(F)F)cc1C(=O)/N=c1\sc(C(C)(C)C)cn1CC1(O)CCC1,Ki,'=',95,nM,7.022276395
CHEMBL1215889,479.62,CC(C)(C)c1cc(N2CCC(F)(F)C2)c2nnn(Cc3ccccc3SSCCO)c2n1,Ki,'=',95,nM,7.022276395
CHEMBL257806,377.37,CCN1CCN(c2ncnc3oc(-c4ccccc4C(F)(F)F)nc23)CC1,Ki,'=',95.5,nM,7.019996628
CHEMBL2152829,437.54,CCCCCn1cc(C(=O)NC2CCCCC2)c(=O)n2nc(-c3ccc(OC)cc3)nc12,Ki,'=',96,nM,7.017728767
CHEMBL472661,310.44,CCCCCc1cc(O)c2c(c1)OC(C)(C)c1ccc(C)cc1-2,Ki,'=',96,nM,7.017728767
CHEMBL495546,551.42,O=C(CCc1nc(-c2ccc(F)cc2Br)no1)Nc1ccc2c(c1)c1ccccc1n2CCCCO,Ki,'=',96,nM,7.017728767
CHEMBL3613098,494.58,CC(C)Cn1cc(C(C)(C)C)s/c1=N\C(=O)c1cc(C(F)(F)F)ccc1OCCn1ccnc1,Ki,'=',96,nM,7.017728767
CHEMBL3613116,411.57,CC(C)Cn1cc(C(C)(C)C)s/c1=N\C(=O)c1cc(C#N)ccc1OC1CCC1,Ki,'=',96,nM,7.017728767
CHEMBL5417553,362.52,CCCCCCn1c2ccccc2c2cc(C(=O)N3CCCCC3)ccc21,Ki,'=',96,nM,7.017728767
CHEMBL5517636,445.57,CCCCCc1cc(O)cc(OCCCCCCCCCCC(=O)NCC(F)(F)F)c1,Ki,'=',96.3,nM,7.016373713
CHEMBL4571345,362.45,COc1cc(Nc2ccc(S(=O)(=O)NCC3CC3)cc2)cc(OC)c1,Ki,'=',97,nM,7.013228266
CHEMBL2205616,421.62,CCCCCc1cc(O)cc(OCCCCCCCCCCC(=O)N[C@H](C)CO)c1,Ki,'=',97.2,nM,7.012333735
CHEMBL2019088,428.62,CCCCCCC(C)(C)c1cc(OCCCO)c2c(c1)OC(C)(C)c1cn(CC)nc1-2,Ki,'=',97.4,nM,7.011441043
CHEMBL5846886,391.42,O=C(NC1(c2ccccc2)CC1)c1nn(-c2ccc(F)cc2F)c2c1C[C@@H]1C[C@H]21,Ki,'=',97.6,nM,7.010550182
CHEMBL2018656,357.41,CC(C)(C)[C@@H](CO)NC(=O)c1nn(-c2c[n+]([O-])ccn2)c2c1C[C@H]1C[C@@H]21,Ki,'=',97.7,nM,7.010105436
CHEMBL176022,338.57,CSC(=S)N1CC(C)CS/C1=N\c1ccccc1C(C)C,Ki,'=',98,nM,7.008773924
CHEMBL2338176,398.55,Cn1cc(CC(=O)NC23CC4CC(CC(C4)C2)C3)c2cc(-c3ccccc3)ccc21,Ki,'=',98,nM,7.008773924
CHEMBL595913,374.44,O=C(NC1CCCC1)c1cn2c3c(cccc3c1=O)OCC2c1ccccc1,Ki,'=',98,nM,7.008773924
CHEMBL225496,527.5,CCCCCn1cc(C(=O)NC23CC4CC(CC(C4)C2)C3)c(=O)n2nc(-c3c(Cl)cccc3Cl)cc12,Ki,'=',98,nM,7.008773924
CHEMBL2177261,461.37,COc1cc(Nc2cc(Cl)c(S(=O)(=O)NCC3CCCO3)c(Cl)c2)cc(OC)c1,Ki,'=',98,nM,7.008773924
CHEMBL4165549,528.65,Cc1c(C(=O)NCc2ccc(Cl)c(Cl)c2)nn(-c2ccc(Cl)cc2Cl)c1-n1cccc1Cl,Ki,'=',98.5,nM,7.00656377
CHEMBL2381783,314.47,CCCCCc1cc(O)c2c(c1)OC(C)(C)[C@H]1CCC(C)=C[C@@H]21,Ki,'=',99,nM,7.004364805
CHEMBL3582025,484.49,C#Cc1cccc(C2(C(F)(F)F)N=N2)c1Cn1nc2nc(C(C)(C)C)nc(N3CC[C@H](O)C3)c2n1,Ki,'=',99.2,nM,7.003488328
CHEMBL3798158,368.56,C=C(C)C1CCC(C)=C[C@H]1c1c(O)cc(C2(CCCCCC)CC2)cc1O,Ki,'=',99.23,nM,7.003357009
CHEMBL4075256,417.37,CC(C)(C)CNC(=O)c1ccc(Br)c(S(=O)(=O)N2CCCCC2)c1,Ki,'=',100,nM,7
CHEMBL75571,409.61,CCCCC/C=C\C/C=C\C/C=C\C/C=C\CCCC(=O)NCc1ccc(O)cc1,Ki,'=',100,nM,7
CHEMBL1087875,368.56,C=C(C)C1CCC(C)=C[C@H]1c1c(O)cc(C2(CCCCCC)CC2)cc1O,Ki,'=',100,nM,7
CHEMBL368547,316.41,CCC(C)(C)C(=O)Nc1cc(CN2CCOCC2)c(C#N)cn1,Ki,'=',100,nM,7
CHEMBL3922691,356.47,CCCCCn1cc(C(=O)Nc2cccc3ccccc23)c2ccccc21,Ki,'=',100,nM,7
CHEMBL6024125,324.45,COc1ccc(C(=O)c2c(CC(C)C)sc3ccccc23)cc1,Ki,'=',100,nM,7
CHEMBL2381805,459.76,Cc1c(C(=O)NCc2ccc(Cl)cc2)nn(-c2ccc(Cl)c(Cl)c2)c1-n1cccc1,Ki,'=',100,nM,7
CHEMBL403627,374.46,COc1ccc(C(=O)c2c(-c3ccc(OC)cc3)sc3ccccc23)cc1,Ki,'=',100,nM,7
CHEMBL3354396,444.53,CCCCCOc1c(OC)ccc2cc(C(=O)N3CCCC(C(=O)OCC)C3)c(=O)[nH]c12,Ki,'=',100,nM,7
CHEMBL3409319,328.42,CC(C)Cc1nc2ccccc2n1C(=O)c1cccc2ccccc12,Ki,'=',100,nM,7
CHEMBL5884499,444.53,CCCCCOc1c(OC)ccc2cc(C(=O)N3CCCC(C(=O)OCC)C3)c(=O)[nH]c12,Ki,'=',100,nM,7
CHEMBL2316271,337.46,COc1c(C)cc(-c2ccccc2)cc1C(=O)NC1CCCCCC1,Ki,'=',100,nM,7
CHEMBL4458641,364.47,Cc1ccc(-c2n[nH]c(C(C)(C)C)n2)cc1S(=O)(=O)N1CCOCC1,Ki,'=',100,nM,7
CHEMBL187412,405.58,CC1(C)Oc2cc(C34CC5CC(CC(C5)C3)C4)cc(O)c2[C@@H]2C[C@H](CC#N)CC[C@H]21,Ki,'=',100.3,nM,6.998699067
CHEMBL2348470,341.45,CCCCCn1c2ccccc2c2cc(C(=O)c3ccccc3)ccc21,Ki,'=',101,nM,6.995678626
CHEMBL1631292,495.33,O=C(Cc1ccc(Cl)cc1)NC(NC(=O)Cc1ccc(Cl)cc1)c1ccc(C(F)(F)F)cc1,Ki,'=',101,nM,6.995678626
CHEMBL4441649,495.33,O=C(Cc1ccc(Cl)cc1)NC(NC(=O)Cc1ccc(Cl)cc1)c1ccc(C(F)(F)F)cc1,Ki,'=',101,nM,6.995678626
CHEMBL3093360,328.44,CCCCn1c(C)c(C)cc(Oc2nc3ccccc3o2)c1=S,Ki,'=',101,nM,6.995678626
CHEMBL607977,553.69,CC(C)N1CCC[C@H]1COc1ccc(C(F)(F)F)cc1C(=O)/N=c1\sc(C(C)(C)C)cn1C[C@H]1CCCO1,Ki,'=',102,nM,6.991399828
CHEMBL592703,426.56,CCN(CC)c1ccc(CN(Cc2ccccc2)S(=O)(=O)c2ccc(F)cc2)cc1,Ki,'=',102,nM,6.991399828
CHEMBL5205332,487.64,CCCCCn1cc(C(=O)NC23CC4CC(CC(C4)C2)C3)c(=O)c2cc(-c3c(C)noc3C)ccc21,Ki,'=',102.33,nM,6.989997026
CHEMBL2414021,348.53,CC1=CC[C@@H]2[C@@H](C1)c1c(O)cc(C3SCCS3)cc1OC2(C)C,Ki,'=',102.33,nM,6.989997026
CHEMBL1641949,348.53,CC1=CC[C@@H]2[C@@H](C1)c1c(O)cc(C3SCCS3)cc1OC2(C)C,Ki,'=',103,nM,6.987162775
CHEMBL4764017,370.5,CCCCCC1=NN(C(=O)c2cccc3ccccc23)CC1c1ccccc1,Ki,'=',103,nM,6.987162775
CHEMBL2441446,467.65,CCc1c(C(=O)N[C@H]2C3(C)CCC(C3)C2(C)C)c2cccc(OC)c2n1CCN1CCOCC1,Ki,'=',103,nM,6.987162775
CHEMBL3325937,322.45,C=CCc1ccc(O)c(-c2ccc(OCCCC)c(CC=C)c2)c1,Ki,'=',103,nM,6.987162775
CHEMBL199907,358.49,CCCCCn1cc(C(=O)NC2CCCCCC2)c(=O)c2cnn(C)c21,Ki,'=',103,nM,6.987162775
CHEMBL1088376,339.44,CCCn1cc(C(=O)c2cccc3ccccc23)cc1-c1ccccc1,Ki,'=',104,nM,6.982966661
CHEMBL248514,290.41,CCCCn1cccc(C(=O)NC2CCC(C)CC2)c1=O,Ki,'=',104,nM,6.982966661
CHEMBL241758,443,Cc1nc(N2CCN(C)CC2)c2nc(-c3ccccc3C)n(C3CCOCC3)c2n1.Cl,Ki,'=',104,nM,6.982966661
CHEMBL190461,398.33,Clc1cccc(-c2ccc(CN3CCO[C@@H](c4ccccc4)C3)cc2)c1Cl,Ki,'=',104,nM,6.982966661
CHEMBL2316295,477.73,CCCCCCC(C)(C)c1cc(OC)cc(OCCCCCCCCCCC(=O)NCCO)c1,Ki,'=',104.4,nM,6.981299501
CHEMBL574970,430.42,CCCNC(=O)c1c(NC(=O)c2c(F)cccc2C(F)(F)F)sc2c1CCOC2,Ki,'=',104.71,nM,6.98001184
CHEMBL3907542,337.46,C=C(C)C1CCC(C)=C[C@H]1c1c(O)cc(C2(C#N)CCCC2)cc1O,Ki,'=',104.71,nM,6.98001184
CHEMBL5807776,314.43,CCCCC1(c2cc(O)c3cc(C)c(=O)oc3c2)CCCCC1,Ki,'=',104.71,nM,6.98001184
CHEMBL1909848,362.5,CCCNC(=O)c1c(NC(=O)C2CC3CCC2C3)sc2c1CCOC2,Ki,'=',104.71,nM,6.98001184
CHEMBL2087088,384.44,CC(C)(C)[C@H](CC(N)=O)NC(=O)c1nn(-c2c[n+]([O-])ccn2)c2c1C[C@@H]1C[C@H]21,Ki,'=',105,nM,6.978810701
CHEMBL3093381,337.46,C=C(C)C1CCC(C)=C[C@H]1c1c(O)cc(C2(C#N)CCCC2)cc1O,Ki,'=',105,nM,6.978810701
CHEMBL2018665,441.62,CC1CCN(C(=O)c2ccc3c(c2)c2c(n3Cc3ccccc3)CN(C3CCCC3)C2)CC1,Ki,'=',106,nM,6.974694135
CHEMBL1800730,314.43,CCCCC1(c2cc(O)c3cc(C)c(=O)oc3c2)CCCCC1,Ki,'=',106,nM,6.974694135
CHEMBL1923773,339.87,CCCCCn1cc(C(=O)Cc2cccc(Cl)c2)c2ccccc21,Ki,'=',106,nM,6.974694135
CHEMBL3354403,406.96,Cc1ccc(Cn2cc(C(=O)N3CCCCC3)cc2-c2ccc(Cl)c(C)c2)cc1,Ki,'=',106,nM,6.974694135
CHEMBL434390,414.63,CCCCCCC(C)(C)c1cc(OC)c(C2C(=O)[C@]3(C)CC[C@H]2C3(C)C)c(OC)c1,Ki,'=',106,nM,6.974694135
CHEMBL472662,358.49,CCCCCn1cc(C(=O)NC2CCC(C)CC2)c(=O)n2nc(C)cc12,Ki,'=',106,nM,6.974694135
CHEMBL2019089,420.98,CCN(CC)c1ccc(CN(C(=O)Cc2ccc(Cl)cc2)c2ccc(C)cc2)cc1,Ki,'=',106.91,nM,6.97098167
CHEMBL5869689,436.55,O=C(O)c1ccc(NC(=O)c2cc3c(n(CC4CCCCC4)c2=O)CCCCCC3)cc1,Ki,'=',106.91,nM,6.97098167
CHEMBL3774406,553.65,CC(=O)N1CCC[C@@H]1COc1ccc(C(F)(F)F)cc1C(=O)/N=c1\sc(C(C)(C)C)cn1C[C@H]1CCCO1,Ki,'=',107,nM,6.970616222
CHEMBL1631164,436.55,O=C(O)c1ccc(NC(=O)c2cc3c(n(CC4CCCCC4)c2=O)CCCCCC3)cc1,Ki,'=',107,nM,6.970616222
CHEMBL4104311,417.58,CCS(=O)(=O)n1c2c(c3cc(C(=O)N(C)C(C)C)ccc31)CN(C1CCCC1)C2,Ki,'=',107,nM,6.970616222
CHEMBL2151379,391.9,O/N=C1C(=C/c2cn(Cc3ccc(Cl)cc3)c3ccccc23)/N2CCC/1CC2,Ki,'=',107,nM,6.970616222
CHEMBL597907,436.55,O=C(O)c1ccc(NC(=O)c2cc3c(n(CC4CCCCC4)c2=O)CCCCCC3)cc1,Ki,'=',107,nM,6.970616222
CHEMBL5432986,420.98,CCN(CC)c1ccc(CN(C(=O)Cc2ccc(Cl)cc2)c2ccc(C)cc2)cc1,Ki,'=',107,nM,6.970616222
CHEMBL228346,362.51,CCCc1ccc(-c2cc(O)c3c(c2)OC(C)(C)[C@@H]2CC=C(C)C[C@@H]32)cc1,Ki,'=',107.15,nM,6.970007825
CHEMBL410913,362.51,CCCc1ccc(-c2cc(O)c3c(c2)OC(C)(C)[C@@H]2CC=C(C)C[C@@H]32)cc1,Ki,'=',107.8,nM,6.967381239
CHEMBL271782,370.49,CC1(C)C(C(=O)c2cn(CCN3CCOCC3)c3cc(O)ccc23)C1(C)C,Ki,'=',109,nM,6.962573502
CHEMBL271783,351.49,C=C(C)C1CCC(C)=C[C@H]1c1c(O)cc(C2(C#N)CCCCC2)cc1O,Ki,'=',109.65,nM,6.959991364
CHEMBL429851,370.49,CC1(C)C(C(=O)c2cn(CCN3CCOCC3)c3cc(O)ccc23)C1(C)C,Ki,'=',109.65,nM,6.959991364
CHEMBL2336533,370.49,CC1(C)C(C(=O)c2cn(CCN3CCOCC3)c3cc(O)ccc23)C1(C)C,Ki,'=',109.65,nM,6.959991364
CHEMBL2177255,398.53,COCCC(C)(C)C(=O)Nc1cc(C)c(C)c(S(=O)(=O)N2CCOCC2)c1,Ki,'=',110,nM,6.958607315
CHEMBL3957783,366.55,CCCCCCC(C)(C)c1ccc(-c2cc(C)cc(C)c2)c(C(=O)OC)c1,Ki,'=',110,nM,6.958607315
CHEMBL3114348,343.43,O=C1/C(=C/c2cn(Cc3ccccc3)c3ncccc23)N2CCC1CC2,Ki,'=',110,nM,6.958607315
CHEMBL5175157,467.65,CCc1c(C(=O)NC2C(C)(C)[C@@H]3CC[C@@]2(C)C3)c2cccc(OC)c2n1CCN1CCOCC1,Ki,'=',110,nM,6.958607315
CHEMBL307210,438.65,CCCCCCC(C)(C)c1cc(O)cc(OCCCCCCCCOC(CO)CO)c1,Ki,'=',110,nM,6.958607315
CHEMBL3114169,507.47,Clc1ccc(-n2c(-c3ccccc3Cl)nc3c(N4CCN(C5CCCCC5)CC4)ncnc32)cc1,Ki,'=',110,nM,6.958607315
CHEMBL1098696,444.62,CCCCCn1cc(CC(=O)NC23CC4CC(CC(C4)C2)C3)c2cc(-c3ccco3)ccc21,Ki,'=',110,nM,6.958607315
CHEMBL2441266,397.47,COc1ccc(-c2oc3ccccc3c2C(=O)c2ccc(NCC3CC3)cc2)cc1,Ki,'=',110,nM,6.958607315
CHEMBL3417564,426.51,Cc1c(C(=O)NC2CCCCCC2)nn(-c2ccc(F)cc2F)c1-n1c(C)ccc1C,Ki,'=',110,nM,6.958607315
CHEMBL1215992,351.49,C=C(C)C1CCC(C)=C[C@H]1c1c(O)cc(C2(C#N)CCCCC2)cc1O,Ki,'=',110.7,nM,6.955852379
CHEMBL3116296,456.63,O=C(N[C@H](C(=O)O)C1CCCCC1)c1cc2c(n(CC3CCCCC3)c1=O)CCCCCC2,Ki,'=',111,nM,6.954677021
CHEMBL2087087,483.6,CC(C)Cn1cc(C(C)(C)C)s/c1=N\C(=O)c1cc(C(F)(F)F)ccc1O[C@H]1CCN(C)C1,Ki,'=',111,nM,6.954677021
CHEMBL1973869,456.63,O=C(N[C@H](C(=O)O)C1CCCCC1)c1cc2c(n(CC3CCCCC3)c1=O)CCCCCC2,Ki,'=',111,nM,6.954677021
CHEMBL3920181,357.48,CCOC(=O)c1c(NC(=O)CCc2ccccc2)sc2c1CCCC2,Ki,'=',111.87,nM,6.951286362
CHEMBL39335,369.51,CC1(C)C(C(=O)c2cn(CC3CCOCC3)c3ccc(CO)cc23)C1(C)C,Ki,'=',112.2,nM,6.950007143
CHEMBL4242001,555.25,Cc1c(C(=O)NN2CCCCC2)nn(-c2ccc(Cl)cc2Cl)c1-c1ccc(I)cc1,Ki,'=',112.2,nM,6.950007143
CHEMBL404697,369.51,CC1(C)C(C(=O)c2cn(CC3CCOCC3)c3ccc(CO)cc23)C1(C)C,Ki,'=',112.2,nM,6.950007143
CHEMBL4466325,378.9,OC1/C(=C/c2cn(Cc3ccc(Cl)cc3)c3ccccc23)N2CCC1CC2,Ki,'=',113,nM,6.946921557
CHEMBL4450173,428.46,COc1cc(Nc2cc(F)c(S(=O)(=O)NCC3CCCO3)cc2F)cc(OC)c1,Ki,'=',113,nM,6.946921557
CHEMBL3116283,310.48,CCCC(C)(C)c1ccc(-c2cc(C)ccc2C(C)C)c(O)c1,Ki,'=',113,nM,6.946921557
CHEMBL3938131,369.51,CC1(C)C(C(=O)c2cn(CC3CCOCC3)c3ccc(CO)cc23)C1(C)C,Ki,'=',113,nM,6.946921557
CHEMBL2441469,408.52,CC1(C)Oc2cc(C(=O)c3cc4ccccc4s3)cc(O)c2[C@@H]2C[C@H](O)CC[C@H]21,Ki,'=',113.1,nM,6.946537395
CHEMBL383349,536.29,CCc1c(C(=O)NCc2ccc(Cl)c(Cl)c2)nn(-c2ccc(Cl)c(Cl)c2)c1-n1c(C)ccc1C,Ki,'=',113.7,nM,6.944239535
CHEMBL1093378,367.45,N#Cc1ccc(Cn2cc(/C=C3/C(=O)C4CCN3CC4)c3ccccc32)cc1,Ki,'=',114,nM,6.943095149
CHEMBL3956119,405.49,CC(C)(NS(=O)(=O)c1ccc(NN2CCCCC2)cc1C(F)(F)F)C1CC1,Ki,'=',114,nM,6.943095149
CHEMBL3906510,522.59,Cn1cncc1COc1ccc(C(F)(F)F)cc1C(=O)/N=c1\sc(C(C)(C)C)cn1C[C@H]1CCCO1,Ki,'=',115,nM,6.93930216
CHEMBL1909854,377.88,O=C1/C(=C/c2cn(Cc3ccc(Cl)cc3)c3ncccc23)N2CCC1CC2,Ki,'=',115,nM,6.93930216
CHEMBL402137,497.58,CC(C)(C)c1cn(C[C@H]2CCCO2)/c(=N/C(=O)c2cc(C(F)(F)F)ccc2OC[C@H]2CCN2)s1,Ki,'=',115,nM,6.93930216
CHEMBL4471684,416.56,CC(C)[C@H](NC(=O)c1cc2c(n(CC3CCCCC3)c1=O)CCCCCC2)C(=O)O,Ki,'=',116,nM,6.935542011
CHEMBL584224,441.96,CCCCCn1cc(C(=O)NC2CCCCC2)c(=O)n2nc(-c3ccc(Cl)cc3)nc12,Ki,'=',117,nM,6.931814138
CHEMBL197825,476.06,Cc1ccc(Cn2nc(C(=O)N[C@@H]3C(C)(C)[C@@H]4CC[C@@]3(C)C4)cc2-c2ccc(Cl)c(C)c2)cc1,Ki,'=',117,nM,6.931814138
CHEMBL3889879,392.45,CC1(C)Oc2cc(C(=O)c3coc4ccccc34)cc(O)c2[C@@H]2C[C@H](O)CC[C@H]21,Ki,'=',118.2,nM,6.927382523
CHEMBL2414031,434.54,CCCCCOc1c(OC)ccc2cc(C(=O)N3CCCc4ccccc4C3)c(=O)[nH]c12,Ki,'=',118.3,nM,6.927015255
CHEMBL2163957,434.54,CCCCCOc1c(OC)ccc2cc(C(=O)N3CCCc4ccccc4C3)c(=O)[nH]c12,Ki,'=',118.3,nM,6.927015255
CHEMBL2316287,384.56,CCCCCCC(C)(C)c1cc(O)c2c(c1)OC(C)(C)[C@H]1CC=C(C=O)C[C@H]21,Ki,'=',118.6,nM,6.925915311
CHEMBL1641939,479.65,CCCCCn1cc(C(=O)NCCN2CCOCC2)c(=O)c2ccc(Sc3ccccc3)cc21,Ki,'=',118.7,nM,6.925549281
CHEMBL3780282,380.65,CCCSC(=S)N1CC(C)(C)CS/C1=N\c1ccccc1C(C)C,Ki,'=',119,nM,6.924453039
CHEMBL3582028,496.7,CCCCCn1c(-c2ccccc2)c(C(=O)NC23CC4CC(C)(CC(C)(C4)C2)C3)c(=O)c2ccccc21,Ki,'=',119,nM,6.924453039
CHEMBL1269773,379.54,CCCCCc1cc(O)cc(OCCCCCCCC(=O)N[C@H](C)CO)c1,Ki,'=',119.3,nM,6.923359556
CHEMBL4544209,450.58,O=C(O)Cc1cccc(NC(=O)c2cc3c(n(CC4CCCCC4)c2=O)CCCCCC3)c1,Ki,'=',119.95,nM,6.920999748
CHEMBL555145,394.88,Cc1ccc(NC(=O)c2cccc(Cl)c2)cc1S(=O)(=O)N1CCOCC1,Ki,'=',120,nM,6.920818754
CHEMBL223990,441.52,CCCCCOc1cc(/C=C/C(=O)N[C@@H](Cc2ccc(O)cc2)C(=O)OC)ccc1OC,Ki,'=',120,nM,6.920818754
CHEMBL4475996,366.48,Cc1ccc(NC(=O)C2CCCCC2)cc1S(=O)(=O)N1CCOCC1,Ki,'=',120,nM,6.920818754
CHEMBL4516385,322.42,CCC(C)(C)C(=O)Nc1cc(CN2CCOCC2)c(C)cc1F,Ki,'=',120,nM,6.920818754
CHEMBL6007760,405.58,CCCCOc1cc(O)cc(OCCCCCCCCCCC(=O)NC2CC2)c1,Ki,'=',120,nM,6.920818754
CHEMBL495528,304.43,CCC(C)(C)C(=O)Nc1ccc(C)c(CN2CCOCC2)c1,Ki,'=',120,nM,6.920818754
CHEMBL1269776,304.43,CCC(C)(C)C(=O)Nc1ccc(C)c(CN2CCOCC2)c1,Ki,'=',120,nM,6.920818754
CHEMBL201056,505.61,COc1ccc(-c2oc3ccccc3c2C(=O)c2ccc(OCCCN(C)Cc3ccccc3)cc2)cc1,Ki,'=',120,nM,6.920818754
CHEMBL4285088,450.58,O=C(O)Cc1cccc(NC(=O)c2cc3c(n(CC4CCCCC4)c2=O)CCCCCC3)c1,Ki,'=',120,nM,6.920818754
CHEMBL2436754,375.6,CCCCC/C=C\C/C=C\C/C=C\[C@@H](C)/C=C\CCCC(=O)N[C@H](C)CO,Ki,'=',120,nM,6.920818754
CHEMBL4100917,450.58,O=C(O)Cc1cccc(NC(=O)c2cc3c(n(CC4CCCCC4)c2=O)CCCCCC3)c1,Ki,'=',120,nM,6.920818754
CHEMBL5778004,440.58,CCN(CC)c1ccc(CN(Cc2ccc(F)cc2)S(=O)(=O)c2ccc(C)cc2)cc1,Ki,'=',120,nM,6.920818754
CHEMBL248135,436.62,CCN(CC)c1ccc(CN(CCc2ccccc2)S(=O)(=O)c2ccc(C)cc2)cc1,Ki,'=',120,nM,6.920818754
CHEMBL1814461,648.91,CC(=O)N/C(N)=N/C(=N/S(=O)(=O)c1ccc(I)cc1)N1C[C@H](c2ccccc2)C(c2ccc(Cl)cc2)=N1,Ki,'=',120,nM,6.920818754
CHEMBL4225260,438.58,Cc1ccc(-c2cc3ncccc3c3cc(C(=O)NC[C@@H]4CCC5CC4C5(C)C)nn23)cc1,Ki,'=',120,nM,6.920818754
CHEMBL255923,416.54,Cc1cc(NC(=O)C(C)(C)c2ccccc2)cc(S(=O)(=O)N2CCOCC2)c1C,Ki,'=',120,nM,6.920818754
CHEMBL426585,365.43,COc1ccc(C(=O)c2cn(CC3CCOCC3)c3ccc(O)cc23)cc1,Ki,'=',120.1,nM,6.920456993
CHEMBL4543379,404.53,COCCNC(=O)c1c(NC(=O)C23CC4CC(CC2C4)C3)sc2c1CCOC2,Ki,'=',120.23,nM,6.919987153
CHEMBL1088728,393.65,O=C(c1ccc(Cl)cc1)c1cc(O)c(-c2cc(Cl)cc(Cl)c2)c(O)c1,Ki,'=',120.7,nM,6.91829273
CHEMBL4444434,422.96,CCCCCn1cc(C(=O)NC2CCCc3ccccc32)c(=O)c2cc(Cl)ccc21,Ki,'=',121,nM,6.91721463
CHEMBL61037,395.52,CCCCCN1N=C(C(=O)NC(C)(C)c2ccc(F)cc2)CC1c1ccccc1,Ki,'=',121,nM,6.91721463
CHEMBL72631,396.57,CC1(C)Oc2cc(C34CC5CC(CC(C5)C3)C4)cc(O)c2[C@@H]2C[C@@H](CO)CC[C@H]21,Ki,'=',121.2,nM,6.91649738
CHEMBL4165369,359.21,O=C(c1ccccc1)c1cc(O)c(-c2cc(Cl)cc(Cl)c2)c(O)c1,Ki,'=',121.3,nM,6.916139199
CHEMBL4516391,359.21,O=C(c1ccccc1)c1cc(O)c(-c2cc(Cl)cc(Cl)c2)c(O)c1,Ki,'=',121.3,nM,6.916139199
CHEMBL4777086,433.38,CCC(C)(C)NC(=O)c1nn(-c2ccc(Cl)cc2Cl)c(-n2c(C)ccc2C)c1C,Ki,'=',121.5,nM,6.915423722
CHEMBL565515,410.6,CCCCCCC(C)(C)c1cc2c(c3c1CCCO3)-c1nn(CC)cc1C(C)(C)O2,Ki,'=',121.6,nM,6.915066425
CHEMBL4443489,537.06,CS(=O)(=O)NC1CC12CCN(S(=O)(=O)c1cc(Cl)ccc1S(=O)(=O)c1ccccc1F)CC2,Ki,'=',122,nM,6.913640169
CHEMBL56249,412.53,CCCCCn1cc(C(=O)N[C@H](C)c2cccc3ccccc23)c(=O)c2ccccc21,Ki,'=',125,nM,6.903089987
CHEMBL189676,487.64,CCCCCn1cc(C(=O)NC23CC4CC(CC(C4)C2)C3)c(=O)c2cc(-c3c(C)noc3C)ccc21,Ki,'=',125.7,nM,6.900664722
CHEMBL188940,405.58,CCCCOc1cc(O)cc(OCCCCCCCCCCC(=O)NC2CC2)c1,Ki,'=',125.89,nM,6.900008766
CHEMBL2387537,419.61,CC(C)CCOc1cc(O)cc(OCCCCCCCCCCC(=O)NC2CC2)c1,Ki,'=',125.89,nM,6.900008766
CHEMBL2205593,463.8,Cc1c(C(=O)NN2CCCCC2)nn(-c2ccc(Cl)cc2Cl)c1-c1ccc(Cl)cc1,Ki,'=',126,nM,6.899629455
CHEMBL237166,310.44,CCCCCc1cc(O)c2c(c1)OC(C)(C)c1ccc(C)cc1-2,Ki,'=',126.4,nM,6.898252926
CHEMBL4776518,472.58,CCCCn1nc(C(C)(C)C)s/c1=N\C(=O)c1ccc(C(F)(F)F)cc1ONC(C)(C)C,Ki,'=',127,nM,6.896196279
CHEMBL1800731,400.63,CN(C)C1(c2nc(-c3cc(C(C)(C)C)cc(C(C)(C)C)c3)cs2)CCOCC1,Ki,'=',127,nM,6.896196279
CHEMBL3354407,439.64,CCCCCc1cc(O)cc(OCCCCCCCCCCC(=O)Nc2ccccc2)c1,Ki,'=',127.8,nM,6.893469146
CHEMBL256503,598.04,C[C@H](NS(C)(=O)=O)c1ccc(S(=O)(=O)c2ccc(Cl)cc2S(=O)(=O)c2ccccc2OC(F)(F)F)cc1,Ki,'=',128,nM,6.89279003
CHEMBL1269765,590.79,CC(C)(NC(=O)c1cc2c(n(CC3CCCCC3)c1=O)CCCCCC2)C(=O)N1CCC(C(=O)NS(C)(=O)=O)CC1,Ki,'=',128,nM,6.89279003
CHEMBL1270679,465.56,CCCCn1ccc(C(C)(C)C)c/c1=N\C(=O)c1cc(C(F)(F)F)ccc1ONC(C)(C)C,Ki,'=',128,nM,6.89279003
CHEMBL5877157,302.41,CCCc1cc(O)c2c(c1)OC(C)(C)[C@@H]1C[C@H](O)C(C)=C[C@@H]21,Ki,'=',128.2,nM,6.892111975
CHEMBL3978261,430.64,CCCCCNc1ccc(-c2ccc(C)cc2)cc1C(=O)NC12CC3CC(CC(C3)C1)C2,Ki,'=',128.6,nM,6.890759031
CHEMBL1909849,343.43,CC1CCC(NC(=O)c2cc3cccnc3n(CCCO)c2=O)CC1,Ki,'=',129,nM,6.88941029
CHEMBL200179,330.47,C=C1CC[C@@H]2[C@H](c3c(O)cc(CCCCC)cc3OC2(C)C)[C@H]1O,Ki,'=',129,nM,6.88941029
CHEMBL5430360,499.6,CCCCn1c(C(=O)OC)c(C(C)C)s/c1=N\C(=O)c1cc(C(F)(F)F)ccc1NC(C)(C)C,Ki,'=',129,nM,6.88941029
CHEMBL2326312,435.65,CCCCCCC(C)(C)c1cc(OC)cc(OCCCCCCCC(=O)NCCO)c1,Ki,'=',129.4,nM,6.888065724
CHEMBL2347041,496.23,CCCCCn1cc(C(=O)NCc2ccc(Cl)c(Cl)c2)c(=O)c2ccc(Br)cc21,Ki,'=',130,nM,6.886056648
CHEMBL3092895,391.54,C=CCc1ccc(CN(Cc2ccccc2)S(=O)(=O)c2ccc(C)cc2)cc1,Ki,'=',130,nM,6.886056648
CHEMBL1631167,393.55,CCCc1ccc(CN(Cc2ccccc2)S(=O)(=O)c2ccc(C)cc2)cc1,Ki,'=',130,nM,6.886056648
CHEMBL3323694,405.52,Cc1ccc(-c2noc(CC3CCCCC3)n2)cc1S(=O)(=O)N1CCOCC1,Ki,'=',130,nM,6.886056648
CHEMBL2338178,331.46,CCCn1cc(C(=O)c2ccc3c(c2)CC(C)(C)C3)c2ccccc21,Ki,'=',130,nM,6.886056648
CHEMBL4592199,419.61,CC(C)CCOc1cc(O)cc(OCCCCCCCCCCC(=O)NC2CC2)c1,Ki,'=',130,nM,6.886056648
CHEMBL4225446,378.45,O=C(NC1CCCCC1)c1cc2ccccc2nc1OCc1ccc(F)cc1,Ki,'=',130,nM,6.886056648
CHEMBL2179737,521.33,O=C(N1CCN(c2ncnc3c2nc(-c2ccccc2Cl)n3-c2ccc(Cl)cc2)CC1)C(F)(F)F,Ki,'=',130,nM,6.886056648
CHEMBL4290707,520.67,CCC(CC)(NC(=O)c1ccc(N2CC(OC)C2)c(OC[C@H]2C[C@@H]2CO)n1)C(=O)N[C@H](CO)CC(C)C,Ki,'=',130,nM,6.886056648
CHEMBL3605044,416.48,O=[N+]([O-])c1ccc2c(c1)c(OCc1cccc3ccccc13)nn2CCN1CCCC1,Ki,'=',130,nM,6.886056648
CHEMBL5422404,406.38,O=S(=O)(NCC1CC1)c1ccc(Nc2ccc(F)cc2F)cc1C(F)(F)F,Ki,'=',131,nM,6.882728704
CHEMBL2177264,367.49,C1=C(CCN2CCOCC2)c2ccccc2/C1=C\c1cccc2ccccc12,Ki,'=',132,nM,6.879426069
CHEMBL3582015,386.58,CCCCCCC(C)(C)c1cc(OC)c2c(c1)OC(C)(C)[C@@H]1CCC(=O)C[C@@H]21,Ki,'=',132.2,nM,6.878768545
CHEMBL2163956,406.53,CCOc1ccc(Cc2nc3cc(C(=O)N(CC)CC)ccc3n2CC2CC2)cn1,Ki,'=',133,nM,6.876148359
CHEMBL602702,444.58,CCCCc1[nH]c2ccc(-c3ccco3)cc2c(=O)c1C(=O)NC12CC3CC(CC(C3)C1)C2,Ki,'=',133,nM,6.876148359
CHEMBL2316268,436.56,Cc1ccc(-c2cc3ncccc3c3cc(C(=O)NC4C5CC6CC(C5)CC4C6)nn23)cc1,Ki,'=',133,nM,6.876148359
CHEMBL228457,447.41,Cc1c(C(=O)NCCC(C)(C)C)nn(-c2ccc(Cl)cc2Cl)c1-n1c(C)ccc1C,Ki,'=',133.5,nM,6.874518734
CHEMBL3329481,444.89,COc1ccc2c(c1)c(CC(=O)N1CCOCC1)c(C)n2C(=O)c1ccc(F)cc1Cl,Ki,'=',134,nM,6.872895202
CHEMBL2336564,347.85,CCCn1cc(C(=O)c2cccc3cccc(Cl)c23)c2ccccc21,Ki,'=',134,nM,6.872895202
CHEMBL4785803,563.1,Cc1c(C(=O)NCc2ccc(Cl)c(Cl)c2)nn(-c2ccc(Cl)cc2Cl)c1-n1c(Cl)ccc1Cl,Ki,'=',135.2,nM,6.869023308
CHEMBL3961507,475.46,CCCCCCC(C)NC(=O)c1nn(-c2ccc(Cl)cc2Cl)c(-n2c(C)ccc2C)c1C,Ki,'=',135.5,nM,6.868060705
CHEMBL5436841,441.4,CCN(CC)c1ccc(CN(C(=O)Cc2ccc(Cl)cc2)c2ccc(Cl)cc2)cc1,Ki,'=',136,nM,6.866461092
CHEMBL3093382,441.4,CCN(CC)c1ccc(CN(C(=O)Cc2ccc(Cl)cc2)c2ccc(Cl)cc2)cc1,Ki,'=',136.14,nM,6.866014254
CHEMBL5403405,482.69,CCN(CC)c1ccc(CN([C@]23C[C@H]4C[C@H](C[C@H](C4)C2)C3)S(=O)(=O)c2ccc(OC)cc2)cc1,Ki,'=',137,nM,6.863279433
CHEMBL233182,383.42,Cc1nonc1Cn1nnc2c(N3CCC(N=[N+]=[N-])C3)nc(C(C)(C)C)nc21,Ki,'=',137,nM,6.863279433
CHEMBL3114345,482.69,CCN(CC)c1ccc(CN([C@]23C[C@H]4C[C@H](C[C@H](C4)C2)C3)S(=O)(=O)c2ccc(OC)cc2)cc1,Ki,'=',137.09,nM,6.862994224
CHEMBL5556102,353.89,CCCCCn1c(C)c(C(=O)Cc2cccc(Cl)c2)c2ccccc21,Ki,'=',138,nM,6.860120914
CHEMBL494564,578.66,OCCSSCCc1ccccc1Cn1nnc2c(N3CCC(F)(F)C3)nc(C(F)(F)c3ccccc3)nc21,Ki,'=',138,nM,6.860120914
CHEMBL5409471,344.46,CCCCn1cc(C(=O)NC2CCCCC2)c(=O)c2c(C)nn(C)c21,Ki,'=',138,nM,6.860120914
CHEMBL3093365,340.47,O=C(c1cn(CCN2CCOCC2)c2ccccc12)C1CCCCC1,Ki,'=',138,nM,6.860120914
CHEMBL1822935,340.47,O=C(c1cn(CCN2CCOCC2)c2ccccc12)C1CCCCC1,Ki,'=',138.04,nM,6.859995049
CHEMBL233343,385.64,CCCCC/C=C\[C@H](C)/C=C\C/C=C\C/C=C\CCCC(=O)NC1CCCC1,Ki,'=',139,nM,6.8569852
CHEMBL1631290,536.74,Cc1cccc(Cn2cc(C(=O)N[C@@H]3C(C)(C)C4CC[C@]3(C)C4)c(=O)c3ccc(Sc4ccccc4)cc32)c1,Ki,'=',139.1,nM,6.85667287
CHEMBL175292,394.31,COc1cc(Br)cc(C(=O)NC23CC4CC(CC(C4)C2)C3)c1OC,Ki,'=',139.5,nM,6.855425792
CHEMBL3354406,312.5,CCCCCc1cc(O)c2c(c1)CC(C)(C)[C@@H]1CCC(C)=C[C@@H]21,Ki,'=',140,nM,6.853871964
CHEMBL2348269,325.45,CNC(=O)CCC(C)(C)c1ccc(-c2cc(C)cc(C)c2)c(O)c1,Ki,'=',140,nM,6.853871964
CHEMBL3116289,370.43,O=C(Nc1cccc(-c2ccccc2)c1)c1cccn1Cc1ccc(F)cc1,Ki,'=',140,nM,6.853871964
CHEMBL1952279,441,O=S(=O)(c1ccc(Cl)cc1)N(Cc1ccc(N2CCCCC2)cc1)c1ccccc1,Ki,'=',140,nM,6.853871964
CHEMBL518598,312.5,CCCC(C)(C)c1ccc2c(c1)OC(C)(C)[C@@H]1CC=C(C)C[C@@H]21,Ki,'=',140,nM,6.853871964
CHEMBL3613106,414.45,O=S(=O)(NCc1ccco1)c1ccc(NC2CC3CCC2C3)cc1C(F)(F)F,Ki,'=',140.1,nM,6.853561865
CHEMBL2179762,378.51,CSC(=S)N1CC(C)(C)CS/C1=N\c1ccccc1C(F)(F)F,Ki,'=',141,nM,6.850780887
CHEMBL1631168,525.64,CN1CC[C@@H](COc2ccc(C(F)(F)F)cc2C(=O)/N=c2\sc(C(C)(C)C)cn2C[C@H]2CCCO2)C1,Ki,'=',141,nM,6.850780887
CHEMBL4464850,387.44,COC(=O)Cc1c(C)n(C(=O)c2cccc3ccccc23)c2ccc(OC)cc12,Ki,'=',142,nM,6.847711656
CHEMBL1269019,409.57,CCCCc1cc(-c2ccc(OC)cc2)cc(C(=O)N[C@H]2CC[C@H](C)CC2)c1OC,Ki,'=',143,nM,6.844663963
CHEMBL592684,372.42,CCCn1c(C)c(C(=O)c2cc([N+](=O)[O-])cc3ccccc23)c2ccccc21,Ki,'=',143,nM,6.844663963
CHEMBL188819,517.89,Cl.O=C(NN1CCCCC1)c1nn(-c2ccc(Cl)cc2Cl)c2c1CCc1cc(C3CC3)ccc1-2,Ki,'=',143,nM,6.844663963
CHEMBL3950235,366.46,CCCCCc1cc(OC)c2cc(Cc3cccc(OC)c3)c(=O)oc2c1,Ki,'=',143,nM,6.844663963
CHEMBL3116294,483.58,CCOC(=O)C(CC)(CC)NC(=O)c1ccc(N2CC(OC)C2)c(OCC(C)(C)COCF)n1,Ki,'=',143,nM,6.844663963
CHEMBL4242477,418.49,CC(C)(C)[C@H](NC(=O)n1c(=O)n(CCC2(O)CCOCC2)c2ccccc21)C(N)=O,Ki,'=',144,nM,6.841637508
CHEMBL2338181,455.04,CCCCCn1cc(C(=O)NC(C)C23CC4CC(CC(C4)C2)C3)c(=O)c2cc(Cl)ccc21,Ki,'=',144,nM,6.841637508
CHEMBL2338177,402.6,CNC1(c2nc(-c3cc(C(C)(C)C)c(O)c(C(C)(C)C)c3)cs2)CCOCC1,Ki,'=',144,nM,6.841637508
CHEMBL4238756,461.56,N#Cc1ccc(Cn2c3c(cc(C(=O)NC4(C(=O)O)CCCCC4)c2=O)CCCCCC3)cc1,Ki,'=',144,nM,6.841637508
CHEMBL2338187,369.57,CCCCCn1c(=O)sc2cc(CC34CC5CC(CC(C5)C3)C4)ccc21,Ki,'=',144,nM,6.841637508
CHEMBL3916891,471.56,COc1cccc2c(C(=O)NC(c3ccccc3)c3ccccn3)nn(CCN3CCOCC3)c12,Ki,'=',146,nM,6.835647144
CHEMBL3932295,319.45,CCCCCn1cc(C(=O)Cc2ccccc2C)c2ccccc21,Ki,'=',146,nM,6.835647144
CHEMBL2338179,445.69,CCCCCCCC(=O)NC(NC(=O)CCCCCCC)c1ccc(N(CC)CC)cc1,Ki,'=',146,nM,6.835647144
CHEMBL3116295,467.47,COc1cc(Nc2ccc(S(=O)(=O)NCc3ccncc3)c(C(F)(F)F)c2)cc(OC)c1,Ki,'=',146,nM,6.835647144
CHEMBL1828632,445.69,CCCCCCCC(=O)NC(NC(=O)CCCCCCC)c1ccc(N(CC)CC)cc1,Ki,'=',146,nM,6.835647144
CHEMBL2441265,373.54,CCCCn1c2c(cc(C(=O)NC3CCN(C)CC3)c1=O)CCCCCC2,Ki,'=',147,nM,6.832682665
CHEMBL2151370,363.46,CCCCn1cc(C(=O)N[C@@H](Cc2ccccc2)C(N)=O)c2ccccc21,Ki,'=',147.91,nM,6.830002463
CHEMBL2112288,337.46,COc1c(C)cc(-c2ccccc2)cc1C(=O)NC1CCCCCC1,Ki,'=',148,nM,6.829738285
CHEMBL175478,363.46,CCCCn1cc(C(=O)N[C@@H](Cc2ccccc2)C(N)=O)c2ccccc21,Ki,'=',148,nM,6.829738285
CHEMBL4542489,446.64,CCCCCNc1ccc(-c2ccc(OC)cc2)cc1C(=O)NC12CC3CC(CC(C3)C1)C2,Ki,'=',148.1,nM,6.829444941
CHEMBL3781351,571.51,CC(C(=O)NC1CCN(c2ncnc3c2nc(-c2ccccc2Cl)n3-c2ccc(Cl)cc2)CC1)c1ccccc1,Ki,'=',150,nM,6.823908741
CHEMBL519043,494.21,Cc1c(C(=O)NCc2ccc(Cl)c(Cl)c2)nn(-c2ccc(Cl)c(Cl)c2)c1-n1cccc1,Ki,'=',150,nM,6.823908741
CHEMBL3329479,359.55,CCCCC/C=C\C/C=C\C/C=C\C/C=C\CCCC(=O)N[C@@H]1C[C@@H]1O,Ki,'=',150,nM,6.823908741
CHEMBL259684,337.46,COc1c(C)cc(-c2ccccc2)cc1C(=O)N[C@H]1CC[C@@H](C)CC1,Ki,'=',150,nM,6.823908741
CHEMBL1476320,386.58,CCCCCCC(C)(C)c1cc(O)c2c(c1)OC(C)(C)[C@H]1CC=C(CO)C[C@H]21,Ki,'=',150,nM,6.823908741
CHEMBL3775571,204.36,C=C1CC/C=C(\C)CC[C@@H]2[C@@H]1CC2(C)C,Ki,'=',150,nM,6.823908741
CHEMBL3780680,470.58,CC(C)c1ccc(Cn2c(NCCc3c[nH]c4ccccc34)nc3c2c(=O)n(C)c(=O)n3C)cc1,Ki,'=',150,nM,6.823908741
CHEMBL2441458,358.53,CCN(CC)c1ccc(CN(Cc2ccccc2)Cc2ccccc2)cc1,Ki,'=',150,nM,6.823908741
CHEMBL2441453,494.21,Cc1c(C(=O)NCc2ccc(Cl)c(Cl)c2)nn(-c2ccc(Cl)c(Cl)c2)c1-n1cccc1,Ki,'=',151.36,nM,6.819988881
CHEMBL3780020,439.3,CCCn1cc(C(=O)c2cccc3cccc(I)c23)c2ccccc21,Ki,'=',152,nM,6.818156412
CHEMBL2316264,335.36,CCC1COc2cccc3c(=O)c(C(=O)Nc4ccncc4)cn1c23,Ki,'=',152,nM,6.818156412
CHEMBL5988818,453.37,O=C(NN1CCCC1)c1nn(-c2ccc(Cl)cc2Cl)c2c1Cc1cc(C3CC3)ccc1-2,Ki,'=',152,nM,6.818156412
CHEMBL4548364,435.57,O=C(NC12CC3CC(CC(C3)C1)C2)c1cn(CCN2CCOCC2)c2ccccc2c1=O,Ki,'=',152,nM,6.818156412
CHEMBL452804,456.44,COc1cc(Nc2ccc(S(=O)(=O)NCc3ccco3)c(C(F)(F)F)c2)cc(OC)c1,Ki,'=',152,nM,6.818156412
CHEMBL1088161,316.49,CCCCCc1cc(O)c(C/C=C(\C)CCC=C(C)C)c(O)c1,Ki,'=',153,nM,6.815308569
CHEMBL2420248,374.47,Cc1nonc1Cn1nnc2c(N3CC[C@H](S)C3)nc(C(C)(C)C)nc21,Ki,'=',153,nM,6.815308569
CHEMBL123093,524.46,CCCNC(=O)NC1CCN(c2ncnc3c2nc(-c2ccccc2Cl)n3-c2ccc(Cl)cc2)CC1,Ki,'=',153,nM,6.815308569
CHEMBL3417566,301.39,COc1cccc(C(=O)NC23CC4CC(CC(C4)C2)C3)c1O,Ki,'=',153.1,nM,6.815024809
CHEMBL6005346,461.78,O=C(Cc1ccc(Cl)cc1)NC(NC(=O)Cc1ccc(Cl)cc1)c1ccc(Cl)cc1,Ki,'=',154,nM,6.812479279
CHEMBL567924,369.46,CCCCCn1cc(C(=O)c2cccc3ccccc23)c(=O)c2ccccc21,Ki,'=',154,nM,6.812479279
CHEMBL4249233,364.34,O=C(c1cc(O)c(-c2cccc(C(F)(F)F)c2)c(O)c1)c1cccs1,Ki,'=',154,nM,6.812479279
CHEMBL4792271,461.78,O=C(Cc1ccc(Cl)cc1)NC(NC(=O)Cc1ccc(Cl)cc1)c1ccc(Cl)cc1,Ki,'=',154,nM,6.812479279
CHEMBL3979104,349.48,Cn1ccnc1CCn1cc(C(=O)C2C(C)(C)C2(C)C)c2ccccc21,Ki,'=',154.88,nM,6.81000466
CHEMBL2206849,367.52,CSC(=O)N1CC2(CCCCC2)CN/C1=N\c1cccc2ccccc12,Ki,'=',155,nM,6.809668302
CHEMBL2163953,337.36,O=[N+]([O-])c1ccccc1CSc1nnc2c(n1)[nH]c1ccccc12,Ki,'=',155,nM,6.809668302
CHEMBL2336531,363.34,CN1CCN(c2ncnc3oc(-c4ccccc4C(F)(F)F)nc23)CC1,Ki,'=',155,nM,6.809668302
CHEMBL3323676,419.51,CC(C)(NS(=O)(=O)c1ccc(NN2CCCCCC2)cc1C(F)(F)F)C1CC1,Ki,'=',156,nM,6.806875402
CHEMBL223991,495.33,O=C(Cc1ccc(Cl)cc1)NC(NC(=O)Cc1ccc(Cl)cc1)c1ccccc1C(F)(F)F,Ki,'=',158,nM,6.801342913
CHEMBL470232,478.64,C=CCN(CC=C)c1nc2n(CCCCC)cc(C(=O)NC34CC5CC(CC(C5)C3)C4)c(=O)n2n1,Ki,'=',158,nM,6.801342913
CHEMBL3897733,495.33,O=C(Cc1ccc(Cl)cc1)NC(NC(=O)Cc1ccc(Cl)cc1)c1ccccc1C(F)(F)F,Ki,'=',158,nM,6.801342913
CHEMBL5786480,356.51,CCCCCc1cc(OC(C)=O)c2c(c1)OC(C)(C)[C@@H]1CC=C(C)C[C@@H]21,Ki,'=',158,nM,6.801342913
CHEMBL15399,421.62,CCCCCCC(C)(C)c1cc(O)cc(OCCCCCCCC(=O)NCCO)c1,Ki,'=',158.49,nM,6.799998135
CHEMBL3965599,391.47,CC1(C)Oc2cc(C(=O)c3c[nH]c4ccccc34)cc(O)c2[C@@H]2C[C@H](O)CC[C@H]21,Ki,'=',158.6,nM,6.799696817
CHEMBL2348476,464.41,O=C(NC1CCCCC1)N1CCN(C(c2ccc(F)cc2)c2ccc(Cl)cc2Cl)CC1,Ki,'=',159,nM,6.798602876
CHEMBL4292923,305.42,CCCCCn1cc(C(=O)Cc2ccccc2)c2ccccc21,Ki,'=',159,nM,6.798602876
CHEMBL574965,414.51,CCCn1c(=O)c(C(=O)NC23CC4CC(CC(C4)C2)C3)c(O)c2nn(CCO)cc21,Ki,'=',159,nM,6.798602876
CHEMBL1269766,304.35,Cc1cccc(-c2c(O)cc(C(=O)c3ccccc3)cc2O)c1,Ki,'=',159.09,nM,6.798357118
CHEMBL3093389,384.56,CCCCCCC(C)(C)c1cc(OC)c2c(c1)OC(C)(C)c1cnn(CC)c1-2,Ki,'=',159.5,nM,6.797239313
CHEMBL3596756,349.48,Cn1ccnc1CCn1cc(C(=O)C2C(C)(C)C2(C)C)c2ccccc21,Ki,'=',160,nM,6.795880017
CHEMBL4249388,468.64,CC12CC3CC(C)(C1)CC(NC(=O)c1cn(CCCc4ccccc4)c4ccccc4c1=O)(C3)C2,Ki,'=',160,nM,6.795880017
CHEMBL3921366,450.69,CCCCCCCNc1ccc(-c2cccs2)cc1C(=O)NC12CC3CC(CC(C3)C1)C2,Ki,'=',160,nM,6.795880017
CHEMBL4529850,501.8,CCCCCCCCCC(=O)NC(NC(=O)CCCCCCCCC)c1ccc(N(CC)CC)cc1,Ki,'=',160,nM,6.795880017
CHEMBL4469015,421.62,CCCCCCC(C)(C)c1cc(O)cc(OCCCCCCCC(=O)NCCO)c1,Ki,'=',160,nM,6.795880017
CHEMBL3775054,407.6,CCCCCc1cc(O)cc(OCCCCCCCCCCC(=O)NCCO)c1,Ki,'=',160,nM,6.795880017
CHEMBL2436762,462.81,Cc1c(C(=O)NC2CCCCC2)nc(-c2ccc(Cl)cc2Cl)n1-c1ccc(Cl)cc1,Ki,'=',160,nM,6.795880017
CHEMBL4447876,363.48,Cc1ccc(-c2cc(C(C)(C)C)[nH]n2)cc1S(=O)(=O)N1CCOCC1,Ki,'=',160,nM,6.795880017
CHEMBL269919,501.8,CCCCCCCCCC(=O)NC(NC(=O)CCCCCCCCC)c1ccc(N(CC)CC)cc1,Ki,'=',160,nM,6.795880017
CHEMBL489622,347.54,CCCCC/C=C\C/C=C\C/C=C\C/C=C\CCCC(=O)NCCO,Ki,'=',160,nM,6.795880017
CHEMBL187354,401.29,CC(C)c1ccc(C(=O)c2cc(O)c(-c3cc(Cl)cc(Cl)c3)c(O)c2)cc1,Ki,'=',160.7,nM,6.793984123
CHEMBL585736,563.1,Cc1c(C(=O)NCc2ccc(Cl)c(Cl)c2)nn(-c2ccc(Cl)c(Cl)c2)c1-n1c(Cl)ccc1Cl,Ki,'=',161.7,nM,6.79128998
CHEMBL575680,444.36,COC(C)(C)CN1CCc2c(nn(-c3ccccc3Cl)c2-c2ccc(Cl)cc2)C1=O,Ki,'=',162,nM,6.790484985
CHEMBL592470,414.5,Cc1c(C(=O)NCCC(C)(C)C)nn(-c2ccc(F)cc2F)c1-n1c(C)ccc1C,Ki,'=',163.4,nM,6.786747948
CHEMBL2387742,398.98,CCN(CC)c1ccc(CN(C(=O)C2CCCCC2)c2ccc(Cl)cc2)cc1,Ki,'=',164,nM,6.785156152
CHEMBL3613112,498.45,C[C@H](NS(C)(=O)=O)c1ccc(S(=O)(=O)c2ccc(Cl)cc2Cc2ccc(Cl)cc2)cc1,Ki,'=',164,nM,6.785156152
CHEMBL2336568,475.08,Cc1ccc(Cn2cc(C(=O)N[C@@H]3CC4CC[C@@]3(C)C4(C)C)cc2-c2ccc(Cl)c(C)c2)cc1,Ki,'=',164,nM,6.785156152
CHEMBL2387532,398.98,CCN(CC)c1ccc(CN(C(=O)C2CCCCC2)c2ccc(Cl)cc2)cc1,Ki,'=',164.06,nM,6.784997293
CHEMBL2387530,348.6,CCCCCC[Si](C)(C)c1cc(O)c(C2CCCCC2)c(OC)c1,Ki,'=',164.87,nM,6.782858362
CHEMBL234845,491.48,Cc1ccc(S(=O)(=O)N(Cc2ccccc2)Cc2ccc(N(CCCl)CCCl)cc2)cc1,Ki,'=',166,nM,6.779891912
CHEMBL2160225,397.53,CCCCc1cc(-c2ccc(F)cc2)cc(C(=O)NC2CCCCCC2)c1OC,Ki,'=',166,nM,6.779891912
CHEMBL4279405,484.67,CCN(CC)c1ccc(CN(Cc2ccccc2)S(=O)(=O)c2ccc(-c3ccccc3)cc2)cc1,Ki,'=',166,nM,6.779891912
CHEMBL235057,334.58,CCCCCC[Si](C)(C)c1cc(O)c(C2CCCC2)c(OC)c1,Ki,'=',166.82,nM,6.777751883
CHEMBL3114174,350.55,CCCCCCC(C)(C)c1ccc2c(c1)OC(C)(C)c1ccc(C)cc1-2,Ki,'=',167,nM,6.777283529
CHEMBL371735,453.59,CCN(CC)c1ccc(C(NC(=O)/C=C/c2ccccc2)NC(=O)/C=C/c2ccccc2)cc1,Ki,'=',167,nM,6.777283529
CHEMBL1080156,453.59,CCN(CC)c1ccc(C(NC(=O)/C=C/c2ccccc2)NC(=O)/C=C/c2ccccc2)cc1,Ki,'=',167,nM,6.777283529
CHEMBL3093372,296.41,Cc1cc(C(=O)NC2CCCCC2)c(C)n1-c1ccccc1,Ki,'=',167.81,nM,6.775182163
CHEMBL3893062,441.3,CCCCNS(=O)(=O)c1ccc(Nc2ccc(Cl)cc2Cl)cc1C(F)(F)F,Ki,'=',168,nM,6.774690718
CHEMBL2064052,347.54,CCCCC/C=C\C/C=C\C/C=C\C/C=C\CCCC(=O)NCCO,Ki,'=',168,nM,6.774690718
CHEMBL2346978,386.53,CCCCCc1cc(OC)c(C2=C[C@H]3CC[C@]2(C(=O)OC)C3(C)C)c(OC)c1,Ki,'=',168,nM,6.774690718
CHEMBL471984,417.55,CCCCCn1cc(C(=O)c2cccc3ccccc23)cc1-c1ccc2ccccc2c1,Ki,'=',169,nM,6.772113295
CHEMBL4747880,488.59,COc1cccc2c(C(=O)N[C@@H](Cc3ccccc3)c3ccno3)c(C)n(CCN3CCOCC3)c12,Ki,'=',169,nM,6.772113295
CHEMBL4163505,400.48,O=C(c1cccc2ccccc12)c1cn(CCN2CCOCC2)c2ccc(O)cc12,Ki,'=',169,nM,6.772113295
CHEMBL3798776,404.51,CCC(CC)(NC(=O)c1ccc(N2CC(OC)C2)c(OCC2CC2)n1)C(=O)NC,Ki,'=',169.8,nM,6.770062314
CHEMBL3114347,366.46,CC1(C)C(C(=O)c2cn(CCN3C(=O)CCC3=O)c3ccccc23)C1(C)C,Ki,'=',169.82,nM,6.770011163
CHEMBL2179755,366.46,CC1(C)C(C(=O)c2cn(CCN3C(=O)CCC3=O)c3ccccc23)C1(C)C,Ki,'=',170,nM,6.769551079
CHEMBL2179768,394.88,Cc1ccc(NC(=O)c2ccccc2Cl)cc1S(=O)(=O)N1CCOCC1,Ki,'=',170,nM,6.769551079
CHEMBL3417565,403.31,Cc1c(C(=O)NC2CCCC2)nn(-c2ccc(Cl)cc2Cl)c1-n1cccc1,Ki,'=',170,nM,6.769551079
CHEMBL4649488,295.43,Cc1cccc2c1CCN2C(=O)C12CC3CC(CC(C3)C1)C2,Ki,'=',170,nM,6.769551079
CHEMBL483670,408.57,CCN(CC)c1ccc(CN(Cc2ccccc2)S(=O)(=O)c2ccccc2)cc1,Ki,'=',170,nM,6.769551079
CHEMBL4466640,433.51,COc1ccc(-c2oc3ccccc3c2C(=O)c2ccc(NCc3ccccc3)cc2)cc1,Ki,'=',170,nM,6.769551079
CHEMBL2338185,457.46,CCCCCn1cc(CC(=O)NC23CC4CC(CC(C4)C2)C3)c2cc(Br)ccc21,Ki,'=',170,nM,6.769551079
CHEMBL234016,400.56,CCCCCCC(C)(C)c1cc(O)c2c(c1)OC(C)(C)[C@@H]1CC=C(C(=O)O)CC21,Ki,'=',170.5,nM,6.768275617
CHEMBL3898882,310.44,CCc1c(C(=O)NC2CCCCC2)cc(C)n1-c1ccccc1,Ki,'=',170.81,nM,6.767486707
CHEMBL2414034,611.66,CC(C)(NS(=O)(=O)C(F)(F)F)C1CCN(S(=O)(=O)c2cc3ccccc3n2S(=O)(=O)c2ccccc2F)CC1,Ki,'=',171,nM,6.76700389
CHEMBL2441473,364.49,CCCCCn1c2ccccc2c2cc(C(=O)NN3CCCCC3)ncc21,Ki,'=',171.1,nM,6.76674999
CHEMBL1081992,487.11,CCN(CC)c1ccc(CN([C@]23C[C@H]4C[C@H](C[C@H](C4)C2)C3)S(=O)(=O)c2ccc(Cl)cc2)cc1,Ki,'=',172.98,nM,6.762004107
CHEMBL4174442,487.11,CCN(CC)c1ccc(CN([C@]23C[C@H]4C[C@H](C[C@H](C4)C2)C3)S(=O)(=O)c2ccc(Cl)cc2)cc1,Ki,'=',173,nM,6.761953897
CHEMBL5943578,361.87,CCCn1c(C)c(C(=O)c2cccc3cccc(Cl)c23)c2ccccc21,Ki,'=',174,nM,6.759450752
CHEMBL368749,409.55,Cc1ccc(S(=O)(=O)N(Cc2ccccc2)Cc2ccc(OC(C)C)cc2)cc1,Ki,'=',174,nM,6.759450752
CHEMBL574959,412.53,CCCCCn1cc(C(=O)NC(C)c2cccc3ccccc23)c(=O)c2ccccc21,Ki,'=',174,nM,6.759450752
CHEMBL2348268,337.47,Cc1c(C(=O)NC[C@H]2C[C@@H]3C[C@H](C2)C3(C)C)ncn1-c1ccccc1,Ki,'=',175,nM,6.756961951
CHEMBL4237291,560.25,COc1ccc(-c2c(Br)c(C(=O)NC3(C#N)CCOCC3)nn2-c2cccc(Br)c2)cc1,Ki,'=',175,nM,6.756961951
CHEMBL122268,453.31,CN(CC1CC1)S(=O)(=O)c1ccc(Nc2ccc(Cl)cc2Cl)cc1C(F)(F)F,Ki,'=',175,nM,6.756961951
CHEMBL2023049,385.46,CCOC(=O)CCn1c(=O)c(C(=O)NC2CCC(C)CC2)cc2cccnc21,Ki,'=',176,nM,6.754487332
CHEMBL5177602,375.6,CCCCC/C=C\[C@H](C)/C=C\C/C=C\C/C=C\CCCC(=O)N[C@H](C)CO,Ki,'=',176,nM,6.754487332
CHEMBL1089717,374.48,O=C(O)CNC(=O)c1cc2c(n(CC3CCCCC3)c1=O)CCCCCC2,Ki,'=',177,nM,6.752026734
CHEMBL1822937,458.67,CC(C)(C)c1cc(-c2csc(C3(N4CCOCC4)CCOCC3)n2)cc(C(C)(C)C)c1O,Ki,'=',177,nM,6.752026734
CHEMBL4246283,577.68,NCCSSCCc1ccccc1Cn1nnc2c(N3CCC(F)(F)C3)nc(C(F)(F)c3ccccc3)nc21,Ki,'=',177,nM,6.752026734
CHEMBL2349633,544.74,CCCCCn1cc(C(=O)NC23CC4CC(CC(C4)C2)C3)c(=O)c2cc(-c3ccc(-c4ccccc4)cc3)ccc21,Ki,'=',177.83,nM,6.749994972
CHEMBL1270463,555.41,CN/C(=N\S(=O)(=O)c1ccc(C(F)(F)F)cc1)C1=NN(c2ccc(Cl)cc2Cl)C(c2ccccc2)C1,Ki,'=',179,nM,6.747146969
CHEMBL4780917,545.53,CC(NS(C)(=O)=O)c1ccc(C(=O)c2ccc(OC(F)(F)F)cc2S(=O)(=O)c2ccccc2F)cc1,Ki,'=',179,nM,6.747146969
CHEMBL3944295,410.47,CCC(CC)(NC(=O)c1ccc(N2CC(F)(F)C2)c(OCC2CC2)n1)C(=O)NC,Ki,'=',179.4,nM,6.746177561
CHEMBL4229050,552.98,O=S(=O)(NCCCCNS(=O)(=O)C(F)(F)F)c1ccc(Cl)cc1S(=O)(=O)c1ccccc1F,Ki,'=',180,nM,6.744727495
CHEMBL5814935,314.47,CCCCCc1cc(O)c2c(c1)OC1=C(CC[C@H](C)C1)C2(C)C,Ki,'=',180,nM,6.744727495
CHEMBL4524602,368.5,Cc1ccc(C(=O)NC(C)C(C)(C)C)cc1S(=O)(=O)N1CCOCC1,Ki,'=',180,nM,6.744727495
CHEMBL1828806,319.45,CCCCCn1c(C)c(C(=O)Cc2ccccc2)c2ccccc21,Ki,'=',180,nM,6.744727495
CHEMBL1828804,347.54,CCCCC/C=C\C/C=C\C/C=C\C/C=C\CCCC(=O)NCCO,Ki,'=',180,nM,6.744727495
CHEMBL174163,347.54,CCCCC/C=C\C/C=C\C/C=C\C/C=C\CCCC(=O)NCCO,Ki,'=',180,nM,6.744727495
CHEMBL1088244,544.74,CCCCCn1cc(C(=O)NC23CC4CC(CC(C4)C2)C3)c(=O)c2cc(-c3ccc(-c4ccccc4)cc3)ccc21,Ki,'=',181,nM,6.742321425
CHEMBL5837733,366.29,CC1(C(=O)c2cn(CC3CCOCC3)c3ccccc23)CC1(Cl)Cl,Ki,'=',181,nM,6.742321425
CHEMBL2326031,436.55,O=C(O)c1ccccc1NC(=O)c1cc2c(n(CC3CCCCC3)c1=O)CCCCCC2,Ki,'=',181,nM,6.742321425
CHEMBL5844382,472.63,CCCCCn1cc(C(=O)NC23CC4CC(CC(C4)C2)C3)c(=O)n2nc(C)c(-c3ccccc3)c12,Ki,'=',181,nM,6.742321425
CHEMBL3920675,436.55,O=C(O)c1ccccc1NC(=O)c1cc2c(n(CC3CCCCC3)c1=O)CCCCCC2,Ki,'=',181,nM,6.742321425
CHEMBL364111,436.55,O=C(O)c1ccccc1NC(=O)c1cc2c(n(CC3CCCCC3)c1=O)CCCCCC2,Ki,'=',181.13,nM,6.742009613
CHEMBL476576,366.29,CC1(C(=O)c2cn(CC3CCOCC3)c3ccccc23)CC1(Cl)Cl,Ki,'=',181.97,nM,6.740000205
CHEMBL3323695,337.44,CCCCCn1c(C)c(C(=O)Cc2cccc(F)c2)c2ccccc21,Ki,'=',182,nM,6.739928612
CHEMBL1765679,361.53,CCCCC(=O)NC(NC(=O)CCCC)c1ccc(N(CC)CC)cc1,Ki,'=',182,nM,6.739928612
CHEMBL393615,475.81,O=C(NN1CCCC1)c1nn(-c2ccc(Cl)cc2Cl)c2c1CCCc1cc(Cl)ccc1-2,Ki,'=',182,nM,6.739928612
CHEMBL190305,361.53,CCCCC(=O)NC(NC(=O)CCCC)c1ccc(N(CC)CC)cc1,Ki,'=',182,nM,6.739928612
CHEMBL149599,610.97,CCNC(=O)NC1(c2ccccc2)CCN(C(=O)c2nn(-c3ccc(Cl)cc3Cl)c(-c3ccc(Cl)cc3)c2C)CC1,Ki,'=',182,nM,6.739928612
CHEMBL3329483,406.61,CCCCCc1cc(O)cc(OCCCCCCCCCCC(=O)NN(C)C)c1,Ki,'=',182.6,nM,6.738499227
CHEMBL2387538,492.62,CO/N=C(\C)[C@H](Cc1ccccc1)NC(=O)c1c(C)n(CCN2CCOCC2)c2c(OC)cccc12,Ki,'=',184,nM,6.735182177
CHEMBL525791,518.61,CCCCn1nc(C(C)(C)C)s/c1=N/C(=O)c1cc(C(F)(F)F)ccc1N/N=C\c1cccc(C)n1,Ki,'=',185,nM,6.732828272
CHEMBL233185,370.88,CCCCCc1cc(OC)c2cc(Cc3ccccc3Cl)c(=O)oc2c1,Ki,'=',185,nM,6.732828272
CHEMBL236551,430.49,CC(=O)N(CC1CC1)S(=O)(=O)c1ccc(NC2CC3CCC2C3)cc1C(F)(F)F,Ki,'=',186,nM,6.730487056
CHEMBL381431,456.54,CCCn1c(=O)c(C(=O)NC23CC4CC(CC(C4)C2)C3)c(O)c2nn(CCOC(C)=O)cc21,Ki,'=',186,nM,6.730487056
CHEMBL585177,450.32,O=C(NC1CCCCCC1)c1cccn(Cc2ccc(I)cc2)c1=O,Ki,'=',187,nM,6.728158393
CHEMBL5564958,418.51,O=C(NC1CCCCCC1)c1c(-c2ccccc2)ccn(Cc2ccc(F)cc2)c1=O,Ki,'=',187,nM,6.728158393
CHEMBL2346682,354.45,CC[C@H]1COc2cccc3c(=O)c(C(=O)NC4CCCCCC4)cn1c23,Ki,'=',187,nM,6.728158393
CHEMBL3086347,432.34,O=C(c1cc(O)c(-c2cc(C(F)(F)F)cc(C(F)(F)F)c2)c(O)c1)c1cccs1,Ki,'=',187,nM,6.728158393
CHEMBL3971088,462.64,CCOc1ccc(Cc2nc3cc(C(=O)N(CC)CC)ccc3n2CCN2CCCCC2)cc1,Ki,'=',188,nM,6.725842151
CHEMBL1093377,326.4,C[C@H]1COc2cccc3c(=O)c(C(=O)NC4CCCCC4)cn1c23,Ki,'=',188,nM,6.725842151
CHEMBL3775313,361.57,CCCCC/C=C\C/C=C\C/C=C\[C@@H](C)/C=C\CCCC(=O)NCCO,Ki,'=',188,nM,6.725842151
CHEMBL3323693,473.9,N#Cc1ccc(Nc2ccc(S(=O)(=O)NCC3CCOCC3)c(C(F)(F)F)c2)c(Cl)c1,Ki,'=',188,nM,6.725842151
CHEMBL4168970,462.64,CCOc1ccc(Cc2nc3cc(C(=O)N(CC)CC)ccc3n2CCN2CCCCC2)cc1,Ki,'=',188,nM,6.725842151
CHEMBL3116287,474.65,O=C(Cc1cn(Cc2ccccc2)c2ccc(-c3ccccc3)cc12)NC12CC3CC(CC(C3)C1)C2,Ki,'=',189,nM,6.723538196
CHEMBL2326278,432.61,CCCCCn1cc(C(=O)NC23CC4CC(CC(C4)C2)C3)c(=O)c(-c2ccccc2)c1C,Ki,'=',189.4,nM,6.722620025
CHEMBL2336550,382.55,CC(C)[C@H]1CC[C@H](C(=O)c2cn(CCN3CCOCC3)c3ccccc23)CC1,Ki,'=',190,nM,6.721246399
CHEMBL3932103,359.55,CCCCC/C=C\C/C=C\C/C=C\C/C=C\CCCC(=O)N[C@H]1C[C@H]1O,Ki,'=',190,nM,6.721246399
CHEMBL1269770,359.55,CCCCC/C=C\C/C=C\C/C=C\C/C=C\CCCC(=O)N[C@@H]1C[C@H]1O,Ki,'=',190,nM,6.721246399
CHEMBL2179726,410.6,CCCCCCC(C)(C)c1cc(O)cc(OCCCCCCOC(CO)CO)c1,Ki,'=',190,nM,6.721246399
CHEMBL2151377,630.05,O=S(=O)(NC1CCN(c2ncnc3c2nc(-c2ccccc2Cl)n3-c2ccc(OC(F)F)nc2)CC1)c1ccccc1F,Ki,'=',190,nM,6.721246399
CHEMBL2160223,458.63,CCN(CC)c1ccc(CN(Cc2ccccc2)S(=O)(=O)c2ccc3ccccc3c2)cc1,Ki,'=',190,nM,6.721246399
CHEMBL4587421,359.55,CCCCC/C=C\C/C=C\C/C=C\C/C=C\CCCC(=O)N[C@H]1C[C@@H]1O,Ki,'=',190.55,nM,6.719991047
CHEMBL2326280,382.55,CC(C)[C@H]1CC[C@H](C(=O)c2cn(CCN3CCOCC3)c3ccccc23)CC1,Ki,'=',190.55,nM,6.719991047
CHEMBL175291,342.44,CCCn1c(C)c(C(=O)c2cc(N)cc3ccccc23)c2ccccc21,Ki,'=',191,nM,6.718966633
CHEMBL3781158,392.3,CCCn1cc(C(=O)c2cccc3cccc(Br)c23)c2ccccc21,Ki,'=',192,nM,6.716698771
CHEMBL576227,512.44,C[C@H](NS(C)(=O)=O)c1ccc(S(=O)(=O)c2ccc(Cl)cc2C(=O)c2ccc(Cl)cc2)cc1,Ki,'=',192,nM,6.716698771
CHEMBL3917967,464.01,Cc1ccc(S(=O)(=O)N(CCc2ccc(Cl)cc2)S(=O)(=O)c2ccc(C)cc2)cc1,Ki,'=',192,nM,6.716698771
CHEMBL1531383,383.45,COc1ccc([C@@H]2[C@@H](Cc3cc4ccccc4o3)C(=O)N2c2ccccc2)cc1,Ki,'=',194.2,nM,6.711750774
CHEMBL3915743,458.5,COc1cc(Nc2ccc(S(=O)(=O)NC(C)(C)C3CC3)c(C(F)(F)F)c2)cc(OC)c1,Ki,'=',194.7,nM,6.710634048
CHEMBL3922512,458.49,O=C(CCc1nc(-c2ccc(F)cc2)no1)Nc1ccc2c(c1)c1ccccc1n2CCCO,Ki,'=',195,nM,6.709965389
CHEMBL5803688,322.43,COC(=O)c1c(NC(=O)N2CCCCC2)sc2c1CCCC2,Ki,'=',195.7,nM,6.708409174
CHEMBL93328,398.55,Cc1cc(=O)c(C(=O)NC23CC4CC(CC(C4)C2)C3)cn1CCC1CCOCC1,Ki,'=',195.8,nM,6.708187313
CHEMBL3909817,362.43,CC(C)(O)Cn1c(=O)n(C(=O)N[C@H](C(N)=O)C(C)(C)C)c2ccccc21,Ki,'=',196,nM,6.707743929
CHEMBL5532224,461.58,COc1ccc(-c2cc(Cc3ccc(F)cc3)c(OC)c(C(=O)N[C@H]3CC[C@@H](C)CC3)c2)cc1,Ki,'=',196,nM,6.707743929
CHEMBL4555424,469.37,O=C(NN1CCOCC1)c1nn(-c2ccc(Cl)cc2Cl)c2c1Cc1cc(C3CC3)ccc1-2,Ki,'=',198,nM,6.70333481
CHEMBL3774459,447.66,CCCCCCCOc1cc(O)cc(OCCCCCCCCCCC(=O)NC2CC2)c1,Ki,'=',199.53,nM,6.699991797
CHEMBL3935661,433.63,CC(C)CCOc1cc(O)cc(OCCCCCCCCCCC(=O)NCC2CC2)c1,Ki,'=',199.53,nM,6.699991797
CHEMBL574036,330.39,COCCn1cc(C(=O)c2cccc3ccccc23)c2cccnc21,Ki,'=',199.53,nM,6.699991797
CHEMBL396152,288.37,O=C(c1cccc2ccccc12)c1csc2ccccc12,Ki,'=',200,nM,6.698970004
CHEMBL3913776,398.46,Cc1c(C(=O)NC2CCCCCC2)nn(-c2ccc(F)cc2F)c1-n1cccc1,Ki,'=',200,nM,6.698970004
CHEMBL5905150,434.62,CCCCCn1c(C)c(C(=O)NC23CC4CC(C)(CC(C)(C4)C2)C3)c(=O)c2ccccc21,Ki,'=',200,nM,6.698970004
CHEMBL4472516,433.63,CC(C)CCOc1cc(O)cc(OCCCCCCCCCCC(=O)NCC2CC2)c1,Ki,'=',200,nM,6.698970004
CHEMBL573098,299.39,O=C(N1CCc2cc(F)ccc21)C12CC3CC(CC(C3)C1)C2,Ki,'=',200,nM,6.698970004
CHEMBL4245429,359.55,CCCCC/C=C\C/C=C\C/C=C\C/C=C\CCCC(=O)N[C@@H]1C[C@@H]1O,Ki,'=',200,nM,6.698970004
CHEMBL2441447,507.56,C#CCCC1(CCNC(=O)c2nonc2Cn2nnc3c(N4CC[C@H](O)C4)nc(C(C)(C)C)nc32)N=N1,Ki,'=',200,nM,6.698970004
CHEMBL4239762,310.4,O=C(NC1CCCCC1)c1cccn(Cc2ccccc2)c1=O,Ki,'=',200,nM,6.698970004
CHEMBL4520766,467.39,COc1cccc(CNC(=O)c2ccc(Br)c(S(=O)(=O)N3CCCCC3)c2)c1,Ki,'=',200,nM,6.698970004
CHEMBL4438188,479.57,COC(=O)CCCCOc1cccc2c(C(=O)c3ccc(OC)cc3)cn(CC3CCOCC3)c12,Ki,'=',200.7,nM,6.697452628
CHEMBL427497,362.47,CCCCCn1cc(C(=O)NCCc2ccccc2)c(=O)c2ccccc21,Ki,'=',201,nM,6.696803943
CHEMBL4277575,420.6,CCCCCn1cc(C(=O)NC(C)C23CC4CC(CC(C4)C2)C3)c(=O)c2ccccc21,Ki,'=',202,nM,6.694648631
CHEMBL3409317,324.54,CSC(=S)N1CC(C)(C)CS/C1=N\c1ccccc1C,Ki,'=',202,nM,6.694648631
CHEMBL2336572,453.67,CCCCCc1cc(O)cc(OCCCCCCCCCCC(=O)NCc2ccccc2)c1,Ki,'=',202.3,nM,6.694004117
CHEMBL605719,608.06,NCC1(CNS(=O)(=O)C(F)(F)F)CCN(S(=O)(=O)c2ccc(Cl)cc2S(=O)(=O)c2ccccc2F)CC1,Ki,'=',202.5,nM,6.693574972
CHEMBL1909852,553.71,O=C(Cc1ccccc1)NC(NC(=O)Cc1ccccc1)c1ccc(N(Cc2ccccc2)Cc2ccccc2)cc1,Ki,'=',203,nM,6.692503962
CHEMBL5979018,553.71,O=C(Cc1ccccc1)NC(NC(=O)Cc1ccccc1)c1ccc(N(Cc2ccccc2)Cc2ccccc2)cc1,Ki,'=',203,nM,6.692503962
CHEMBL478160,314.47,C=C(C)[C@H]1CCC(C)=C[C@@H]1c1c(O)cc(CCCCC)cc1O,Ki,'=',203,nM,6.692503962
CHEMBL368660,406.47,O=S(=O)(NCC1CCCO1)c1ccc(NC2CCCCC2)cc1C(F)(F)F,Ki,'=',203,nM,6.692503962
CHEMBL591093,358.32,O=C(c1ccccc1)c1cc(O)c(-c2cccc(C(F)(F)F)c2)c(O)c1,Ki,'=',204,nM,6.690369833
CHEMBL4061358,340.42,CCCCn1c2c(cc(C(=O)NCc3ccccc3)c1=O)COCC2,Ki,'=',204,nM,6.690369833
CHEMBL5415150,461.44,CCCCCCCNC(=O)c1nn(-c2ccc(Cl)cc2Cl)c(-n2c(C)ccc2C)c1C,Ki,'=',204.8,nM,6.688670048
CHEMBL175368,413.56,COc1cccc2c(C(=O)NC3CCCC3(C)C)c(C)n(CCN3CCOCC3)c12,Ki,'=',205,nM,6.688246139
CHEMBL2348281,405.33,CCCCCNC(=O)c1nn(-c2ccc(Cl)cc2Cl)c(-n2cccc2)c1C,Ki,'=',205.9,nM,6.686343653
CHEMBL2338174,525.64,CN1CCC[C@@H]1COc1ccc(C(F)(F)F)cc1C(=O)/N=c1\sc(C(C)(C)C)cn1C[C@H]1CCCO1,Ki,'=',206,nM,6.68613278
CHEMBL373169,390.47,CC1CCC(Nc2ccc(S(=O)(=O)NCC3CC3)c(C(F)(F)F)c2)CC1,Ki,'=',206,nM,6.68613278
CHEMBL3582019,391.42,O=C(NC1(c2ccccc2)CC1)c1nn(-c2ccc(F)cc2F)c2c1C[C@@H]1C[C@H]21,Ki,'=',207,nM,6.684029655
CHEMBL369205,511.61,CN1CC(COc2ccc(C(F)(F)F)cc2C(=O)/N=c2\sc(C(C)(C)C)cn2C[C@H]2CCCO2)C1,Ki,'=',208,nM,6.681936665
CHEMBL2179776,463.8,Cc1c(C(=O)NN2CCCCC2)nc(-c2ccc(Cl)cc2)n1-c1ccc(Cl)cc1Cl,Ki,'=',208,nM,6.681936665
CHEMBL1834013,378.47,COC(=O)CCCn1c2ccccc2c2cc(C(=O)N3CCCCC3)ccc21,Ki,'=',208,nM,6.681936665
CHEMBL3360190,446.64,CCCCCCC(C)(C)c1cc(OCc2ccccc2)c2c(c1)OC(C)(C)c1cn(C)nc1-2,Ki,'=',208.8,nM,6.680269506
CHEMBL190127,437.58,O=C(NCc1ccccc1)c1cc2c(n(CCCN3CCOCC3)c1=O)CCCCCC2,Ki,'=',209,nM,6.679853714
CHEMBL600024,535.59,CC(C)(C)c1cn(C[C@H]2CCCO2)/c(=N/C(=O)c2cc(C(F)(F)F)ccc2OCc2cccc[n+]2[O-])s1,Ki,'=',209,nM,6.679853714
CHEMBL2179764,453.59,Cn1c(C(C)(C)C)c/c(=N\C(=O)c2cc(C#N)ccc2ONC(C)(C)C)n1C[C@H]1CCCO1,Ki,'=',209,nM,6.679853714
CHEMBL200646,356.47,CCCCCn1cc(NC(=O)OC(C)(C)C)c(=O)cc1-c1ccccc1,Ki,'=',209,nM,6.679853714
CHEMBL3895908,392.45,CC1(C)Oc2cc(C(=O)c3cc4ccccc4o3)cc(O)c2[C@@H]2C[C@H](O)CC[C@H]21,Ki,'=',209.4,nM,6.679023323
CHEMBL577361,430.64,CCCCCCNc1ccc(-c2ccccc2)cc1C(=O)NC12CC3CC(CC(C3)C1)C2,Ki,'=',209.4,nM,6.679023323
CHEMBL479094,447.66,CCCCCCCOc1cc(O)cc(OCCCCCCCCCCC(=O)NC2CC2)c1,Ki,'=',210,nM,6.677780705
CHEMBL398646,457.04,CCN(CC)c1ccc(CN(Cc2ccc(Cl)cc2)S(=O)(=O)c2ccc(C)cc2)cc1,Ki,'=',210,nM,6.677780705
CHEMBL478210,394.51,CCCCCCC(C)(C)c1cc(O)c2cc(Cc3ccccc3O)c(=O)oc2c1,Ki,'=',210,nM,6.677780705
CHEMBL2022699,317.45,CCCCCn1c(=O)sc2cc(C(=O)C3CCCC3)ccc21,Ki,'=',210,nM,6.677780705
CHEMBL1270783,411.9,CC(C)(C)c1nc(N2CCC(N=[N+]=[N-])C2)c2nnn(Cc3ccccc3Cl)c2n1,Ki,'=',210,nM,6.677780705
CHEMBL574740,414.59,CCCCCCC(C)(C)c1cc(OCCO)c2c(c1)OC(C)(C)c1cn(CC)nc1-2,Ki,'=',210.6,nM,6.676541633
CHEMBL246952,500.66,CCCCCc1cc2c(c(OS(=O)(=O)c3ccc(C)cc3)c1)[C@@H]1CC(C)(OO)C=C[C@H]1C(C)(C)O2,Ki,'=',211,nM,6.675717545
CHEMBL1923762,443.53,CC(C)(C)c1nc(N2CCC(F)(F)C2)c2nn(Cc3ccccc3CSC#N)nc2n1,Ki,'=',211,nM,6.675717545
CHEMBL1923763,386.62,CCCCCCCN(Cc1ccc(N(CC)CC)cc1)C(=O)C1CCCCC1,Ki,'=',211.84,nM,6.673992032
CHEMBL5178204,386.62,CCCCCCCN(Cc1ccc(N(CC)CC)cc1)C(=O)C1CCCCC1,Ki,'=',212,nM,6.673664139
CHEMBL2387744,374.53,CCCCCn1cc(C(=O)NC(C)CCC(C)C)c(=O)c2c(C)nn(C)c21,Ki,'=',212,nM,6.673664139
CHEMBL1631161,460.66,CCCCCCC(C)(C)c1cc(OCc2ccccc2)c2c(c1)OC(C)(C)c1cn(CC)nc1-2,Ki,'=',212.2,nM,6.67325462
CHEMBL486438,457.62,CCN(CC)c1ccc(C(NC(=O)CCc2ccccc2)NC(=O)CCc2ccccc2)cc1,Ki,'=',213,nM,6.671620397
CHEMBL475493,457.62,CCN(CC)c1ccc(C(NC(=O)CCc2ccccc2)NC(=O)CCc2ccccc2)cc1,Ki,'=',213,nM,6.671620397
CHEMBL1923764,412.92,COc1ccc2c(c1)c(CCN1CCOCC1)c(C)n2C(=O)c1ccc(Cl)cc1,Ki,'=',213,nM,6.671620397
CHEMBL3963183,374.51,CCNC(=O)c1c(NC(=O)C23CC4CC(CC2C4)C3)sc2c1CCOC2,Ki,'=',213.8,nM,6.669992299
CHEMBL3984867,342.46,CCCCCn1c(C)c(C)cc(Oc2nc3ccccc3o2)c1=S,Ki,'=',214,nM,6.669586227
CHEMBL3895577,452.64,CCCCCCC(C)(C)c1cc(OC)c2c(c1)OC(C)(C)c1ccc(C(=O)OCCC)cc1-2,Ki,'=',214,nM,6.669586227
CHEMBL4443516,581.93,CC(=O)NC1(c2ccccc2)CCN(C(=O)c2nn(-c3ccc(Cl)cc3Cl)c(-c3ccc(Cl)cc3)c2C)CC1,Ki,'=',214,nM,6.669586227
CHEMBL3109761,537.5,CC(C)CCC(=O)NC1CCN(c2ncnc3c2nc(-c2ccccc2Cl)n3-c2ccc(Cl)cc2)CC1,Ki,'=',215,nM,6.66756154
CHEMBL1088245,537.5,CC(C)CCC(=O)NC1CCN(c2ncnc3c2nc(-c2ccccc2Cl)n3-c2ccc(Cl)cc2)CC1,Ki,'=',215,nM,6.66756154
CHEMBL3596738,426.31,O=C(c1ccccc1)c1cc(O)c(-c2cc(C(F)(F)F)cc(C(F)(F)F)c2)c(O)c1,Ki,'=',215,nM,6.66756154
CHEMBL3797983,359.43,CC1CCC(NC(=O)c2c(O)c3cccnc3n(CCCO)c2=O)CC1,Ki,'=',215,nM,6.66756154
CHEMBL3323677,400.48,Fc1ccccc1CSc1nnc2c3ccccc3n(Cc3ccccc3)c2n1,Ki,'=',215,nM,6.66756154
CHEMBL178428,313.49,CCCCCc1cc(N)c2c(c1)OC(C)(C)[C@@H]1CCC(C)=C[C@@H]21,Ki,'=',215,nM,6.66756154
CHEMBL3963516,369.47,O=C(c1ccc2c(c1)c1ccccc1n2Cc1ccccn1)N1CCCCC1,Ki,'=',215,nM,6.66756154
CHEMBL436471,411.63,CCCCCCC(C)(C)c1cc(NC(C)=O)c2c(c1)OC(C)(C)[C@@H]1CCC(C)=C[C@@H]21,Ki,'=',216,nM,6.665546249
CHEMBL3780775,498.62,CCCCn1nc(C(C)(C)C)s/c1=N\C(=O)c1cc(C(F)(F)F)ccc1O/N=C(\C)C(C)(C)C,Ki,'=',216,nM,6.665546249
CHEMBL3913773,459.61,CCS(=O)(=O)n1c2c(c3cc(C(=O)N4CCC(C)CC4)ccc31)CN(C1CCOCC1)C2,Ki,'=',216,nM,6.665546249
CHEMBL3899579,398.51,Cc1c(CCN2CCOCC2)c2ccccc2n1C(=O)c1cccc2ccccc12,Ki,'=',216,nM,6.665546249
CHEMBL5557729,463.4,N#Cc1ccc(Nc2ccc(S(=O)(=O)NCC3CC3)c(C(F)(F)F)c2)cc1C(F)(F)F,Ki,'=',218,nM,6.661543506
CHEMBL2441455,430.54,CC1(C)C2CCC(CNc3ccc(S(=O)(=O)NCC4CC4)c(C(F)(F)F)c3)C1C2,Ki,'=',218,nM,6.661543506
CHEMBL490810,312.41,CC1(C)C(C(=O)c2cn(CCC(N)=O)c3ccccc23)C1(C)C,Ki,'=',218.78,nM,6.659992382
CHEMBL4457031,495.98,CN/C(=N\S(=O)(=O)N1CCC(F)(F)CC1)N1CC(c2ccccc2)C(c2ccc(Cl)cc2)=N1,Ki,'=',219,nM,6.659555885
CHEMBL3321779,495.98,CN/C(=N\S(=O)(=O)N1CCC(F)(F)CC1)N1CC(c2ccccc2)C(c2ccc(Cl)cc2)=N1,Ki,'=',219,nM,6.659555885
CHEMBL234677,433.88,CC(C)(NS(=O)(=O)c1ccc(Nc2cccnc2Cl)cc1C(F)(F)F)C1CC1,Ki,'=',219,nM,6.659555885
CHEMBL1087250,471.47,N#Cc1cc(F)ccc1-c1nnc(CCC(=O)Nc2ccc3c(c2)c2ccccc2n3CCF)o1,Ki,'=',219,nM,6.659555885
CHEMBL3915650,590.49,O=C(NCc1ccccc1F)NC1CCN(c2ncnc3c2nc(-c2ccccc2Cl)n3-c2ccc(Cl)cc2)CC1,Ki,'=',220,nM,6.657577319
CHEMBL2436756,312.41,CC1(C)C(C(=O)c2cn(CCC(N)=O)c3ccccc23)C1(C)C,Ki,'=',220,nM,6.657577319
CHEMBL200100,398.51,O=C(NC12CC3CC(CC(C3)C1)C2)c1c[nH]c2c(-c3ccccc3)cccc2c1=O,Ki,'=',220,nM,6.657577319
CHEMBL4516896,361.57,CCCCC/C=C\C/C=C\C/C=C\C/C=C\CCCC(=O)N[C@H](C)CO,Ki,'=',220,nM,6.657577319
CHEMBL231202,606.51,C[C@H](CO)NC(=O)CCC/C=C\C/C=C\C/C=C\C/C=C\CCOC(=O)c1cc(I)ccc1N=[N+]=[N-],Ki,'=',220,nM,6.657577319
CHEMBL4248795,432.42,COc1cc(OC)nc(Nc2ccc(S(=O)(=O)NCC3CC3)c(C(F)(F)F)c2)n1,Ki,'=',220,nM,6.657577319
CHEMBL3093383,475.43,CCCCCn1cc(C(=O)NC23CC4CC(CC(C4)C2)C3)c(=O)n2nc(C)c(Br)c12,Ki,'=',220,nM,6.657577319
CHEMBL4475337,463.62,CC12CC3CC(C)(C1)CC(NC(=O)c1cn(CCN4CCOCC4)c4ccccc4c1=O)(C3)C2,Ki,'=',221,nM,6.655607726
CHEMBL3597331,485.67,CCCCN(CCCC)c1ccc(C(NC(=O)Cc2ccccc2)NC(=O)Cc2ccccc2)cc1,Ki,'=',221,nM,6.655607726
CHEMBL3109760,485.67,CCCCN(CCCC)c1ccc(C(NC(=O)Cc2ccccc2)NC(=O)Cc2ccccc2)cc1,Ki,'=',221,nM,6.655607726
CHEMBL572328,370.49,C=C(C)C1CCC(C)=C[C@H]1c1c(O)cc(-c2cccc3ccccc23)cc1O,Ki,'=',221.6,nM,6.654430244
CHEMBL1923757,378.56,CCN(CC)c1ccc(CN(C(=O)C2CCCCC2)c2ccc(C)cc2)cc1,Ki,'=',221.82,nM,6.653999299
CHEMBL3907018,471.07,CCN(CC)c1ccc(CN(c2ccc(Cl)cc2)S(=O)(=O)c2ccc(C(C)C)cc2)cc1,Ki,'=',221.82,nM,6.653999299
CHEMBL2023580,471.07,CCN(CC)c1ccc(CN(c2ccc(Cl)cc2)S(=O)(=O)c2ccc(C(C)C)cc2)cc1,Ki,'=',222,nM,6.653647026
CHEMBL5206032,455.04,CCCCCn1cc(C(=O)NC(C)C23CC4CC(CC(C4)C2)C3)c(=O)c2cc(Cl)ccc21,Ki,'=',222,nM,6.653647026
CHEMBL1668503,378.56,CCN(CC)c1ccc(CN(C(=O)C2CCCCC2)c2ccc(C)cc2)cc1,Ki,'=',222,nM,6.653647026
CHEMBL4292807,392.54,CCCCCCC(C)(C)c1cc(O)c2cc(Cc3ccccc3C)c(=O)oc2c1,Ki,'=',222,nM,6.653647026
CHEMBL5512594,370.49,C=C(C)C1CCC(C)=C[C@H]1c1c(O)cc(-c2cccc3ccccc23)cc1O,Ki,'=',223.87,nM,6.650004101
CHEMBL1087874,392.54,CCCCCCC(C)(C)c1cc(O)c2cc(Cc3ccccc3C)c(=O)oc2c1,Ki,'=',223.87,nM,6.650004101
CHEMBL2205588,318.37,COc1cc(C(=O)c2ccccc2)cc(O)c1-c1cccc(C)c1,Ki,'=',224.98,nM,6.647856088
CHEMBL1215993,398.53,CCCCCn1c2ccccc2c2cc(C(=O)N3CCS(=O)(=O)CC3)ccc21,Ki,'=',225,nM,6.647817482
CHEMBL4741527,407.44,O=C(c1cn(Cc2ccc(F)cc2)c2ccccc2c1=O)c1cccc2ccccc12,Ki,'=',225,nM,6.647817482
CHEMBL3898880,465.35,Cc1c(C(=O)NC2(C#N)CCOCC2)nn(-c2cccc(Br)c2)c1-c1ccccc1,Ki,'=',226,nM,6.645891561
CHEMBL3116281,402.65,CCCC[Si](C)(C)c1cc(OC)c([C@H]2C=C(CO)[C@H]3C[C@@H]2C3(C)C)c(OC)c1,Ki,'=',226.7,nM,6.64454848
CHEMBL576142,460.45,Cc1ccc([C@@H](c2ccc(Cl)cc2Cl)N2CCN(C(=O)NC3CCCCC3)CC2)cc1,Ki,'=',226.8,nM,6.64435695
CHEMBL3582010,460.58,CCCCCn1cc(C(=O)NC23CC4CC(CC(C4)C2)C3)c(=O)n2nc(-c3cccnc3)nc12,Ki,'=',228,nM,6.642065153
CHEMBL5170767,462.81,Cc1c(C(=O)NC2CCCCC2)nn(-c2ccc(Cl)cc2Cl)c1-c1ccc(Cl)cc1,Ki,'=',228,nM,6.642065153
CHEMBL2205584,607.01,CC(=O)N/C(N)=N/C(=N/S(=O)(=O)c1ccc(OC(F)(F)F)cc1)N1C[C@H](c2ccccc2)C(c2ccc(Cl)cc2)=N1,Ki,'=',228,nM,6.642065153
CHEMBL177990,314.47,C=C(C)C1CCC(C)=C[C@H]1c1c(O)cc(CCCCC)cc1O,Ki,'=',229.09,nM,6.639993868
CHEMBL1923765,394.51,CCCCC(C)(C)c1cc(OC)c2cc(Cc3ccccc3OC)c(=O)oc2c1,Ki,'=',229.09,nM,6.639993868
CHEMBL3586110,528.48,C[C@H](NS(C)(=O)=O)c1ccc(S(=O)(=O)c2ccc(Cl)cc2C(C)(O)c2ccc(Cl)cc2)cc1,Ki,'=',230,nM,6.638272164
CHEMBL247542,314.47,C=C(C)C1CCC(C)=C[C@H]1c1c(O)cc(CCCCC)cc1O,Ki,'=',230,nM,6.638272164
CHEMBL2022701,463.6,CCCCCn1cc(C(=O)N2CCC[C@H]2C(N)=O)c(=O)c2ccc(Sc3ccccc3)cc21,Ki,'=',230,nM,6.638272164
CHEMBL1089718,493.73,CCCCCCC(C)(C)c1cc(O)cc(OCCCCCCCCCCC(=O)NC(CO)CO)c1,Ki,'=',230,nM,6.638272164
CHEMBL4753784,350.55,CCOC(=S)N1CC(C)(C)CS/C1=N\c1ccccc1C(C)C,Ki,'=',230,nM,6.638272164
CHEMBL3975387,395.52,CCOc1ccc(CN(Cc2ccccc2)S(=O)(=O)c2ccc(C)cc2)cc1,Ki,'=',230,nM,6.638272164
CHEMBL4532907,403.52,CCCCCCCOCC12c3ccccc3C(c3ccccc31)C1C(=O)NC(=O)C12,Ki,'=',230,nM,6.638272164
CHEMBL5421210,474.5,COc1cc(Nc2ccc(S(=O)(=O)NCC3CCOCC3)c(C(F)(F)F)c2)cc(OC)c1,Ki,'=',230,nM,6.638272164
CHEMBL2023578,475.81,O=C(NN1CCCCC1)c1nn(-c2ccc(Cl)cc2Cl)c2c1CCc1cc(Cl)ccc1-2,Ki,'=',230,nM,6.638272164
CHEMBL5851352,393.55,Cc1ccc(S(=O)(=O)N(Cc2ccccc2)Cc2ccc(C(C)C)cc2)cc1,Ki,'=',230,nM,6.638272164
CHEMBL3981700,356.43,O=C(NCc1ccco1)c1cccn1Cc1ccc(-c2ccccc2)cc1,Ki,'=',230,nM,6.638272164
CHEMBL250810,416.65,CCCCCCC(C)(C)c1cc(OC)c(C2C(O)[C@]3(C)CC[C@H]2C3(C)C)c(OC)c1,Ki,'=',230,nM,6.638272164
CHEMBL574722,394.51,CCCCC(C)(C)c1cc(OC)c2cc(Cc3ccccc3OC)c(=O)oc2c1,Ki,'=',231,nM,6.63638802
CHEMBL2180218,412.47,CC(NC(=O)n1c(=O)n(CCN2CCOCC2)c2ccccc21)c1ccc(F)cc1,Ki,'=',232,nM,6.634512015
CHEMBL3971453,598.16,C[C@H](NS(C)(=O)=O)c1ccc(S(=O)(=O)c2ccc(OC3CCCC3)cc2S(=O)(=O)c2ccc(Cl)cc2)cc1,Ki,'=',232,nM,6.634512015
CHEMBL3221190,359.21,O=C(c1ccccc1)c1cc(O)c(-c2cc(Cl)ccc2Cl)c(O)c1,Ki,'=',233,nM,6.632644079
CHEMBL2063239,579.01,O=S(=O)(N[C@H]1CC[C@H](NS(=O)(=O)C(F)(F)F)CC1)c1ccc(Cl)cc1S(=O)(=O)c1ccccc1F,Ki,'=',234,nM,6.630784143
CHEMBL2316292,495.38,COc1ccc(-c2c(C)c(C(=O)NC3(C#N)CCOCC3)nn2-c2cccc(Br)c2)cc1,Ki,'=',234,nM,6.630784143
CHEMBL2151057,384.52,COc1ccc2c(c1)c(C(=O)C1C(C)(C)C1(C)C)cn2CCN1CCOCC1,Ki,'=',234.42,nM,6.630005338
CHEMBL224105,384.52,COc1ccc2c(c1)c(C(=O)C1C(C)(C)C1(C)C)cn2CCN1CCOCC1,Ki,'=',234.42,nM,6.630005338
CHEMBL1834021,314.41,CCCCn1ccc(C)c(Oc2nc3ccccc3o2)c1=S,Ki,'=',235,nM,6.628932138
CHEMBL4468889,488.59,COc1cccc2c(C(=O)N[C@@H](Cc3ccccc3)c3ccon3)c(C)n(CCN3CCOCC3)c12,Ki,'=',235,nM,6.628932138
CHEMBL4104374,441.47,O=C(c1ccccc1)n1c2ccccc2c2nnc(SCc3ccccc3[N+](=O)[O-])nc21,Ki,'=',235,nM,6.628932138
CHEMBL236548,455.04,CCCCCn1cc(C(=O)NC(C)C23CC4CC(CC(C4)C2)C3)c(=O)c2cc(Cl)ccc21,Ki,'=',235,nM,6.628932138
CHEMBL4759054,390.47,CCCN(CC1CC1)c1ccc(S(=O)(=O)NCC2CC2)c(C(F)(F)F)c1,Ki,'=',235,nM,6.628932138
CHEMBL2348062,314.41,CCCCn1cc(C)cc(Oc2nc3ccccc3o2)c1=S,Ki,'=',236,nM,6.627087997
CHEMBL259476,384.52,COc1ccc2c(c1)c(C(=O)C1C(C)(C)C1(C)C)cn2CCN1CCOCC1,Ki,'=',237,nM,6.625251654
CHEMBL3221200,344.46,CCCCCn1cc(C(=O)NC2CCCCC2)c(=O)c2cnn(C)c21,Ki,'=',237,nM,6.625251654
CHEMBL3325451,447.41,CCCCCCC(C)NC(=O)c1nn(-c2ccc(Cl)cc2Cl)c(-n2cccc2)c1C,Ki,'=',237.3,nM,6.624702262
CHEMBL4448334,397.52,COC(=O)c1ccc2c(c1)c(C(=O)C1C(C)(C)C1(C)C)cn2CC1CCOCC1,Ki,'=',238,nM,6.623423043
CHEMBL4245455,397.52,COC(=O)c1ccc2c(c1)c(C(=O)C1C(C)(C)C1(C)C)cn2CC1CCOCC1,Ki,'=',239.88,nM,6.62000596
CHEMBL4244992,397.52,COC(=O)c1ccc2c(c1)c(C(=O)C1C(C)(C)C1(C)C)cn2CC1CCOCC1,Ki,'=',239.88,nM,6.62000596
CHEMBL3774589,438.58,Cc1ccc(-c2cc3ncccc3c3cc(C(=O)NC4C5CC(C[C@@H]4C)C5(C)C)nn23)cc1,Ki,'=',240,nM,6.619788758
CHEMBL199243,359.55,CCCCC/C=C\C/C=C\C/C=C\C/C=C\CCCC(=O)N[C@@H]1C[C@H]1O,Ki,'=',240,nM,6.619788758
CHEMBL1089716,448.78,O=C(NC1CCCCC1)c1cn(-c2ccc(Cl)cc2)c(-c2ccc(Cl)cc2Cl)n1,Ki,'=',240,nM,6.619788758
CHEMBL438507,449.98,Cc1ccc(Cn2nc(-c3ccc(Cl)c(C)c3)cc(C(=O)NC3CCCCC3)c2=O)cc1,Ki,'=',240,nM,6.619788758
CHEMBL2338175,462.4,O=C(Nc1sc2c(c1C(=O)N1CC(F)(F)C1)CCOC2)c1ccccc1OC(F)(F)F,Ki,'=',240,nM,6.619788758
CHEMBL4225343,459.51,O=[N+]([O-])c1ccc2c(c1)c(OCc1cccc3ccccc13)nn2Cc1cccc2ccccc12,Ki,'=',240,nM,6.619788758
CHEMBL3093362,385.51,c1ccc2c(COc3nn(CCN4CCCCC4)c4ccccc34)cccc2c1,Ki,'=',240,nM,6.619788758
CHEMBL4294111,438.47,O=C(Nc1sc2c(c1C(=O)N1CCCCC1)CCOC2)c1ccccc1C(F)(F)F,Ki,'=',241,nM,6.617982957
CHEMBL5483080,452.77,Cc1c(C(=O)NOC(C)(C)C)nc(-c2ccc(Cl)cc2Cl)n1-c1ccc(Cl)cc1,Ki,'=',242,nM,6.616184634
CHEMBL3912007,387.48,CC(C)(C)[C@H](NC(=O)n1c(=O)n(CCN2CCCC2)c2ccccc21)C(N)=O,Ki,'=',242,nM,6.616184634
CHEMBL2205620,460.45,Cc1ccc([C@H](c2ccc(Cl)cc2Cl)N2CCN(C(=O)NC3CCCCC3)CC2)cc1,Ki,'=',242.4,nM,6.615467385
CHEMBL3958344,420.98,Cc1ccc(Cn2cc(C(=O)NC3CCCCC3)cc2-c2ccc(Cl)c(C)c2)cc1,Ki,'=',244,nM,6.612610174
CHEMBL391136,331.39,COC(=O)c1c(NC(=O)Oc2ccccc2)sc2c1CCCC2,Ki,'=',244.06,nM,6.612503393
CHEMBL472898,404.45,O=S(=O)(NOCC1CC1)c1ccc(NC2CC3CCC2C3)cc1C(F)(F)F,Ki,'=',246,nM,6.609064893
CHEMBL3889952,581.65,CC(C)(C)c1nc(N2CCC(F)(F)C2)c2nnn(Cc3ccccc3CCS(=O)(=O)n3nnc4ccccc43)c2n1,Ki,'=',246,nM,6.609064893
CHEMBL520349,571.69,CCC(CC)(NC(=O)c1ccc(N2CC(OC)C2)c(OC[C@H]2C[C@@H]2COCc2ccccc2)n1)C(=O)OCCCF,Ki,'=',246,nM,6.609064893
CHEMBL350924,494.01,C=C(c1ccccc1F)c1cc(Cl)ccc1S(=O)(=O)c1ccc([C@H](C)NS(C)(=O)=O)cc1,Ki,'=',247,nM,6.607303047
CHEMBL3916164,510.01,CN/C(=N\S(=O)(=O)N1CCC(F)(F)CC1)N1CCC(c2ccccc2)C(c2ccc(Cl)cc2)=N1,Ki,'=',247,nM,6.607303047
CHEMBL3686288,430.55,O=C(NC1(C(=O)O)CCCCC1)c1cc2c(n(CC3CCCO3)c1=O)CCCCCC2,Ki,'=',247,nM,6.607303047
CHEMBL3329482,430.55,O=C(NC1(C(=O)O)CCCCC1)c1cc2c(n(CC3CCCO3)c1=O)CCCCCC2,Ki,'=',247,nM,6.607303047
CHEMBL4082785,455.55,CCCCn1nc(C(C)(C)C)s/c1=N\C(=O)c1cc(C(F)(F)F)ccc1NN=C(C)C,Ki,'=',247,nM,6.607303047
CHEMBL5926639,430.55,O=C(NC1(C(=O)O)CCCCC1)c1cc2c(n(CC3CCCO3)c1=O)CCCCCC2,Ki,'=',247.17,nM,6.607004242
CHEMBL5794334,521.86,CN/C(=N\S(=O)(=O)c1ccc(Cl)cc1)C1=NN(c2ccc(Cl)cc2Cl)C(c2ccccc2)C1,Ki,'=',248,nM,6.605548319
CHEMBL472897,453.61,O=C(c1ccc2c(c1)c1ccccc1n2CCCN1CCS(=O)(=O)CC1)N1CCCCC1,Ki,'=',249,nM,6.603800653
CHEMBL5811612,569.58,O=S(=O)(c1cc2ccccc2n1S(=O)(=O)c1ccccc1F)N1CC(CCNS(=O)(=O)C(F)(F)F)C1,Ki,'=',249,nM,6.603800653
CHEMBL5873750,409.57,CCCCc1cc(-c2ccc(OC)cc2)cc(C(=O)NC2CCCCCC2)c1OC,Ki,'=',249,nM,6.603800653
CHEMBL4852184,449.55,COC(=O)[C@H](Cc1ccccc1)NC(=O)c1c(C)n(CCN2CCOCC2)c2ccccc12,Ki,'=',250,nM,6.602059991
CHEMBL590764,324.36,O=C(Nc1cccc(CO)c1)c1cccn1Cc1ccc(F)cc1,Ki,'=',250,nM,6.602059991
CHEMBL4461463,328.39,O=C(NC1CCCCC1)c1cccnc1OCc1ccc(F)cc1,Ki,'=',250,nM,6.602059991
CHEMBL1834014,431.66,CCCCCCc1ccc(O)cc1OCCCCCCCCCCCNC(=O)C1CC1,Ki,'=',250,nM,6.602059991
CHEMBL4586739,333.35,Cn1nc(OCc2cccc3ccccc23)c2cc([N+](=O)[O-])ccc21,Ki,'=',250,nM,6.602059991
CHEMBL3582013,478.08,Cc1ccc(CC2CN(C(=O)NC3C4(C)CCC(C4)C3(C)C)N=C2c2ccc(Cl)c(C)c2)cc1,Ki,'=',251,nM,6.600326279
CHEMBL513597,343.43,CCCCn1cc(C(=O)c2cccc3ccccc23)c2cccc(O)c21,Ki,'=',251,nM,6.600326279
CHEMBL4537149,488.07,COc1cc(Cl)cc2c(C(=O)N[C@@H]3C4(C)CCC(C4)C3(C)C)c(C)n(CCN3CCOCC3)c12,Ki,'=',251,nM,6.600326279
CHEMBL6023053,330.43,CCCCCn1cc(C(=O)N[C@H](C(N)=O)C(C)C)c2cccnc21,Ki,'=',251,nM,6.600326279
CHEMBL1288208,398.57,CCCCCn1c(=O)sc2cc(/C(=N\O)C34CC5CC(CC(C5)C3)C4)ccc21,Ki,'=',251,nM,6.600326279
CHEMBL471248,344.41,COCCn1cc(C(=O)Nc2cccc3ccccc23)c2ccccc21,Ki,'=',251.19,nM,6.599997654
CHEMBL1288120,330.43,CCCCCn1cc(C(=O)N[C@H](C(N)=O)C(C)C)c2cccnc21,Ki,'=',251.19,nM,6.599997654
CHEMBL3597330,328.5,CSC(=S)N1CC(C)(C)CS/C1=N\c1ccccc1F,Ki,'=',252,nM,6.598599459
CHEMBL4283589,391.35,CC(=O)N1CCN(c2ncnc3oc(-c4ccccc4C(F)(F)F)nc23)CC1,Ki,'=',254,nM,6.595166283
CHEMBL197040,447.69,CCCCCCC(C)(C)c1cc(NS(C)(=O)=O)c2c(c1)OC(C)(C)[C@@H]1CCC(C)=C[C@@H]21,Ki,'=',255,nM,6.59345982
CHEMBL1269769,433.38,CCCCCCCNC(=O)c1nn(-c2ccc(Cl)cc2Cl)c(-n2cccc2)c1C,Ki,'=',255.1,nM,6.593289541
CHEMBL3758534,480.74,CCCCCCC1(c2cc(O)c3c(c2)OC(C)(C)[C@@H]2CC=C(C)C[C@@H]32)Sc2ccccc2S1,Ki,'=',257,nM,6.590066877
CHEMBL1093078,426.65,CCCCCCC(C)(C)c1cc(NC(=O)NC)c2c(c1)OC(C)(C)[C@@H]1CCC(C)=C[C@@H]21,Ki,'=',257,nM,6.590066877
CHEMBL484504,314.47,CCCCCc1cc(O)c2c(c1)OC(C)(CCC=C(C)C)C=C2,Ki,'=',257,nM,6.590066877
CHEMBL2436757,404.53,CCCNC(=O)c1c(NC(=O)C23CC4CC(CC(C4)O2)C3)sc2c1CCOC2,Ki,'=',257.04,nM,6.589999287
CHEMBL308847,480.74,CCCCCCC1(c2cc(O)c3c(c2)OC(C)(C)[C@@H]2CC=C(C)C[C@@H]32)Sc2ccccc2S1,Ki,'=',257.04,nM,6.589999287
CHEMBL4580498,373.24,Cc1ccc(C(=O)c2cc(O)c(-c3cc(Cl)cc(Cl)c3)c(O)c2)cc1,Ki,'=',257.6,nM,6.589054141
CHEMBL4450995,597.63,O=S(=O)(c1cc2ccccc2n1S(=O)(=O)c1ccccc1F)N1CCCC(CCNS(=O)(=O)C(F)(F)F)C1,Ki,'=',258,nM,6.588380294
CHEMBL5426853,421.59,CCCCCn1cc(C(=O)NC23CC4CC(C)(CC(C)(C4)C2)C3)c(=O)c2ncccc21,Ki,'=',259,nM,6.586700236
CHEMBL590765,356.51,CCCCCc1cc(OC(C)=O)c2c(c1)OC(C)(C)[C@@H]1CC=C(C)C[C@@H]21,Ki,'=',259,nM,6.586700236
CHEMBL3929652,427.59,CC1(C)C(C(=O)c2cn(CC3CCOCC3)c3ccc(OCCCCO)cc23)C1(C)C,Ki,'=',260,nM,6.585026652
CHEMBL557921,349.48,CCCCCC1=NN(C(=O)NCc2ccccc2)CC1c1ccccc1,Ki,'=',260,nM,6.585026652
CHEMBL1088221,590.26,Cc1cc(-c2cc(C(=O)NC3C4(C)CCC(C4)C3(C)C)nn2Cc2ccc(CNCCCCCCN)cc2)ccc1Cl,Ki,'=',260,nM,6.585026652
CHEMBL5187789,314.47,CCCCCc1cc(O)c2c(c1)OC(C)(CCC=C(C)C)C=C2,Ki,'=',260,nM,6.585026652
CHEMBL3781437,467.34,CC(C)(NS(=O)(=O)c1ccc(Nc2ccc(Cl)cc2Cl)cc1C(F)(F)F)C1CC1,Ki,'=',261,nM,6.583359493
CHEMBL2180211,506.47,CC1(C)Oc2cc(C34CC5CC(CC(C5)C3)C4)cc(O)c2[C@@H]2C[C@H](CI)CC[C@H]21,Ki,'=',261.7,nM,6.582196277
CHEMBL5815010,611.69,FC1(F)CCN(c2nc(C(F)(F)c3ccccc3)nc3c2nnn3Cc2ccccc2CCSSc2ccccn2)C1,Ki,'=',262,nM,6.581698709
CHEMBL4437336,422.59,CCN(CC)c1ccc(CN(Cc2ccccc2)S(=O)(=O)Cc2ccccc2)cc1,Ki,'=',262,nM,6.581698709
CHEMBL1081650,435.57,COc1cccc2c(C(=O)N[C@H](C)Cc3ccccc3)c(C)n(CCN3CCOCC3)c12,Ki,'=',263,nM,6.580044252
CHEMBL3799406,442.53,CCCc1c(CC)cc(C(=O)NC2(C(=O)O)CCCCC2)c(=O)n1Cc1ccc(F)cc1,Ki,'=',263,nM,6.580044252
CHEMBL2087111,427.59,CC1(C)C(C(=O)c2cn(CC3CCOCC3)c3ccc(OCCCCO)cc23)C1(C)C,Ki,'=',263.03,nM,6.579994715
CHEMBL600397,427.59,CC1(C)C(C(=O)c2cn(CC3CCOCC3)c3ccc(OCCCCO)cc23)C1(C)C,Ki,'=',263.03,nM,6.579994715
CHEMBL261595,471.6,CCOCCOCC(C)(C)c1cc(NC(=O)c2ccc(C3CCCC3)c(OCC3CC3)n2)on1,Ki,'=',263.9,nM,6.57856061
CHEMBL2441264,430.49,CC(=O)N(CC1CC1)S(=O)(=O)c1ccc(NC2CC3CCC2C3)cc1C(F)(F)F,Ki,'=',264,nM,6.578396073
CHEMBL231201,334.46,CCCCn1c2ccccc2c2cc(C(=O)N3CCCCC3)ccc21,Ki,'=',264,nM,6.578396073
CHEMBL573087,677.2,Cc1c(C(=O)NCCCCCCCCCN(C)CCCCCCCCCN)nn(-c2ccc(Cl)cc2Cl)c1-c1ccc(Cl)cc1,Ki,'=',265,nM,6.576754126
CHEMBL228798,384.48,CCCCCn1cc(NC(=O)c2cccc3ccccc23)c(=O)c2ccccc21,Ki,'=',265,nM,6.576754126
CHEMBL4229155,449.54,COc1c(Cc2ccc(F)cc2)cc(-c2ccc(F)cc2)cc1C(=O)NC1CCCCCC1,Ki,'=',265,nM,6.576754126
CHEMBL389198,341.39,CCC1COc2cccc3c(=O)c(C(=O)Nc4nccs4)cn1c23,Ki,'=',265,nM,6.576754126
CHEMBL3093361,455.04,CCCCCn1cc(C(=O)NC(C)C23CC4CC(CC(C4)C2)C3)c(=O)c2ccc(Cl)cc21,Ki,'=',265,nM,6.576754126
CHEMBL518595,390.47,CC1CCC(Nc2ccc(S(=O)(=O)NCC3CC3)c(C(F)(F)F)c2)CC1,Ki,'=',266,nM,6.575118363
CHEMBL4443398,336.43,CCCCCc1cc(OC)c2cc(Cc3ccccc3)c(=O)oc2c1,Ki,'=',267,nM,6.573488739
CHEMBL3613104,487.47,CCCCCCC(C)(C)c1cc(O)c2c(c1)OC(C)(C)c1cnn(-c3ccc(Cl)c(Cl)c3)c1-2,Ki,'=',270,nM,6.568636236
CHEMBL2326275,296.41,O=C(NC12CC3CC(CC(C3)C1)C2)N1Cc2ccccc2C1,Ki,'=',270,nM,6.568636236
CHEMBL3799040,342.44,CCCCCOC(=O)c1cc(O)c(-c2cc(C)cc(C)c2)c(OC)c1,Ki,'=',270,nM,6.568636236
CHEMBL519011,308.36,Cc1ccc(NC(=O)c2cccn2Cc2ccc(F)cc2)cc1,Ki,'=',270,nM,6.568636236
CHEMBL284710,385.57,CCCCCn1c(=O)sc2cc(C(O)C34CC5CC(CC(C5)C3)C4)ccc21,Ki,'=',272,nM,6.565431096
CHEMBL3221187,430.66,CCCCCCCN(Cc1ccc(N(CC)CC)cc1)S(=O)(=O)Cc1ccccc1,Ki,'=',272.9,nM,6.563996464
CHEMBL394140,430.66,CCCCCCCN(Cc1ccc(N(CC)CC)cc1)S(=O)(=O)Cc1ccccc1,Ki,'=',273,nM,6.563837353
CHEMBL2160222,514.42,O=C(NC1CCCCC1)N1CCN(C(c2ccc(C(F)(F)F)cc2)c2ccc(Cl)cc2Cl)CC1,Ki,'=',274,nM,6.562249437
CHEMBL484505,380.65,CC(C)SC(=S)N1CC(C)(C)CS/C1=N\c1ccccc1C(C)C,Ki,'=',275,nM,6.560667306
CHEMBL371829,385.46,O=C(c1cccc2ccccc12)c1cn(CC2CCOCC2)c2ccc(O)cc12,Ki,'=',275.4,nM,6.560036064
CHEMBL2030741,314.41,CCCn1c(C)c(C)cc(Oc2nc3ccccc3o2)c1=S,Ki,'=',276,nM,6.559090918
CHEMBL6024919,394.56,CCCCCCC(C)(C)c1ccc2c(c1)OC(C)(C)c1ccc(C(=O)OC)cc1-2,Ki,'=',276,nM,6.559090918
CHEMBL397762,406.32,CCCn1c(C)c(C(=O)c2cccc3cccc(Br)c23)c2ccccc21,Ki,'=',278,nM,6.555955204
CHEMBL1923769,499.44,C[C@H](NS(C)(=O)=O)c1ccc(S(=O)(=O)c2ccc(Cl)cc2Nc2ccc(Cl)cc2)cc1,Ki,'=',278,nM,6.555955204
CHEMBL1631293,543.66,CCCCn1nc(C(C)(C)C)s/c1=N/C(=O)c1cc(C(F)(F)F)ccc1N(C)N(C)C(=O)OC(C)(C)C,Ki,'=',279,nM,6.554395797
CHEMBL2181543,375.55,CCCCCCc1ccc(OCCCCCCCC(=O)NC2CC2)cc1O,Ki,'=',280,nM,6.552841969
CHEMBL3911376,407.58,CCCCc1ccc(CN(Cc2ccccc2)S(=O)(=O)c2ccc(C)cc2)cc1,Ki,'=',280,nM,6.552841969
CHEMBL3918752,440.59,Cc1ccc(-c2cc3ncccc3c3cc(C(=O)N[C@@H]4C[C@H](C)CC[C@H]4C(C)C)nn23)cc1,Ki,'=',280,nM,6.552841969
CHEMBL1923766,355.5,CC(C)n1c(=O)sc2cc(C(=O)C34CC5CC(CC(C5)C3)C4)ccc21,Ki,'=',280.5,nM,6.552067134
CHEMBL6033933,339.41,CCCCn1cc(C(=O)Cc2ccc(F)cc2)c2cccc(OC)c21,Ki,'=',281,nM,6.55129368
CHEMBL5992157,339.41,CCCCn1cc(C(=O)Cc2ccc(F)cc2)c2cccc(OC)c21,Ki,'=',281,nM,6.55129368
CHEMBL5415690,449.55,CC(=O)SC(CCc1ccccc1)[C@H]1C(=O)N(c2ccc(F)cc2)[C@@H]1c1ccc(O)cc1,Ki,'=',282,nM,6.549750892
CHEMBL1814464,448.52,CC(C)(C)c1nc(N2CC[C@H](O)C2)c2nnn(Cc3ccccc3CS(=O)(=O)F)c2n1,Ki,'=',283,nM,6.548213564
CHEMBL2160224,439.64,C[C@H](/C=C\C/C=C\C/C=C\CCCC(=O)N[C@H](C)CO)/C=C\CCCOc1ccccc1,Ki,'=',286,nM,6.543633967
CHEMBL3945138,380.57,CCCCCCC(C)(C)c1cc(OC)c2c(c1)OC(C)(C)c1ccc(C)cc1-2,Ki,'=',286,nM,6.543633967
CHEMBL479095,414.59,CCCCCn1c2ccccc2c2cc(C(=O)NC34CC5CC(CC(C5)C3)C4)ccc21,Ki,'=',288.5,nM,6.539854183
CHEMBL229967,525.64,CN1CCC[C@H]1COc1ccc(C(F)(F)F)cc1C(=O)/N=c1\scc(C(C)(C)C)n1C[C@H]1CCCO1,Ki,'=',289,nM,6.539102157
CHEMBL2153701,515.96,C[C@H](NC(=O)C(C)(C)Oc1ccc(C(F)(F)F)cn1)[C@@H](Cc1ccc(Cl)cc1)c1cccc(C#N)c1,Ki,'=',290,nM,6.537602002
CHEMBL575186,359.55,CCCCC/C=C\C/C=C\C/C=C\C/C=C\CCCC(=O)N[C@H]1C[C@@H]1O,Ki,'=',290,nM,6.537602002
CHEMBL576814,419.57,CC(C(=O)NCCC(c1ccccc1)c1ccccc1)(c1ccccc1)c1ccccc1,Ki,'=',290,nM,6.537602002
CHEMBL5763183,476.45,COc1ccc(C(c2ccc(Cl)cc2Cl)N2CCN(C(=O)NC3CCCCC3)CC2)cc1,Ki,'=',290,nM,6.537602002
CHEMBL598097,354.47,CCC(C)(C)C(=O)Nc1ccc(C)c(S(=O)(=O)N2CCOCC2)c1,Ki,'=',290,nM,6.537602002
CHEMBL3314943,452.5,N#Cc1ccccc1CSc1nnc2c3ccccc3n(Cc3ccccc3[N+](=O)[O-])c2n1,Ki,'=',290,nM,6.537602002
CHEMBL2420250,462.91,O=C(CCc1nc(-c2ccc(Cl)cc2)no1)Nc1ccc2c(c1)c1ccccc1n2CCF,Ki,'=',291,nM,6.536107011
CHEMBL4561828,408.54,CCCCCCCC(C)(C)c1cc(O)c2cc(Cc3ccccc3O)c(=O)oc2c1,Ki,'=',292,nM,6.534617149
CHEMBL5957754,625,CCCNC(=O)NC1(c2ccccc2)CCN(C(=O)c2nn(-c3ccc(Cl)cc3Cl)c(-c3ccc(Cl)cc3)c2C)CC1,Ki,'=',293,nM,6.53313238
CHEMBL3946454,457.57,COCCOCC(C)(C)c1cc(NC(=O)c2ccc(C3CCCC3)c(OCC3CC3)n2)on1,Ki,'=',293.6,nM,6.532243949
CHEMBL410337,404.51,COCCn1c2c(cc(C(=O)NC3(C(=O)O)CCCCC3)c1=O)CCCCCC2,Ki,'=',294,nM,6.53165267
CHEMBL2030933,478.59,CNC(=O)[C@H](Cc1ccccc1)NC(=O)c1c(C)n(CCN2CCOCC2)c2c(OC)cccc12,Ki,'=',294,nM,6.53165267
CHEMBL93879,399.49,CC1(C)C(C(=O)c2cn(CCN3CCOCC3)c3cccc([N+](=O)[O-])c23)C1(C)C,Ki,'=',295.12,nM,6.530001358
CHEMBL5561188,399.49,CC1(C)C(C(=O)c2cn(CCN3CCOCC3)c3cccc([N+](=O)[O-])c23)C1(C)C,Ki,'=',295.12,nM,6.530001358
CHEMBL482567,460.66,CCCCCCC(C)(C)c1cc(OCc2ccccc2)c2c(c1)OC(C)(C)c1cnn(CC)c1-2,Ki,'=',295.9,nM,6.528855035
CHEMBL3109784,429.63,CC(C)Cn1cc(C(C)(C)C)s/c1=N\C(=O)c1ccccc1OC[C@@H]1CCCN1C,Ki,'=',296,nM,6.528708289
CHEMBL598511,399.49,CC1(C)C(C(=O)c2cn(CCN3CCOCC3)c3cccc([N+](=O)[O-])c23)C1(C)C,Ki,'=',297,nM,6.527243551
CHEMBL3800192,310.42,CCCc1sc2ccccc2c1C(=O)c1ccc(OC)cc1,Ki,'=',300,nM,6.522878745
CHEMBL3964674,338.47,CCCCCc1sc2ccccc2c1C(=O)c1ccc(OC)cc1,Ki,'=',300,nM,6.522878745
CHEMBL3596737,421.49,N#Cc1ccccc1CSc1nnc2c3ccccc3n(C(=O)c3ccccc3)c2n1,Ki,'=',300,nM,6.522878745
CHEMBL2326281,469.49,COc1ccc(-c2oc3ccccc3c2C(=O)c2ccc(NCc3cc(F)cc(F)c3)cc2)cc1,Ki,'=',300,nM,6.522878745
CHEMBL1269764,356.51,Cc1ccc(C(=O)NC2C(C)(C)[C@@H]3CC[C@@]2(C)C3)cc1N1CCOCC1,Ki,'=',300,nM,6.522878745
CHEMBL236961,394.5,COc1ccc(-c2sc3ccccc3c2C(=O)c2cccc3ccccc23)cc1,Ki,'=',300,nM,6.522878745
CHEMBL595452,358.51,CCCCCc1sc2ccccc2c1C(=O)c1cccc2ccccc12,Ki,'=',300,nM,6.522878745
CHEMBL575163,429.5,CC(C)(C)c1nc(N2CCC(F)(F)C2)c2nnn(Cc3ccccc3N=C=S)c2n1,Ki,'=',300,nM,6.522878745
CHEMBL3906874,310.44,CCCCCc1cc(O)c2c(c1)OC(C)(C)c1ccc(C)cc1-2,Ki,'=',300,nM,6.522878745
CHEMBL1214560,360.49,CCCCCc1cc(O)c2c(c1)OC(C)(C)C1=C2C(O)C(C)(OC)CC1,Ki,'=',300,nM,6.522878745
CHEMBL1086605,719.29,Cc1c(C(=O)NCCCCCCCCCCCNCCCCCCCCCCCN)nn(-c2ccc(Cl)cc2Cl)c1-c1ccc(Cl)cc1,Ki,'=',305,nM,6.515700161
CHEMBL39878,528,CN/C(=N\S(=O)(=O)N1CCC(C(F)(F)F)CC1)N1C[C@H](c2ccccc2)C(c2ccc(Cl)cc2)=N1,Ki,'=',305,nM,6.515700161
CHEMBL3116278,431.56,CCS(=O)(=O)n1c2c(c3cc(C(=O)N4CCOCC4)ccc31)CN(C1CCCC1)C2,Ki,'=',308,nM,6.511449283
CHEMBL4242177,453.67,CCCCCc1cc(OC)cc(OCCCCCCCCCCC(=O)Nc2ccccc2)c1,Ki,'=',308.9,nM,6.510182092
CHEMBL230356,377.48,CCCCC1(c2cc(O)c3cc(Cc4cccnc4)c(=O)oc3c2)CCCC1,Ki,'=',309.03,nM,6.509999358
CHEMBL122972,417.63,CCCCCc1cc(O)cc(OCCCCCCCCCCCC(=O)NC2CC2)c1,Ki,'=',310,nM,6.508638306
CHEMBL4227354,420.58,Cc1ccc(S(=O)(=O)N(Cc2ccc(N3CCCCC3)cc2)c2ccccc2)cc1,Ki,'=',310,nM,6.508638306
CHEMBL4249329,377.48,CCCCC1(c2cc(O)c3cc(Cc4cccnc4)c(=O)oc3c2)CCCC1,Ki,'=',310,nM,6.508638306
CHEMBL5822748,457.36,COc1ccc(C(NC(=O)Cc2ccc(Cl)cc2)NC(=O)Cc2ccc(Cl)cc2)cc1,Ki,'=',310,nM,6.508638306
CHEMBL4291156,494.71,CCCCCCC(C)(C)c1cc(O)cc(OCCCCCCCCCCC(=O)OCC(O)CO)c1,Ki,'=',310,nM,6.508638306
CHEMBL2348273,457.36,COc1ccc(C(NC(=O)Cc2ccc(Cl)cc2)NC(=O)Cc2ccc(Cl)cc2)cc1,Ki,'=',310,nM,6.508638306
CHEMBL2326279,431.37,Cc1c(C(=O)NC2CCCC2)nn(-c2ccc(Cl)cc2Cl)c1-n1c(C)ccc1C,Ki,'=',310,nM,6.508638306
CHEMBL2441457,484.96,Cc1cc(-c2cc(C(=O)NCCN3CCOCC3)c(=O)n(Cc3ccc(F)cc3)n2)ccc1Cl,Ki,'=',311,nM,6.507239611
CHEMBL3986903,398.33,Clc1cccc(-c2ccc(CN3CCO[C@@H](c4ccccc4)C3)cc2)c1Cl,Ki,'=',312,nM,6.505845406
CHEMBL3596755,463.8,Cc1c(C(=O)NN2CCCCC2)nn(-c2ccc(Cl)cc2Cl)c1-c1ccc(Cl)cc1,Ki,'=',313,nM,6.504455662
CHEMBL195958,416.52,CC(C)Oc1ccc(C(NC(=O)Cc2ccccc2)NC(=O)Cc2ccccc2)cc1,Ki,'=',313,nM,6.504455662
CHEMBL4542322,366.62,CSC(=S)N1CC(C)(C)CS/C1=N\c1ccccc1C(C)(C)C,Ki,'=',313,nM,6.504455662
CHEMBL4741155,416.52,CC(C)Oc1ccc(C(NC(=O)Cc2ccccc2)NC(=O)Cc2ccccc2)cc1,Ki,'=',313,nM,6.504455662
CHEMBL590766,463.8,Cc1c(C(=O)NN2CCCCC2)nn(-c2ccc(Cl)cc2Cl)c1-c1ccc(Cl)cc1,Ki,'=',313,nM,6.504455662
CHEMBL3774887,361.49,O=C(NC12CC3CC(CC(C3)C1)C2)c1cccc(OCc2ccccc2)c1,Ki,'=',313,nM,6.504455662
CHEMBL4566417,310.51,CSC(=S)N1CC(C)(C)CS/C1=N\c1ccccc1,Ki,'=',316,nM,6.500312917
CHEMBL3353435,344.41,COCCn1cc(C(=O)Nc2ccc3ccccc3c2)c2ccccc21,Ki,'=',316.23,nM,6.499996932
CHEMBL461921,461.44,Cc1ccc(C(c2ccc(Cl)cc2Cl)N2CCN(C(=O)NN3CCCCC3)CC2)cc1,Ki,'=',317,nM,6.498940738
CHEMBL4287330,501.44,CN/C(=N\S(=O)(=O)c1ccc(Cl)cc1)N1CCC(c2ccccc2)C(c2ccc(Cl)cc2)=N1,Ki,'=',318,nM,6.49757288
CHEMBL3775561,525.35,O=C(CCc1nnc(-c2ccc(Br)cc2F)o1)Nc1ccc2c(c1)c1ccccc1n2CCF,Ki,'=',318,nM,6.49757288
CHEMBL187771,376.44,O=S(=O)(NCC1CC1)c1ccc(NC2CCCCC2)cc1C(F)(F)F,Ki,'=',318,nM,6.49757288
CHEMBL247543,351.53,CCCCCCC(C)(C)c1ccc(-c2cc(C)cc(C)c2)c(C(N)=O)c1,Ki,'=',320,nM,6.494850022
CHEMBL5778954,281.4,O=C(C1C2CC3CC(C2)CC1C3)N1CCc2ccccc21,Ki,'=',320,nM,6.494850022
CHEMBL3421686,410.47,COc1cc(Nc2ccc(S(=O)(=O)NCC3CCCO3)cc2F)cc(OC)c1,Ki,'=',320,nM,6.494850022
CHEMBL2441449,413.51,N#Cc1ccccc1CSc1nnc2c3ccccc3n(C(=O)C3CCCC3)c2n1,Ki,'=',320,nM,6.494850022
CHEMBL259042,304.35,Cc1cccc(-c2c(O)cc(C(=O)c3ccccc3)cc2O)c1,Ki,'=',320,nM,6.494850022
CHEMBL3116293,438.35,O=C(NCc1cccnc1)c1ccc(Br)c(S(=O)(=O)N2CCCCC2)c1,Ki,'=',320,nM,6.494850022
CHEMBL4641118,474.42,O=C(NC1CCCCC1)N1CCN(C(c2ccccc2)c2ccc(Br)cc2F)CC1,Ki,'=',322,nM,6.492144128
CHEMBL5789679,460.47,COc1cc(Nc2ccc(S(=O)(=O)NCC3CCCO3)c(C(F)(F)F)c2)cc(OC)c1,Ki,'=',322,nM,6.492144128
CHEMBL89828,487.77,CCCCCCC(C)(C)c1cc(OC)cc(OCCCCCCCCCCC(=O)NCC2CC2)c1,Ki,'=',322.3,nM,6.491739694
CHEMBL1836188,509.89,CSc1c(C(=O)NN2CCCCCC2)nc(-c2ccc(Cl)cc2Cl)n1-c1ccc(Cl)cc1,Ki,'=',325,nM,6.488116639
CHEMBL598125,372.51,CCCCCCn1cc(C(=O)NC2CCCCC2)c(=O)c2c(C)nn(C)c21,Ki,'=',325,nM,6.488116639
CHEMBL609266,487.86,O=C(CC1CCCCC1)c1nn(-c2ccc(Cl)cc2Cl)c2c1CCCc1cc(Cl)ccc1-2,Ki,'=',325,nM,6.488116639
CHEMBL6009964,459.38,COc1ccc(-n2c(-c3ccc(Cl)cc3Cl)nc(C(=O)NN3CCCCC3)c2C)cc1,Ki,'=',326,nM,6.4867824
CHEMBL2441261,460.45,Cc1ccc(C(c2ccc(Cl)cc2Cl)N2CCN(C(=O)NC3CCCCC3)CC2)cc1,Ki,'=',329,nM,6.482804102
CHEMBL3353433,343.82,CCN1CCN(c2ncnc3oc(-c4ccccc4Cl)nc23)CC1,Ki,'=',329,nM,6.482804102
CHEMBL4229172,460.45,Cc1ccc(C(c2ccc(Cl)cc2Cl)N2CCN(C(=O)NC3CCCCC3)CC2)cc1,Ki,'=',329,nM,6.482804102
CHEMBL605128,521.86,CN/C(=N\S(=O)(=O)c1cccc(Cl)c1)C1=NN(c2ccc(Cl)cc2Cl)C(c2ccccc2)C1,Ki,'=',330,nM,6.48148606
CHEMBL427100,600.58,O=S(=O)(NC1CCCCC1)NC1CCN(c2ncnc3c2nc(-c2ccccc2Cl)n3-c2ccc(Cl)cc2)CC1,Ki,'=',330,nM,6.48148606
CHEMBL3914550,417.6,CCCCCNc1ccc(-c2cccnc2)cc1C(=O)NC12CC3CC(CC(C3)C1)C2,Ki,'=',330,nM,6.48148606
CHEMBL476317,439.53,COC1CN(c2ccc(C(=O)N[C@H](COCCF)CC(C)C)nc2OCC2COC2)C1,Ki,'=',331,nM,6.480172006
CHEMBL602857,454.57,CC1Oc2cccc3c(=O)c(C(=O)NC45CC6CC(CC(C6)C4)C5)cn(c23)C1c1ccccc1,Ki,'=',332,nM,6.478861916
CHEMBL591542,454.61,CC12CC3CC(C)(C1)CC(NC(=O)c1cn(CCc4ccccc4)c4ccccc4c1=O)(C3)C2,Ki,'=',333,nM,6.477555766
CHEMBL418721,421.34,O=C1/C(=C/c2cn(Cc3ccccc3Br)c3ccccc23)N2CCC1CC2,Ki,'=',333,nM,6.477555766
CHEMBL3798087,587.09,CS/C(N)=N/C(=N/S(=O)(=O)N1CCC(C(F)(F)F)CC1)N1C[C@H](c2ccccc2)C(c2ccc(Cl)cc2)=N1,Ki,'=',334,nM,6.476253533
CHEMBL228508,330.47,CCCCCc1cc(O)c2c(c1)OC(C)(C)[C@@H]1CC[C@@]3(C)O[C@H]3[C@@H]21,Ki,'=',335,nM,6.474955193
CHEMBL180920,449.54,COc1c(Cc2ccc(F)cc2)cc(-c2ccc(F)cc2)cc1C(=O)N[C@H]1CC[C@@H](C)CC1,Ki,'=',337,nM,6.472370099
CHEMBL3916509,425.57,CC1(C)Oc2cc([C@]34CC5CC(C[C@@](C(N)=O)(C5)C3)C4)cc(O)c2[C@@H]2C[C@H](O)CC[C@H]21,Ki,'=',337,nM,6.472370099
CHEMBL5784790,361.45,CN(C)CCn1c(=O)n(C(=O)N[C@H](C(N)=O)C(C)(C)C)c2ccccc21,Ki,'=',338,nM,6.4710833
CHEMBL2387536,468.64,CCCCCn1c(-c2ccccc2)c(C(=O)NC23CC4CC(CC(C4)C2)C3)c(=O)c2ccccc21,Ki,'=',338,nM,6.4710833
CHEMBL4450138,380.53,CC1(C)Oc2cc(C34CC5CC(CC(C5)C3)C4)cc(O)c2[C@@H]2CC(=O)CC[C@H]21,Ki,'=',338,nM,6.4710833
CHEMBL1631160,390.52,COc1ccc2c(c1)-c1c(O)cc(C34CC5CC(CC(C5)C3)C4)cc1OC2(C)C,Ki,'=',338,nM,6.4710833
CHEMBL3986276,492.66,CCCCCn1cc(C(=O)NC23CC4CC(CC(C4)C2)C3)c(=O)c2cc(C#Cc3ccccc3)ccc21,Ki,'=',338.84,nM,6.470005327
CHEMBL236972,439.38,CC(C)CNC(=O)c1ccc(Br)c(S(=O)(=O)N(C)Cc2ccccc2)c1,Ki,'=',340,nM,6.468521083
CHEMBL3926929,396.51,CCCCCn1cc(C(=O)NOC)c(=O)c2ccc(Sc3ccccc3)cc21,Ki,'=',340,nM,6.468521083
CHEMBL2179765,337.55,CCCCCCCC/C=C\CCCCCCCC(=O)N[C@@H]1C[C@@H]1O,Ki,'=',340,nM,6.468521083
CHEMBL604329,364.53,CCCCCCC(C)(C)c1cc(OC)c(C2(O)CCOCC2)c(OC)c1,Ki,'=',342,nM,6.465973894
CHEMBL3942971,312.41,CCCCn1c(C)c(C)cc(NC(=O)c2cccc(C)c2)c1=O,Ki,'=',343,nM,6.46470588
CHEMBL3323698,492.66,CCCCCn1cc(C(=O)NC23CC4CC(CC(C4)C2)C3)c(=O)c2cc(C#Cc3ccccc3)ccc21,Ki,'=',343,nM,6.46470588
CHEMBL3109759,461.09,Cc1ccc(Cn2cc(CN[C@@H]3C(C)(C)C4CC[C@@]3(C)C4)cc2-c2ccc(Cl)c(C)c2)cc1,Ki,'=',343,nM,6.46470588
CHEMBL470602,487.09,Cc1ccc(Cn2cc(C(=O)N[C@@H]3C(C)(C)C4CC[C@@]3(C)C4)c3c2-c2ccc(Cl)c(C)c2C3)cc1,Ki,'=',343,nM,6.46470588
CHEMBL3759222,375.51,COc1cccc(C(=O)NC23CC4CC(CC(C4)C2)C3)c1Cc1ccccc1,Ki,'=',343.5,nM,6.464073259
CHEMBL2180209,507.39,Cn1c(=O)c2c(nc(NCCc3c[nH]c4ccccc34)n2Cc2cccc(Br)c2)n(C)c1=O,Ki,'=',344,nM,6.463441557
CHEMBL235698,399.6,CCCCCn1c(=O)sc2cc(C(OC)C34CC5CC(CC(C5)C3)C4)ccc21,Ki,'=',344,nM,6.463441557
CHEMBL2064058,454.47,O=C(Nc1sc2c(c1C(=O)N1CCCCC1)CCOC2)c1ccccc1OC(F)(F)F,Ki,'=',347,nM,6.459670525
CHEMBL3221202,362.47,CCCCn1c(CC)c(C)cc(C(=O)NC2(C(=O)O)CCCCC2)c1=O,Ki,'=',348,nM,6.458420756
CHEMBL2387539,453.51,CCC(CC)(NC(=O)c1ccc(N2CCCC2)c(OCC2(CO)COC2)n1)C(=O)OCF,Ki,'=',348,nM,6.458420756
CHEMBL5563881,402.54,CC(C)(NC(=O)c1cc2c(n(CC3CCCCC3)c1=O)CCCCCC2)C(=O)O,Ki,'=',349,nM,6.457174573
CHEMBL5803028,402.54,CC(C)(NC(=O)c1cc2c(n(CC3CCCCC3)c1=O)CCCCCC2)C(=O)O,Ki,'=',349,nM,6.457174573
CHEMBL590481,402.54,CC(C)(NC(=O)c1cc2c(n(CC3CCCCC3)c1=O)CCCCCC2)C(=O)O,Ki,'=',349,nM,6.457174573
CHEMBL600064,476.84,Cc1c(C(=O)NC2CCCCCC2)nc(-c2ccc(Cl)cc2Cl)n1-c1ccc(Cl)cc1,Ki,'=',349,nM,6.457174573
CHEMBL3781085,402.54,CC(C)(NC(=O)c1cc2c(n(CC3CCCCC3)c1=O)CCCCCC2)C(=O)O,Ki,'=',349,nM,6.457174573
CHEMBL558598,402.54,CC(C)(NC(=O)c1cc2c(n(CC3CCCCC3)c1=O)CCCCCC2)C(=O)O,Ki,'=',349.14,nM,6.457000392
CHEMBL1836121,369.51,COCCOC1CCN(C(=O)C23CC4CC(CC(C4)C2)C3)c2ccccc21,Ki,'=',350,nM,6.455931956
CHEMBL4470914,655.11,O=S(=O)(c1ccccc1F)c1cc(Cl)ccc1S(=O)(=O)N1CCC(CNS(=O)(=O)C(F)(F)F)(c2ccccc2)CC1,Ki,'=',350,nM,6.455931956
CHEMBL248517,417.63,CCCCCCc1ccc(OCCCCCCCCCCC(=O)NC2CC2)cc1O,Ki,'=',350,nM,6.455931956
CHEMBL489834,370.88,CCCCCc1cc(OC)c2cc(Cc3cccc(Cl)c3)c(=O)oc2c1,Ki,'=',350,nM,6.455931956
CHEMBL3605034,329.79,CN1CCN(c2ncnc3oc(-c4ccccc4Cl)nc23)CC1,Ki,'=',350,nM,6.455931956
CHEMBL369072,502.66,CCCCCn1cc(C(=O)NC23CC4CC(CC(C4)C2)C3)c(=O)n2nc(C)c(-c3ccc(OC)cc3)c12,Ki,'=',350,nM,6.455931956
CHEMBL3116298,385.46,CC(C)(OC(=O)c1ccc(C2CCCC2)c(OCC2CC2)n1)c1cc(N)on1,Ki,'=',351.9,nM,6.453580733
CHEMBL3935866,379.54,CCCCc1cc(-c2ccccc2)cc(C(=O)NC2CCCCCC2)c1OC,Ki,'=',352,nM,6.453457337
CHEMBL3904520,436.6,CCOc1ccc(CNc2nc3cc(C(=O)N(CC)CC)ccc3n2CCC(C)C)cc1,Ki,'=',353.4,nM,6.451733455
CHEMBL330030,426.9,COc1ccc2c(c1)c(CC(=O)N1CCOCC1)c(C)n2C(=O)c1cccc(Cl)c1,Ki,'=',354,nM,6.450996738
CHEMBL196989,446.42,O=C(NC1CCCCC1)N1CCN(C(c2ccccc2)c2ccc(Cl)c(Cl)c2)CC1,Ki,'=',356,nM,6.448550002
CHEMBL2441254,448.78,Cc1c(C(=O)NC2CCCC2)nc(-c2ccc(Cl)cc2Cl)n1-c1ccc(Cl)cc1,Ki,'=',357,nM,6.447331784
CHEMBL483143,376.48,COc1ccc(Nc2ccc(S(=O)(=O)NCC3CC3)c(C)c2)c(OC)c1,Ki,'=',357.2,nM,6.44708855
CHEMBL3965133,554.48,C#Cc1cccc(C2(C(F)(F)F)N=N2)c1Cn1nc2nc(C(F)(F)c3ccccc3)nc(N3CC[C@H](O)C3)c2n1,Ki,'=',358,nM,6.446116973
CHEMBL4764314,352.44,CCCCCn1cc(C(=O)NCc2ccccc2)c(=O)n2nc(C)cc12,Ki,'=',358,nM,6.446116973
CHEMBL250966,437.36,O=C(NCc1ccccc1)c1ccc(Br)c(S(=O)(=O)N2CCCCC2)c1,Ki,'=',360,nM,6.443697499
CHEMBL228403,431.48,COC(=O)CCC(=O)n1c2ccccc2c2nnc(SCc3ccccc3C#N)nc21,Ki,'=',360,nM,6.443697499
CHEMBL3221201,394.47,CCOCCn1cc(C(=O)NCCc2ccccc2)c(=O)c2cccc(OC)c21,Ki,'=',360,nM,6.443697499
CHEMBL2180217,390.41,CC(C)(C)c1nc(N2CCC(F)(F)C2)c2nn(Cc3ccccc3F)nc2n1,Ki,'=',361,nM,6.442492798
CHEMBL3943613,362.45,COc1cc(Nc2ccc(S(=O)(=O)NCC3CC3)cc2)cc(OC)c1,Ki,'=',363,nM,6.440093375
CHEMBL4295181,452.64,CCCCCn1cc(C(=O)NC23CC4CC(CC(C4)C2)C3)c(=O)c2c(C(C)(C)C)nn(C)c21,Ki,'=',363,nM,6.440093375
CHEMBL236962,414.59,CCCCCCC(C)(C)c1cc(OCCCO)c2c(c1)OC(C)(C)c1cn(C)nc1-2,Ki,'=',364,nM,6.438898616
CHEMBL1923774,323.41,CCCCCn1cc(C(=O)Cc2ccc(F)cc2)c2ccccc21,Ki,'=',365,nM,6.437707136
CHEMBL236156,410.6,CC1(C)Oc2cc(C34CC5CC(CC(C5)C3)C4)cc(O)c2[C@@H]2C[C@@H](CCO)CC[C@H]21,Ki,'=',365.3,nM,6.437350328
CHEMBL4448698,428.53,CCCCCCCNC(=O)c1nn(-c2ccc(F)cc2F)c(-n2c(C)ccc2C)c1C,Ki,'=',365.5,nM,6.437112619
CHEMBL2177252,386.54,CCCCCCC(C)(C)c1cc(O)c2c(c1)OC(C)(C)c1cnn(CCO)c1-2,Ki,'=',366,nM,6.436518915
CHEMBL5555055,523.36,O=C(CCc1nc(-c2ccc(F)cc2Br)no1)Nc1ccc2c(c1)c1ccccc1n2CCO,Ki,'=',367,nM,6.435333936
CHEMBL3940055,501.91,O=S(=O)(NC1CCCCC1)[C@@H]1CC[C@@H](c2ccc(Cl)cc2Cl)N(c2ccc(Cl)cc2)C1,Ki,'=',368,nM,6.434152181
CHEMBL237895,465.85,O=C(NC1CCCCC1)[C@@H]1CC[C@@H](c2ccc(Cl)cc2Cl)N(c2ccc(Cl)cc2)C1,Ki,'=',368,nM,6.434152181
CHEMBL4241237,292.5,CCCC[Si](C)(C)c1cc(O)c(C2CCCC2)c(O)c1,Ki,'=',368.22,nM,6.433892626
CHEMBL4225661,394.52,CCCCOc1ccccc1-c1cc(C(=O)NC23CC4CC(CC(C4)C2)C3)no1,Ki,'=',369,nM,6.432973634
CHEMBL3613109,394.52,CCCCOc1ccccc1-c1cc(C(=O)NC23CC4CC(CC(C4)C2)C3)no1,Ki,'=',369,nM,6.432973634
CHEMBL2180205,414.55,CCCCCn1cc(C(=O)N[C@H]2CCCc3ccccc32)c(=O)cc1-c1ccccc1,Ki,'=',369,nM,6.432973634
CHEMBL3605041,427.54,CC1(C)Oc2cc(C34CC5CC(CC(C(N)=O)(C5)O3)C4)cc(O)c2[C@@H]2C[C@H](O)CC[C@H]21,Ki,'=',369,nM,6.432973634
CHEMBL597908,334.51,CCCCCn1c2ccccc2c2cc(CN3CCCCC3)ccc21,Ki,'=',370,nM,6.431798276
CHEMBL3916420,401.26,CCCCn1c(Cc2ccc(Cl)c(Cl)c2)nc2cc(C(F)(F)F)ccc21,Ki,'=',370,nM,6.431798276
CHEMBL3758884,384.48,CCCCCn1cc(C(=O)Nc2cccc3ccccc23)c(=O)c2ccccc21,Ki,'=',371,nM,6.43062609
CHEMBL410728,509.89,CSc1c(C(=O)NN2CCCCCC2)nn(-c2ccc(Cl)cc2Cl)c1-c1ccc(Cl)cc1,Ki,'=',371,nM,6.43062609
CHEMBL327822,389.41,CSC(=S)N1CC(C)(C)CS/C1=N\c1ccccc1Br,Ki,'=',371,nM,6.43062609
CHEMBL428693,347.54,CCCCC/C=C\C/C=C\C/C=C\C/C=C\CCCC(=O)NCCO,Ki,'=',371,nM,6.43062609
CHEMBL4578199,334.46,C=C(C)C1CCC(C)=C[C@H]1c1c(O)cc(-c2ccc(C)cc2)cc1O,Ki,'=',371.54,nM,6.429994423
CHEMBL410496,314.47,C=C(C)[C@@H]1CCC(C)=C[C@H]1c1c(O)cc(CCCCC)cc1O,Ki,'=',372,nM,6.42945706
CHEMBL2177256,372.51,CCCCCn1cc(C(=O)NCC2CCCCC2)c(=O)c2c(C)nn(C)c21,Ki,'=',372,nM,6.42945706
CHEMBL3798374,589.44,COc1cc(CNC(=O)c2nn(-c3ccc(F)cc3F)c(-n3c(C)ccc3C)c2C)c(Br)c(OC)c1OC,Ki,'=',373,nM,6.428291168
CHEMBL3948197,403.47,O=S(=O)(NCC1CC1)c1ccc(NC2CN3CCC2CC3)cc1C(F)(F)F,Ki,'=',373,nM,6.428291168
CHEMBL2387534,334.46,C=C(C)C1CCC(C)=C[C@H]1c1c(O)cc(-c2ccc(C)cc2)cc1O,Ki,'=',374.4,nM,6.42666416
CHEMBL2111564,342.44,CCOC(=O)C(C)(C)c1cc(O)c(-c2cc(C)cc(C)c2)c(OC)c1,Ki,'=',375,nM,6.425968732
CHEMBL602049,471.43,Cc1c(C(=O)NC2CCCCC2)nn(-c2ccc(Cl)cc2Cl)c1-n1cc2c(c1)CCCC2,Ki,'=',376.4,nM,6.424350385
CHEMBL482985,376.5,C=CCn1cc(CC(=O)NC2CCCCCC2)c2cc(-c3ccco3)ccc21,Ki,'=',377,nM,6.42365865
CHEMBL484506,442.49,Cc1ccc(-c2noc(CCC(=O)Nc3ccc4c(c3)c3ccccc3n4CCF)n2)cc1,Ki,'=',377,nM,6.42365865
CHEMBL3797904,513.68,CC(C)(NC(=O)c1cc2c(n(CC3CCCCC3)c1=O)CCCCCC2)C(=O)N1CCC(C(=O)O)CC1,Ki,'=',377,nM,6.42365865
CHEMBL3759440,718.01,CCCCC/C=C\C/C=C\C/C=C\C/C=C\CCCC(=O)OC(CO)COC(=O)CCCCCNC(=O)CCCC[C@@H]1SC[C@@H]2NC(=O)N[C@@H]21,Ki,'=',379,nM,6.42136079
CHEMBL3943735,466.7,CCCCCCC(C)(C)c1cc(O)cc(OCCCCCCCCCCOC(CO)CO)c1,Ki,'=',380,nM,6.420216403
CHEMBL2160219,505.48,N#Cc1ccccc1CSc1nnc2c3ccccc3n(C(=O)c3ccc(OC(F)(F)F)cc3)c2n1,Ki,'=',380,nM,6.420216403
CHEMBL1834277,337.55,CCCCCCC(C)(C)c1ccc(-c2cc(C)cc(C)c2)c(CN)c1,Ki,'=',380,nM,6.420216403
CHEMBL1631296,337.55,CCCCCCCC/C=C\CCCCCCCC(=O)N[C@@H]1C[C@H]1O,Ki,'=',380,nM,6.420216403
CHEMBL1923761,441.37,CCCCn1c(CCC)c(Br)cc(C(=O)NC2(C(=O)O)CCCCC2)c1=O,Ki,'=',382,nM,6.417936637
CHEMBL4744663,388.93,CC(C)(C)c1nc(N2CC(S)C2)c2nnn(Cc3ccccc3Cl)c2n1,Ki,'=',383,nM,6.416801226
CHEMBL3116301,397.52,CCCCCn1cc(C(=O)NC23CC4CC(CC(C4)C2)C3)c(=O)n2nc(C)nc12,Ki,'=',383,nM,6.416801226
CHEMBL1214374,419.36,CCCCCCNC(=O)c1nn(-c2ccc(Cl)cc2Cl)c(-n2cccc2)c1C,Ki,'=',383.3,nM,6.416461181
CHEMBL568146,433.6,CCOc1ccc(Cc2nc3cc(C(=O)N4CCCCC4)ccc3n2CCC(C)C)cc1,Ki,'=',384.5,nM,6.415103656
CHEMBL1923760,423.99,Cc1ccc(CC2CN(C(=O)NC3CCCCC3)N=C2c2ccc(Cl)c(C)c2)cc1,Ki,'=',385,nM,6.41453927
CHEMBL3093384,323.48,CCCCCc1cc(C#N)c2c(c1)OC(C)(C)[C@@H]1CCC(C)=C[C@@H]21,Ki,'=',387,nM,6.412289035
CHEMBL228456,285.39,COc1ccccc1C(=O)NC12CC3CC(CC(C3)C1)C2,Ki,'=',387.4,nM,6.411840384
CHEMBL478643,365.51,CCCCCc1cc(O)cc(OCCCCCCCC(=O)NCCO)c1,Ki,'=',390,nM,6.408935393
CHEMBL3758338,461.3,Cc1c(C(=O)NCc2ccc(Cl)c(Cl)c2)nn(-c2ccc(F)cc2F)c1-n1cccc1,Ki,'=',390,nM,6.408935393
CHEMBL3221197,479.84,Cc1c(C(=O)NC2CCCCC2)nn(-c2c(Cl)cc(Cl)cc2Cl)c1-n1c(C)ccc1C,Ki,'=',390,nM,6.408935393
CHEMBL1088220,312.41,CCCCn1c(C)c(C)cc(NC(=O)c2ccccc2C)c1=O,Ki,'=',390,nM,6.408935393
CHEMBL3114170,396.92,Cc1c(C(=O)NCC2CCCCC2)nn(-c2ccc(Cl)cc2)c1-n1cccc1,Ki,'=',390,nM,6.408935393
CHEMBL4752997,354.47,Cc1ccc(C(=O)NCC(C)(C)C)cc1S(=O)(=O)N1CCOCC1,Ki,'=',390,nM,6.408935393
CHEMBL589093,491.48,CCN(CC)c1ccc(CN(Cc2ccc(Cl)c(Cl)c2)S(=O)(=O)c2ccc(C)cc2)cc1,Ki,'=',390,nM,6.408935393
CHEMBL590346,332.83,CCCCn1c(C)c(C)cc(NC(=O)c2ccccc2Cl)c1=O,Ki,'=',391,nM,6.407823243
CHEMBL3323699,350.46,CCCCCc1cc(OC)c2cc(Cc3cccc(C)c3)c(=O)oc2c1,Ki,'=',392,nM,6.406713933
CHEMBL3900276,379.4,O=S(=O)(NCC1CC1)c1ccc(NN2CCOCC2)cc1C(F)(F)F,Ki,'=',393,nM,6.40560745
CHEMBL1088729,369.3,CCCCOc1ncc(Br)cc1C(=O)NC1CCCCCC1,Ki,'=',396,nM,6.402304814
CHEMBL364300,320.55,CCCC[Si](C)(C)c1cc(O)c(C2CCCCC2)c(OC)c1,Ki,'=',396.21,nM,6.402074567
CHEMBL3930296,371.82,COC(=O)Cc1c(C)n(C(=O)c2ccccc2Cl)c2ccc(OC)cc12,Ki,'=',397,nM,6.401209493
CHEMBL3321780,450.32,O=C(NC1CCCCCC1)c1cccn(Cc2cccc(I)c2)c1=O,Ki,'=',397,nM,6.401209493
CHEMBL1765683,511.86,C[S+]([O-])c1c(C(=O)NN2CCCCC2)nn(-c2ccc(Cl)cc2Cl)c1-c1ccc(Cl)cc1,Ki,'=',398,nM,6.400116928
CHEMBL461737,377.53,CCCCCn1c2ccccc2c2cc(C(=O)CN3CCN(C)CC3)ccc21,Ki,'=',398,nM,6.400116928
CHEMBL3905573,356.47,CCCCCCC(C)(C)C1=CC2=C(C(=O)C1=O)c1[nH]ncc1C(C)(C)O2,Ki,'=',398,nM,6.400116928
CHEMBL3984372,463.8,Cc1c(C(=O)NN2CCCCC2)nn(-c2ccc(Cl)cc2Cl)c1-c1ccc(Cl)cc1,Ki,'=',398.11,nM,6.399996913
CHEMBL204403,420.35,CCCCCn1cc(C(=O)NN2CCCCC2)c(=O)c2cc(Br)ccc21,Ki,'=',400,nM,6.397940009
CHEMBL496091,409.45,O=[N+]([O-])c1ccc2c(c1)c(OCc1ccc3ccccc3c1)nn2Cc1ccccc1,Ki,'=',400,nM,6.397940009
CHEMBL4445108,432.56,C=CCn1cc(CC(=O)NC2CCCCC2)c2cc(OCc3cccc(OC)c3)ccc21,Ki,'=',400,nM,6.397940009
CHEMBL4086412,359.38,O=[N+]([O-])c1ccc2c(c1)c(OCc1ccccc1)nn2Cc1ccccc1,Ki,'=',400,nM,6.397940009
CHEMBL2441262,328.42,CCCCc1nc2ccccc2n1C(=O)c1cccc2ccccc12,Ki,'=',400,nM,6.397940009
CHEMBL3759785,397.6,CCCCC/C=C\C/C=C\C/C=C\C/C=C\CCCC(=O)NCCc1ccoc1,Ki,'=',400,nM,6.397940009
CHEMBL1270662,509.44,CCCCC(=O)N1CCN(c2ncnc3c2nc(-c2ccccc2Cl)n3-c2ccc(Cl)cc2)CC1,Ki,'=',400,nM,6.397940009
CHEMBL2177260,403.34,CC(C)(C)CNC(=O)c1ccc(Br)c(S(=O)(=O)N2CCCC2)c1,Ki,'=',400,nM,6.397940009
CHEMBL575164,632.04,O=S(=O)(NC1CCN(c2ncnc3c2nc(-c2ccccc2Cl)n3-c2ccc(C(F)(F)F)nc2)CC1)c1ccccc1F,Ki,'=',400,nM,6.397940009
CHEMBL1631166,550.49,O=C(NC1CCN(c2ncnc3c2nc(-c2ccccc2Cl)n3-c2ccc(Cl)cc2)CC1)N1CCCCC1,Ki,'=',400,nM,6.397940009
CHEMBL5903696,409.45,O=[N+]([O-])c1ccc2c(c1)c(OCc1ccc3ccccc3c1)nn2Cc1ccccc1,Ki,'=',400,nM,6.397940009
CHEMBL4294653,359.38,O=[N+]([O-])c1ccc2c(c1)c(OCc1ccccc1)nn2Cc1ccccc1,Ki,'=',400,nM,6.397940009
CHEMBL251003,371.48,c1ccc2c(COc3nn(CCN4CCCC4)c4ccccc34)cccc2c1,Ki,'=',400,nM,6.397940009
CHEMBL178799,354.45,O=C(c1cccc2ccccc12)n1c(C2CCCCC2)nc2ccccc21,Ki,'=',400,nM,6.397940009
CHEMBL1991218,363.51,CN(C)CCCn1c2ccccc2c2cc(C(=O)N3CCCCC3)ccc21,Ki,'=',403,nM,6.394694954
CHEMBL3116286,541.48,CO/N=C(\c1ccc([C@H](C)NS(C)(=O)=O)cc1)c1ccc(Cl)cc1S(=O)(=O)c1ccc(Cl)cc1,Ki,'=',406,nM,6.391473966
CHEMBL3116300,480.87,O=C(NC1CCCCC1)N1CCN(C(c2cccc(Cl)c2)c2ccc(Cl)cc2Cl)CC1,Ki,'=',407,nM,6.390405591
CHEMBL599772,446.45,COc1cc(Nc2ccc(S(=O)(=O)N3CCOCC3)c(C(F)(F)F)c2)cc(OC)c1,Ki,'=',407,nM,6.390405591
CHEMBL475500,434.52,CCCN(CC1CC1)c1ccc(S(=O)(=O)NCC2CCOCC2)c(C(F)(F)F)c1,Ki,'=',407,nM,6.390405591
CHEMBL4248870,473.45,CCc1ccc(CC)n1-c1c(C)c(C(=O)NC2CCCCC2)nn1-c1ccc(Cl)c(Cl)c1,Ki,'=',409.6,nM,6.387640052
CHEMBL5411459,403.34,CC(C)CNC(=O)c1ccc(Br)c(S(=O)(=O)N2CCCCC2)c1,Ki,'=',410,nM,6.387216143
CHEMBL4457335,441.57,CCCCCCCNc1ccc(C(=O)c2c(-c3ccc(OC)cc3)oc3ccccc23)cc1,Ki,'=',410,nM,6.387216143
CHEMBL4289543,382.53,CCC(C)(C)C(=O)Nc1cc(S(=O)(=O)N2CCOCC2)c(C)c(C)c1C,Ki,'=',410,nM,6.387216143
CHEMBL1288209,512.44,CC(NS(C)(=O)=O)c1ccc(C(=O)c2ccc(Cl)cc2S(=O)(=O)c2ccc(Cl)cc2)cc1,Ki,'=',410,nM,6.387216143
CHEMBL602856,410.47,COc1cc(Nc2ccc(S(=O)(=O)NCC3CCCO3)c(F)c2)cc(OC)c1,Ki,'=',411,nM,6.386158178
CHEMBL469340,328.41,CCCCCOc1ccccc1-c1cc(C(=O)NC2CCC2)no1,Ki,'=',412,nM,6.385102784
CHEMBL4585014,454.57,Cc1ccc(C2COc3cccc4c(=O)c(C(=O)NC56CC7CC(CC(C7)C5)C6)cn2c34)cc1,Ki,'=',412,nM,6.385102784
CHEMBL3582011,330.43,CCCn1cc(C(=O)NC2CCCCC2)c(=O)c2c(C)nn(C)c21,Ki,'=',412,nM,6.385102784
CHEMBL4581847,328.41,CCCCCOc1ccccc1-c1cc(C(=O)NC2CCC2)no1,Ki,'=',412,nM,6.385102784
CHEMBL593622,404.55,CCn1cc(C(=O)NC(C)C23CC4CC(CC(C4)C2)C3)c(=O)cc1-c1ccccc1,Ki,'=',414,nM,6.382999659
CHEMBL3109744,452.39,O=C(c1nn(-c2ccc(Cl)cc2Cl)c2c1Cc1cc(C3CC3)ccc1-2)N1CCCCC1,Ki,'=',414,nM,6.382999659
CHEMBL248136,433.88,CC(C)(NS(=O)(=O)c1ccc(Nc2cccnc2Cl)cc1C(F)(F)F)C1CC1,Ki,'=',414.4,nM,6.382580253
CHEMBL3353425,478.57,CC(C)(Cc1nnc(-c2ccc(F)cc2)o1)NC(=O)c1ccc(C2CCCC2)c(OCC2CC2)n1,Ki,'=',416.1,nM,6.380802284
CHEMBL4226777,663.18,Cc1c(C(=O)NCCCCCCCCCNCCCCCCCCCN)nn(-c2ccc(Cl)cc2Cl)c1-c1ccc(Cl)cc1,Ki,'=',419,nM,6.377785977
CHEMBL388393,599.47,O=S(=O)(CCC(F)(F)F)NC1CCN(c2ncnc3c2nc(-c2ccccc2Cl)n3-c2ccc(Cl)cc2)CC1,Ki,'=',420,nM,6.37675071
CHEMBL2030740,435.96,CCCn1c(C)c(C(=O)c2cc(NC(=O)CN)cc3ccccc23)c2ccccc21.Cl,Ki,'=',420,nM,6.37675071
CHEMBL223223,421.62,CCCCCCc1ccc(O)cc1OCCCCCCCCCCC(=O)NCCO,Ki,'=',420,nM,6.37675071
CHEMBL2019085,558.01,CCCCC(=O)NC1CCN(c2ncnc3c2nc(-c2ccccc2Cl)n3-c2ccc(C(F)(F)F)nc2)CC1,Ki,'=',420,nM,6.37675071
CHEMBL1076884,419.49,CCOc1ccc(Cc2nc3cc(C(F)(F)F)ccc3n2CCN(CC)CC)cc1,Ki,'=',420,nM,6.37675071
CHEMBL4461183,478.5,C#Cc1cccc(S(=O)(=O)F)c1Cn1nc2nc(C(C)(C)C)nc(N3CCC(F)(F)C3)c2n1,Ki,'=',421,nM,6.375717904
CHEMBL61038,335.45,CC1(Cc2ccccc2)COc2cc(C(=O)N3CCCCC3)ccc21,Ki,'=',422,nM,6.374687549
CHEMBL4593144,335.45,CC1(Cc2ccccc2)COc2cc(C(=O)N3CCCCC3)ccc21,Ki,'=',422,nM,6.374687549
CHEMBL3586111,335.45,CC1(Cc2ccccc2)COc2cc(C(=O)N3CCCCC3)ccc21,Ki,'=',422,nM,6.374687549
CHEMBL470618,733.31,Cc1c(C(=O)NCCCCCCCCCCCN(C)CCCCCCCCCCCN)nn(-c2ccc(Cl)cc2Cl)c1-c1ccc(Cl)cc1,Ki,'=',426,nM,6.370590401
CHEMBL2441461,406.48,CCCCCn1cc(C(=O)NCCc2ccc3c(c2)OCO3)c(=O)c2ccccc21,Ki,'=',426,nM,6.370590401
CHEMBL1765673,500.66,CCCCCc1cc2c(c(OS(=O)(=O)c3ccc(C)cc3)c1)[C@H]1[C@@H](CC=C(C)[C@@H]1OO)C(C)(C)O2,Ki,'=',426,nM,6.370590401
CHEMBL271988,511.41,CCOC(=O)NC1CCN(c2ncnc3c2nc(-c2ccccc2Cl)n3-c2ccc(Cl)cc2)CC1,Ki,'=',426,nM,6.370590401
CHEMBL5209051,470.62,CCN(CC)C(=O)c1ccc2c(c1)nc(Nc1ccc(Oc3ccccc3)cc1)n2CCC(C)C,Ki,'=',426,nM,6.370590401
CHEMBL597105,470.62,CCN(CC)C(=O)c1ccc2c(c1)nc(Nc1ccc(Oc3ccccc3)cc1)n2CCC(C)C,Ki,'=',426,nM,6.370590401
CHEMBL327587,511.41,CCOC(=O)NC1CCN(c2ncnc3c2nc(-c2ccccc2Cl)n3-c2ccc(Cl)cc2)CC1,Ki,'=',426,nM,6.370590401
CHEMBL2177262,399.48,Cc1nonc1Cn1nnc2c(N3CCC(N=C=S)C3)nc(C(C)(C)C)nc21,Ki,'=',426,nM,6.370590401
CHEMBL2030739,334.49,CCOC(=O)N1CC(C)(C)CS/C1=N\c1ccccc1C(C)C,Ki,'=',428,nM,6.368556231
CHEMBL4443830,498.67,CCCCCn1cc(C(=O)NC23CC4CC(CC(C4)C2)C3)c(=O)c2cc(-c3ccccc3)cc(OC)c21,Ki,'=',430,nM,6.366531544
CHEMBL2179761,515.45,Clc1ccc(-n2c(-c3ccccc3Cl)nc3c(N4CCN(Cc5ccccc5)CC4)ncnc32)cc1,Ki,'=',430,nM,6.366531544
CHEMBL3942523,453.4,CN(Cc1ccccc1)S(=O)(=O)c1cc(C(=O)NCC(C)(C)C)ccc1Br,Ki,'=',430,nM,6.366531544
CHEMBL2030756,477.82,CCc1c(C(=O)NN2CCCCC2)nc(-c2ccc(Cl)cc2Cl)n1-c1ccc(Cl)cc1,Ki,'=',430,nM,6.366531544
CHEMBL1257246,477.82,CCc1c(C(=O)NN2CCCCC2)nc(-c2ccc(Cl)cc2Cl)n1-c1ccc(Cl)cc1,Ki,'=',430,nM,6.366531544
CHEMBL1288239,559.61,COc1ccc(-c2oc3ccccc3c2C(=O)c2ccc(N(Cc3ccc(F)cc3)Cc3ccc(F)cc3)cc2)cc1,Ki,'=',430,nM,6.366531544
CHEMBL4437352,446.42,O=C(NC1CCCCC1)N1CCN(C(c2ccccc2)c2ccc(Cl)cc2Cl)CC1,Ki,'=',432,nM,6.364516253
CHEMBL1834008,362.47,CCCCOC(=O)Cc1cc(O)c2c(c1)OC(C)(C)[C@@H]1CC[C@@H](O)C[C@@H]21,Ki,'=',432,nM,6.364516253
CHEMBL251163,368.56,CCCCCCC(C)(C)c1cc(OC)c(-c2cc(C)cc(C)c2)c(OC)c1,Ki,'=',433,nM,6.363512104
CHEMBL4249248,426.9,COc1ccc2c(c1)c(CC(=O)N1CCOCC1)c(C)n2C(=O)c1ccc(Cl)cc1,Ki,'=',435,nM,6.361510743
CHEMBL230800,497.41,O=C(NC1CCCCCC1)c1c(-c2ccccc2)c(Br)cn(Cc2ccc(F)cc2)c1=O,Ki,'=',437,nM,6.359518563
CHEMBL478625,412.6,CCCCCn1c(=O)sc2cc(/C(=N\OC)C34CC5CC(CC(C5)C3)C4)ccc21,Ki,'=',438,nM,6.358525889
CHEMBL4463013,446.45,COc1cc(Nc2ccc(S(=O)(=O)NCC3CC3)c(OC(F)(F)F)c2)cc(OC)c1,Ki,'=',438,nM,6.358525889
CHEMBL389175,274.32,c1ccc2c(COc3n[nH]c4ccccc34)cccc2c1,Ki,'=',440,nM,6.356547324
CHEMBL4225409,344.5,Cc1cc(C)c(NC(=O)C2CCCCC2C)cc1CN1CCOCC1,Ki,'=',440,nM,6.356547324
CHEMBL2326035,428.62,CCCCCCC(C)(C)c1cc(OCCCO)c2c(c1)OC(C)(C)c1cnn(CC)c1-2,Ki,'=',440,nM,6.356547324
CHEMBL412071,506.66,CCCCCCC(C)(C)c1cc2c(c(OP(=O)(OCC)OCC)c1)[C@@H]1CC(C)=CC[C@H]1C(C)(C)O2,Ki,'=',441.7,nM,6.354872601
CHEMBL5787066,522.27,CCc1c(C(=O)NN2CCCCC2)nn(-c2ccc(Cl)cc2Cl)c1-c1ccc(Br)cc1,Ki,'=',442,nM,6.354577731
CHEMBL1631163,335.45,CCCCCn1cc(C(=O)Cc2ccc(OC)cc2)c2ccccc21,Ki,'=',444,nM,6.35261703
CHEMBL2436758,312.34,Cc1c(O)c(C)c2cc(Cc3ccc(F)cc3)c(=O)oc2c1C,Ki,'=',444,nM,6.35261703
CHEMBL3323679,464.39,O=C(Nc1sc2c(c1C(=O)N1CC(F)(F)C1)CCOC2)c1c(F)cccc1C(F)(F)F,Ki,'=',444,nM,6.35261703
CHEMBL1765818,319.4,CCCCCn1cc(C(=O)c2ccccc2)c(=O)c2ccccc21,Ki,'=',446,nM,6.350665141
CHEMBL3800638,365.24,O=C(c1cc(O)c(-c2cc(Cl)ccc2Cl)c(O)c1)c1cccs1,Ki,'=',447,nM,6.349692477
CHEMBL1923770,704.03,CCCCC/C=C\C/C=C\C/C=C\C/C=C\CCCCOC(CO)COC(=O)CCCCCNC(=O)CCCC[C@@H]1SC[C@@H]2NC(=O)N[C@@H]21,Ki,'=',450,nM,6.346787486
CHEMBL1822938,412.43,N#Cc1ccccc1CSc1nnc2c3ccccc3n(C(=O)c3ccno3)c2n1,Ki,'=',450,nM,6.346787486
CHEMBL228509,419.34,CC(C)(C)CNC(=O)c1ccc(Br)c(S(=O)(=O)N2CCOCC2)c1,Ki,'=',450,nM,6.346787486
CHEMBL203380,914.59,Cc1c(C(=O)NCCCCCNCCCCCNC(=O)c2nn(-c3ccc(Cl)cc3Cl)c(-c3ccc(Cl)cc3)c2C)nn(-c2ccc(Cl)cc2Cl)c1-c1ccc(Cl)cc1,Ki,'=',451,nM,6.345823458
CHEMBL476545,595.62,O=S(=O)(c1cc2ccccc2n1S(=O)(=O)c1ccccc1F)N1CCC2(CC(NS(=O)(=O)C(F)(F)F)C2)C1,Ki,'=',452,nM,6.344861565
CHEMBL408968,429.5,CC(C)(C)c1nc(N2CCC(F)(F)C2)c2nn(Cc3ccccc3SC#N)nc2n1,Ki,'=',453,nM,6.343901798
CHEMBL328970,288.35,Cc1cccc(-c2ccc(C(=O)c3ccccc3)cc2O)c1,Ki,'=',454,nM,6.342944147
CHEMBL3322470,508.24,CCc1c(C(=O)NCc2ccc(Cl)c(Cl)c2)nn(-c2ccc(Cl)cc2Cl)c1-n1cccc1,Ki,'=',454.6,nM,6.342370569
CHEMBL4245522,370.45,CCCCn1cc(C(=O)Nc2cccc3ccccc23)c(=O)c2ccccc21,Ki,'=',455,nM,6.341988603
CHEMBL4464883,419.41,CCCCCNc1ccc(Br)cc1C(=O)NC12CC3CC(CC(C3)C1)C2,Ki,'=',455.7,nM,6.341320971
CHEMBL1086903,494.75,CCN(CC)c1ccc(CN([C@]23C[C@H]4C[C@H](C[C@H](C4)C2)C3)S(=O)(=O)c2ccc(C(C)C)cc2)cc1,Ki,'=',457,nM,6.3400838
CHEMBL2030748,370.45,CCCCn1cc(C(=O)Nc2cccc3ccccc23)c(=O)c2ccccc21,Ki,'=',457.09,nM,6.33999828
CHEMBL489623,494.75,CCN(CC)c1ccc(CN([C@]23C[C@H]4C[C@H](C[C@H](C4)C2)C3)S(=O)(=O)c2ccc(C(C)C)cc2)cc1,Ki,'=',457.09,nM,6.33999828
CHEMBL483144,393.75,CCCCCc1cc(-c2ccc(Cl)cc2)n(-c2ccc(Cl)cc2Cl)n1,Ki,'=',458.2,nM,6.338944915
CHEMBL1698484,490.44,Cc1nc(N2CCN(C)CC2)c2nc(-c3ccccc3Cl)n(CCN3CCCC3=O)c2n1.Cl,Ki,'=',459,nM,6.338187314
CHEMBL2181551,419.36,CCCCNC(=O)c1nn(-c2ccc(Cl)cc2Cl)c(-n2c(C)ccc2C)c1C,Ki,'=',459.8,nM,6.337431033
CHEMBL2180207,417.63,CCCCCc1cc(O)cc(OCCCCCCCCCCCNC(=O)C2CC2)c1,Ki,'=',460,nM,6.337242168
CHEMBL593823,281.4,O=C(N1CCc2ccccc21)C12CC3CC(CC(C3)C1)C2,Ki,'=',460,nM,6.337242168
CHEMBL1765682,392.45,CCCCCn1/c(=N/C(=O)c2cccc(C(F)(F)F)c2)sc2ccccc21,Ki,'=',460,nM,6.337242168
CHEMBL3353434,540.46,N#CC(c1ccccc1)N1CCN(c2ncnc3c2nc(-c2ccccc2Cl)n3-c2ccc(Cl)cc2)CC1,Ki,'=',460,nM,6.337242168
CHEMBL375290,441.36,Cc1ccc(C(NC(=O)Cc2ccc(Cl)cc2)NC(=O)Cc2ccc(Cl)cc2)cc1,Ki,'=',462,nM,6.335358024
CHEMBL4792566,441.36,Cc1ccc(C(NC(=O)Cc2ccc(Cl)cc2)NC(=O)Cc2ccc(Cl)cc2)cc1,Ki,'=',462,nM,6.335358024
CHEMBL4468403,370.49,CCCCCc1cc(OC(C)=O)c2c(c1)OC(C)(C)C1=C2C2OC2(C)CC1,Ki,'=',464,nM,6.333482019
CHEMBL3759255,415.32,CCCCc1ccc(C(=O)c2cc(O)c(-c3cc(Cl)cc(Cl)c3)c(O)c2)cc1,Ki,'=',464.4,nM,6.333107789
CHEMBL5812453,436.67,CCCCCCNc1ccc(-c2cccs2)cc1C(=O)NC12CC3CC(CC(C3)C1)C2,Ki,'=',465,nM,6.332547047
CHEMBL1288150,378.51,CCCCCCC(C)(C)c1cc(O)c2cc(Cc3ccccc3)c(=O)oc2c1,Ki,'=',465,nM,6.332547047
CHEMBL198132,378.51,CCCCCCC(C)(C)c1cc(O)c2cc(Cc3ccccc3)c(=O)oc2c1,Ki,'=',465,nM,6.332547047
CHEMBL2338184,495.56,COC1CN(c2ccc(C(=O)NC(C)(C)Cc3nnc(-c4ccc(F)cc4)o3)nc2OCC2CC2)C1,Ki,'=',465.9,nM,6.33170729
CHEMBL4588547,402.49,Cc1ccc(C2COc3cccc4c(=O)c(C(=O)NC5CCCCC5)cn2c34)cc1,Ki,'=',468,nM,6.329754147
CHEMBL2030939,344.56,CCCCCc1cc2c(c(SC)c1)[C@@H]1C=C(C)CC[C@H]1C(C)(C)O2,Ki,'=',469,nM,6.328827157
CHEMBL2030754,372.51,CCCCCn1cc(C(=O)NC2CCCCC2)c(=O)c2c(CC)nn(C)c21,Ki,'=',469,nM,6.328827157
CHEMBL4586819,431.66,CCCCCCc1c(O)cccc1OCCCCCCCCCCC(=O)NCC1CC1,Ki,'=',470,nM,6.327902142
CHEMBL3930707,314.47,CCCCCc1cc(O)c2c(c1)OC1=C(CC[C@@H](C)C1)C2(C)C,Ki,'=',470,nM,6.327902142
CHEMBL369314,465.62,CCN(CC)c1ccc(CN(Cc2ccccc2)S(=O)(=O)c2ccc(NC(C)=O)cc2)cc1,Ki,'=',470,nM,6.327902142
CHEMBL4202505,361.4,CCCn1nc(OCc2ccc3ccccc3c2)c2cc([N+](=O)[O-])ccc21,Ki,'=',470,nM,6.327902142
CHEMBL3596744,432.37,O=S(=O)(NCc1ccco1)c1ccc(Nc2ccc(F)cc2F)cc1C(F)(F)F,Ki,'=',471,nM,6.326979093
CHEMBL3221183,557.46,CC(=O)N/C(N)=N/C(=N/S(=O)(=O)c1ccc(Cl)cc1)N1C[C@H](c2ccccc2)C(c2ccc(Cl)cc2)=N1,Ki,'=',476,nM,6.322393047
CHEMBL3220943,525.35,O=C(CCc1nc(-c2ccc(Br)cc2F)no1)Nc1ccc2c(c1)c1ccccc1n2CCF,Ki,'=',476,nM,6.322393047
CHEMBL197099,573.08,CC(=O)N/C(N)=N/C(=N/S(=O)(=O)c1ccc2ccccc2c1)N1C[C@H](c2ccccc2)C(c2ccc(Cl)cc2)=N1,Ki,'=',478,nM,6.320572103
CHEMBL5422557,338.54,CCCCCCC(C)(C)c1ccc(-c2cc(C)cc(C)c2)c(CO)c1,Ki,'=',480,nM,6.318758763
CHEMBL3797270,324.42,O=C(NC1CCCCCC1)c1cccnc1OCc1ccccc1,Ki,'=',481,nM,6.317854924
CHEMBL3605036,462.94,Cn1c(=O)c2c(nc(NCCc3c[nH]c4ccccc34)n2Cc2ccc(Cl)cc2)n(C)c1=O,Ki,'=',481,nM,6.317854924
CHEMBL419138,388.47,O=C(N[C@H]1CCCC[C@@H]1O)n1c(=O)n(CCN2CCOCC2)c2ccccc21,Ki,'=',484,nM,6.315154638
CHEMBL2179731,354.54,CCCCCCNc1ccccc1C(=O)NC12CC3CC(CC(C3)C1)C2,Ki,'=',485.2,nM,6.314079208
CHEMBL3109756,469.48,N#Cc1cc(F)ccc1-c1noc(CCC(=O)Nc2ccc3c(c2)c2ccccc2n3CCO)n1,Ki,'=',486,nM,6.313363731
CHEMBL492373,336.36,CCCCOc1c(OC)ccc2cc(C(=O)NCCF)c(=O)[nH]c12,Ki,'=',486,nM,6.313363731
CHEMBL3968910,380.53,C[C@H]1OC(=O)[C@@H]2C[C@@H]3CCCC[C@H]3[C@H](/C=C/c3ccc(N4CCCC4)cn3)[C@H]12,Ki,'=',487,nM,6.312471039
CHEMBL3797248,414.5,CCCCCCNC(=O)c1nn(-c2ccc(F)cc2F)c(-n2c(C)ccc2C)c1C,Ki,'=',487.3,nM,6.312203589
CHEMBL186332,508.25,Cc1c(C(=O)NN2CCCCC2)nc(-c2ccc(Cl)cc2Cl)n1-c1ccc(Br)cc1,Ki,'=',489,nM,6.310691141
CHEMBL2441470,411.45,N#Cc1ccccc1CSc1nnc2c3ccccc3n(C(=O)c3ccco3)c2n1,Ki,'=',490,nM,6.30980392
CHEMBL1214500,300.38,CCCCn1cccc(Oc2nc3ccccc3o2)c1=S,Ki,'=',490,nM,6.30980392
CHEMBL224461,369.42,CCCCCn1nc(OCc2ccc(OC)cc2)c2cc([N+](=O)[O-])ccc21,Ki,'=',490,nM,6.30980392
CHEMBL231118,456.37,CN(Cc1ccccc1)C(=O)N1CC(O[C@H](c2ccc(Cl)cc2)c2cccnc2Cl)C1,Ki,'=',490,nM,6.30980392
CHEMBL3581223,369.42,CCCCCn1nc(OCc2ccc(OC)cc2)c2cc([N+](=O)[O-])ccc21,Ki,'=',490,nM,6.30980392
CHEMBL230801,503.86,O=C(NN1CCCCC1)c1nn(-c2ccc(Cl)cc2Cl)c2c1CCCCc1cc(Cl)ccc1-2,Ki,'=',492,nM,6.308034897
CHEMBL4455631,449.04,Cc1ccc(Cn2cc(C(=O)N[C@@H](C)C3CCCCC3)cc2-c2ccc(Cl)c(C)c2)cc1,Ki,'=',492,nM,6.308034897
CHEMBL3397445,372.47,Cc1ccc(C(NC(=O)Cc2ccccc2)NC(=O)Cc2ccccc2)cc1,Ki,'=',494,nM,6.306273051
CHEMBL2326034,372.47,Cc1ccc(C(NC(=O)Cc2ccccc2)NC(=O)Cc2ccccc2)cc1,Ki,'=',494,nM,6.306273051
CHEMBL1765684,433.38,CCCCCNC(=O)c1nn(-c2ccc(Cl)cc2Cl)c(-n2c(C)ccc2C)c1C,Ki,'=',495.3,nM,6.305131672
CHEMBL194566,321.37,CCc1c(C)sc(NC(=O)c2ccc(F)cc2)c1C(=O)OC,Ki,'=',495.77,nM,6.304719757
CHEMBL2030753,858.48,Cc1c(C(=O)NCCCNCCCNC(=O)c2nn(-c3ccc(Cl)cc3Cl)c(-c3ccc(Cl)cc3)c2C)nn(-c2ccc(Cl)cc2Cl)c1-c1ccc(Cl)cc1,Ki,'=',496,nM,6.304518324
CHEMBL3917235,426.94,CCCCCOc1c(OC)ccc2cc(C(=O)NCCc3ccccc3)c(Cl)nc12,Ki,'=',496.7,nM,6.30390584
CHEMBL470016,339.87,CCCCCn1cc(C(=O)Cc2ccc(Cl)cc2)c2ccccc21,Ki,'=',498,nM,6.302770657
CHEMBL4578966,376.48,COc1ccc(Nc2ccc(S(=O)(=O)NCC3CC3)c(C)c2)c(OC)c1,Ki,'=',499,nM,6.301899454
CHEMBL4238314,320.39,COc1ccc(C(=O)n2c(C3CCCC3)nc3ccccc32)cc1,Ki,'=',500,nM,6.301029996
CHEMBL2018663,430.51,O=[N+]([O-])c1ccc2c(c1)c(OCc1ccc3ccccc3c1)nn2CCN1CCCCC1,Ki,'=',500,nM,6.301029996
CHEMBL2316278,545.5,CCCCS(=O)(=O)N1CCN(c2ncnc3c2nc(-c2ccccc2Cl)n3-c2ccc(Cl)cc2)CC1,Ki,'=',500,nM,6.301029996
CHEMBL1087032,309.45,CC1(C)CN(C(=O)C23CC4CC(CC(C4)C2)C3)c2ccccc21,Ki,'=',500,nM,6.301029996
CHEMBL2441260,310.44,CN1CCN(C(=O)C23CC4CC(CC(C4)C2)C3)c2ccccc21,Ki,'=',500,nM,6.301029996
CHEMBL558341,585.44,O=S(=O)(CCC(F)(F)F)N1CCN(c2ncnc3c2nc(-c2ccccc2Cl)n3-c2ccc(Cl)cc2)CC1,Ki,'=',500,nM,6.301029996
CHEMBL5828594,267.37,O=C(N1CCc2ccccc21)C12CC3CC(CC1C3)C2,Ki,'=',500,nM,6.301029996
CHEMBL372697,344.48,CC(C)Cc1sc2ccccc2c1C(=O)c1cccc2ccccc12,Ki,'=',500,nM,6.301029996
CHEMBL3582016,314.39,CC(C)c1nc2ccccc2n1C(=O)c1cccc2ccccc12,Ki,'=',500,nM,6.301029996
CHEMBL578003,281.4,O=C(N1Cc2ccccc2C1)C12CC3CC(CC(C3)C1)C2,Ki,'=',500,nM,6.301029996
CHEMBL516078,432.48,O=[N+]([O-])c1ccc2c(c1)c(OCc1ccc3ccccc3c1)nn2CCN1CCOCC1,Ki,'=',500,nM,6.301029996
CHEMBL228566,342.44,CCCCCn1cc(C(=O)c2cccc3ccccc23)c2ccncc21,Ki,'=',501.19,nM,6.299997603
CHEMBL4795398,412.56,CCCCCn1c2ccccc2c2cc(C(=O)CN3CCS(=O)(=O)CC3)ccc21,Ki,'=',502,nM,6.299296283
CHEMBL394122,361.49,O=C(NC1CCCCC1)N1CC(Cc2ccccc2)C(c2ccccc2)=N1,Ki,'=',504,nM,6.297569464
CHEMBL469693,411.59,COc1cccc2c(C(=O)NC3C(C)(C)[C@@H]4CC[C@@]3(C)C4)c(C)n(CCN(C)C)c12,Ki,'=',505,nM,6.296708622
CHEMBL1087644,477.82,Cc1c(C(=O)NN2CCCCCC2)nc(-c2ccc(Cl)cc2Cl)n1-c1ccc(Cl)cc1,Ki,'=',505,nM,6.296708622
CHEMBL2347040,422.96,CCCCCn1cc(C(=O)NC2CCCc3ccccc32)c(=O)c2cc(Cl)ccc21,Ki,'=',506,nM,6.295849483
CHEMBL595451,398.57,CC(Cn1c(=O)sc2cc(C(=O)C34CC5CC(CC(C5)C3)C4)ccc21)N(C)C,Ki,'=',506,nM,6.295849483
CHEMBL5862802,509.48,O=C(NN1CCCCC1)c1nn(-c2ccc(Cl)cc2Cl)c2c1Cc1cc(C3CCCCC3)ccc1-2,Ki,'=',509,nM,6.293282218
CHEMBL314197,555.8,CCCCCCC(C)(C)c1cc(O)cc(OCCCCCCCCCCC(=O)NCc2ccc(O)c(OC)c2)c1,Ki,'=',510,nM,6.292429824
CHEMBL2030765,272.39,CCc1cc2c(cc1O)OC1=C(CC[C@@H](C)C1)C2(C)C,Ki,'=',510,nM,6.292429824
CHEMBL1451130,494.21,Cc1c(C(=O)NCc2ccc(Cl)c(Cl)c2)nn(-c2ccc(Cl)cc2Cl)c1-n1cccc1,Ki,'=',510,nM,6.292429824
CHEMBL146346,285.39,COc1cccc(C(=O)NC23CC4CC(CC(C4)C2)C3)c1,Ki,'=',510,nM,6.292429824
CHEMBL4240555,345.45,CCCCCn1cc(C(=O)NC2CCCCCC2)c(=O)n2ncnc12,Ki,'=',514,nM,6.289036881
CHEMBL4245443,495.45,O=C(NN1CCCC1)c1nn(-c2ccc(Cl)cc2Cl)c2c1Cc1cc(C3CCCCC3)ccc1-2,Ki,'=',515,nM,6.288192771
CHEMBL4545532,340.85,O=C(c1ccc2c(c1)c1ccccc1n2CCCl)N1CCCCC1,Ki,'=',519,nM,6.284832642
CHEMBL2064070,320.44,CCCn1c2ccccc2c2cc(C(=O)N3CCCCC3)ccc21,Ki,'=',521,nM,6.283162277
CHEMBL2181539,463.8,Cc1c(C(=O)NN2CCCCC2)nn(-c2ccc(Cl)cc2Cl)c1-c1ccc(Cl)cc1,Ki,'=',522,nM,6.282329497
CHEMBL2030937,452.6,COc1ccc2c(c1)OC(C)(C)c1cn(CCN3CCN(C(=O)C4CCCCC4)CC3)nc1-2,Ki,'=',523,nM,6.281498311
CHEMBL3582021,352.44,CCCCCn1cc(C(=O)Nc2ccccc2)c(=O)c2c(C)nn(C)c21,Ki,'=',524,nM,6.280668713
CHEMBL1088730,477.53,C=CC(C=C)(NC(=O)c1ccc(N2CC(OC)C2)c(OC[C@H]2C[C@@H]2CO)n1)C(=O)OCCCF,Ki,'=',525,nM,6.279840697
CHEMBL2179760,383.56,CCCCCn1c(=O)sc2ccc(C(=O)C34CC5CC(CC(C5)C3)C4)cc21,Ki,'=',525.8,nM,6.279179418
CHEMBL328379,475.68,CCN(CC)C(=O)c1ccc2c(c1)nc(Cc1ccc(OC3CCCCC3)cc1)n2CCC(C)C,Ki,'=',526,nM,6.279014256
CHEMBL2030936,429.97,O=C(NC1CCCCC1)N1CCN(C(c2ccccc2)c2ccc(Cl)cc2F)CC1,Ki,'=',526,nM,6.279014256
CHEMBL428779,459.08,Cc1ccc(Cn2nc(/C=C/[C@@H]3C(C)(C)[C@@H]4CC[C@@]3(C)C4)cc2-c2ccc(Cl)c(C)c2)cc1,Ki,'=',527,nM,6.278189385
CHEMBL4437469,424.58,CCCCCCC(C)(C)c1cc(OC)c2c(c1)OC(C)(C)c1ccc(C(=O)OC)cc1-2,Ki,'=',529,nM,6.276544328
CHEMBL90026,384.52,CCCCCCC(C)(C)C1=CC2=C(C(=O)C1=O)c1c(cnn1CC)C(C)(C)O2,Ki,'=',529,nM,6.276544328
CHEMBL3605045,423.55,CC(C)(C)c1nc(N2CC[C@H](O)C2)c2nn(Cc3ccccc3CSC#N)nc2n1,Ki,'=',529,nM,6.276544328
CHEMBL228372,318.46,CCC(C)(C)C(=O)Nc1cc(CN2CCOCC2)c(C)cc1C,Ki,'=',530,nM,6.27572413
CHEMBL4436064,318.46,CCC(C)(C)C(=O)Nc1cc(CN2CCOCC2)c(C)cc1C,Ki,'=',530,nM,6.27572413
CHEMBL5405774,553.52,O=C(C1CCSCC1)N1CCN(c2ncnc3c2nc(-c2ccccc2Cl)n3-c2ccc(Cl)cc2)CC1,Ki,'=',530,nM,6.27572413
CHEMBL4245076,450.53,Cc1nc(OCc2ccc(F)cc2)c(C(=O)NC2CCCCCC2)cc1-c1ccc(F)cc1,Ki,'=',531,nM,6.274905479
CHEMBL1631169,448.85,O=C(O)c1ccc(Nc2ccc(S(=O)(=O)NCC3CC3)c(C(F)(F)F)c2)c(Cl)c1,Ki,'=',535,nM,6.271646218
CHEMBL3586104,453.32,CCCn1c(C)c(C(=O)c2cccc3cccc(I)c23)c2ccccc21,Ki,'=',536,nM,6.27083521
CHEMBL195050,402.49,CC1Oc2cccc3c(=O)c(C(=O)NC4CCCCC4)cn(c23)C1c1ccccc1,Ki,'=',536,nM,6.27083521
CHEMBL3586107,493.72,CCN(CC)c1ccc(CN(Cc2ccc(N(CC)CC)cc2)S(=O)(=O)c2ccc(C)cc2)cc1,Ki,'=',540,nM,6.26760624
CHEMBL2063237,437.62,CCCCCc1cc(O)cc(OCCCCCCCCCCC(=O)NC(CO)CO)c1,Ki,'=',540,nM,6.26760624
CHEMBL367672,347.5,CCCCCCc1ccc(OCCCCCC(=O)NC2CC2)cc1O,Ki,'=',540,nM,6.26760624
CHEMBL2030759,340.45,Cc1ccc(NC(=O)C(C)(C)C)cc1S(=O)(=O)N1CCOCC1,Ki,'=',540,nM,6.26760624
CHEMBL511304,332.45,CCc1c(C(=O)NC(C)c2ccccc2)cc(C)n1-c1ccccc1,Ki,'=',540.1,nM,6.267525823
CHEMBL2441476,512.66,CC(C)(C)c1cc(N2CCC(F)(F)C2)c2nnn(Cc3ccccc3SSc3ccccn3)c2n1,Ki,'=',541,nM,6.266802735
CHEMBL574053,449.77,O=C(NN1CCCCC1)c1cn(-c2ccc(Cl)cc2)c(-c2ccc(Cl)cc2Cl)n1,Ki,'=',542,nM,6.266000713
CHEMBL4249237,318.42,Cc1cc(C(=O)NC(C)c2ccccc2)c(C)n1-c1ccccc1,Ki,'=',546.44,nM,6.262457517
CHEMBL4237943,376.5,CC1(C)Oc2cc(C34CC5CC(CC(C5)C3)C4)cc(O)c2-c2cc(O)ccc21,Ki,'=',551,nM,6.258848401
CHEMBL2387535,484.66,CCCCCc1cc2c(c(OS(=O)(=O)c3ccc(C)cc3)c1)[C@@H]1[C@H](O)C(C)=CC[C@H]1C(C)(C)O2,Ki,'=',552,nM,6.258060922
CHEMBL1814469,622.35,COc1cc(CNC(=O)c2nn(-c3ccc(Cl)cc3Cl)c(-n3c(C)ccc3C)c2C)c(Br)c(OC)c1OC,Ki,'=',553,nM,6.257274869
CHEMBL176198,970.7,Cc1c(C(=O)NCCCCCCCNCCCCCCCNC(=O)c2nn(-c3ccc(Cl)cc3Cl)c(-c3ccc(Cl)cc3)c2C)nn(-c2ccc(Cl)cc2Cl)c1-c1ccc(Cl)cc1,Ki,'=',553,nM,6.257274869
CHEMBL573796,539.38,O=C(CCCc1nc(-c2ccc(F)cc2Br)no1)Nc1ccc2c(c1)c1ccccc1n2CCF,Ki,'=',559,nM,6.252588192
CHEMBL505327,463.8,Cc1c(C(=O)NN2CCCCC2)nn(-c2ccc(Cl)cc2Cl)c1-c1ccc(Cl)cc1,Ki,'=',560,nM,6.251811973
CHEMBL3931637,463.8,Cc1c(C(=O)NN2CCCCC2)nn(-c2ccc(Cl)cc2Cl)c1-c1ccc(Cl)cc1,Ki,'=',560,nM,6.251811973
CHEMBL1081285,316.47,CCNC(=O)NCCCCCSc1ccc2ccccc2c1,Ki,'=',560,nM,6.251811973
CHEMBL3116279,557.49,CC(C(=O)N1CCN(c2ncnc3c2nc(-c2ccccc2Cl)n3-c2ccc(Cl)cc2)CC1)c1ccccc1,Ki,'=',560,nM,6.251811973
CHEMBL2153700,462.88,COC(=O)c1ccc(Nc2ccc(S(=O)(=O)NCC3CC3)c(C(F)(F)F)c2)c(Cl)c1,Ki,'=',560,nM,6.251811973
CHEMBL3899134,448.61,CCCCCCC(C)(C)c1cc(O)c2c(c1)OC(C)(C)c1cnn(-c3cccc(OC)c3)c1-2,Ki,'=',562,nM,6.250263684
CHEMBL156264,410.6,CCCCCCC(C)(C)c1cc2c(c3c1CCCO3)-c1c(cnn1CC)C(C)(C)O2,Ki,'=',563.8,nM,6.248874928
CHEMBL383580,430.55,CCCCCn1cc(C(=O)NC2CCCCCC2)c(=O)n2nc(N3CCOCC3)nc12,Ki,'=',566,nM,6.247183569
CHEMBL2316270,392.5,O=C(NC1(c2ccccn2)CCC1)c1nn(CC2CCOCC2)c2c1C[C@H]1C[C@@H]21,Ki,'=',568,nM,6.245651664
CHEMBL4537285,549.51,O=C(CC1CCCC1)NC1CCN(c2ncnc3c2nc(-c2ccccc2Cl)n3-c2ccc(Cl)cc2)CC1,Ki,'=',569,nM,6.244887734
CHEMBL2179732,549.51,O=C(CC1CCCC1)NC1CCN(c2ncnc3c2nc(-c2ccccc2Cl)n3-c2ccc(Cl)cc2)CC1,Ki,'=',569,nM,6.244887734
CHEMBL558785,573.55,CCCCCS(=O)(=O)NC1CCN(c2ncnc3c2nc(-c2ccccc2Cl)n3-c2ccc(Cl)cc2)CC1,Ki,'=',570,nM,6.244125144
CHEMBL1196954,412.48,Cc1c(C(=O)NC2CCCCC2)nn(-c2ccc(F)cc2F)c1-n1c(C)ccc1C,Ki,'=',570,nM,6.244125144
CHEMBL2177254,423.59,CC(C)CCOc1cc(O)cc(OCCCCCCCCCCC(=O)NCCO)c1,Ki,'=',570,nM,6.244125144
CHEMBL224772,319.45,CCCCCn1cc(C(=O)Cc2ccc(C)cc2)c2ccccc21,Ki,'=',570,nM,6.244125144
CHEMBL2441258,591.54,O=S1(=O)CCN(/C(=N\S(=O)(=O)c2ccc(Cl)cc2)N2CC(c3ccccc3)C(c3ccc(Cl)cc3)=N2)CC1,Ki,'=',571,nM,6.243363892
CHEMBL4227549,474.03,CN/C(=N\S(=O)(=O)N1CCCCC1)N1CCC(c2ccccc2)C(c2ccc(Cl)cc2)=N1,Ki,'=',571,nM,6.243363892
CHEMBL2336571,446.32,O=C1[C@@H](Cc2ccc(F)c(F)c2)CC[C@H](c2ccc(Cl)cc2)N1c1ccc(Cl)cc1,Ki,'=',574,nM,6.241088108
CHEMBL3779969,286.42,C=C(C)[C@@H]1CCC(C)=C[C@H]1c1c(O)cc(CCC)cc1O,Ki,'=',574,nM,6.241088108
CHEMBL2316277,436,Cc1ccc(Cn2cc(C(=O)NN3CCCCCC3)cc2-c2ccc(Cl)c(C)c2)cc1,Ki,'=',575,nM,6.240332155
CHEMBL2151381,492.56,CCN(CC)c1ccc(CN(Cc2ccccc2)S(=O)(=O)c2ccc(OC(F)(F)F)cc2)cc1,Ki,'=',577,nM,6.238824187
CHEMBL470017,415.33,CCCCCc1cc(OC)c2cc(Cc3ccc(Br)cc3)c(=O)oc2c1,Ki,'=',578,nM,6.238072162
CHEMBL2316267,370.88,CCCCCc1cc(OC)c2cc(Cc3ccc(Cl)cc3)c(=O)oc2c1,Ki,'=',578,nM,6.238072162
CHEMBL3086345,326.48,CCCCCCC(C)(C)c1ccc(-c2cccc(OC)c2)c(O)c1,Ki,'=',580,nM,6.236572006
CHEMBL187813,660.85,CN(CCCCCCCOc1ccc(-c2oc3ccccc3c2C(=O)c2ccc(OCCN3CCOCC3)cc2)cc1)Cc1ccccc1,Ki,'=',580,nM,6.236572006
CHEMBL4443532,423.47,COc1ccc(C(=O)c2cn(CC3CCOCC3)c3c(OCC(=O)O)cccc23)cc1,Ki,'=',581.8,nM,6.235226283
CHEMBL208270,383.49,CCCCCCn1cc(C(=O)c2cccc3ccccc23)c(=O)c2ccccc21,Ki,'=',582,nM,6.235077015
CHEMBL372650,276.38,CCCn1cccc(C(=O)NC2CCC(C)CC2)c1=O,Ki,'=',583,nM,6.234331445
CHEMBL5396327,412.53,CCCCCn1cc(C(=O)N[C@H](C)c2ccc3ccccc3c2)c(=O)c2ccccc21,Ki,'=',584,nM,6.233587153
CHEMBL2348064,528,CN/C(=N\S(=O)(=O)N1CCC(C(F)(F)F)CC1)C1=NN(c2ccc(Cl)cc2)[C@@H](c2ccccc2)C1,Ki,'=',584,nM,6.233587153
CHEMBL1215952,474.95,O=C(CCCc1nc(-c2ccc(Cl)cc2)no1)Nc1ccc2c(c1)c1ccccc1n2CCO,Ki,'=',584,nM,6.233587153
CHEMBL554943,318.42,Cc1cc(C(=O)NCCc2ccccc2)c(C)n1-c1ccccc1,Ki,'=',584.17,nM,6.23346075
CHEMBL3926974,352.43,CC1(C)Oc2cc(C(=O)c3ccccc3)cc(O)c2[C@@H]2C[C@H](O)CC[C@H]21,Ki,'=',587,nM,6.231361899
CHEMBL228455,400.48,COC(=O)c1ccc(Cn2cc(/C=C3/C(=O)C4CCN3CC4)c3ccccc32)cc1,Ki,'=',588,nM,6.230622674
CHEMBL409150,458.56,CCOc1ccc(Cc2nc3cc(C(=O)N(CC)CC)ccc3n2Cc2cc[n+]([O-])cc2)cc1,Ki,'=',588,nM,6.230622674
CHEMBL410727,316.4,CCCc1cc(O)c2c(c1)OC(C)(C)[C@@H]1CCC(C(=O)O)=C[C@@H]21,Ki,'=',589.7,nM,6.229368872
CHEMBL411112,358.85,CSC1=NC(=O)/C(=C/c2cccc(OCc3ccc(Cl)cc3)c2)N1,Ki,'=',591,nM,6.228412519
CHEMBL229821,413.56,COc1c(Cc2ccccc2)cc(-c2ccccc2)cc1C(=O)NC1CCCCCC1,Ki,'=',594,nM,6.226213555
CHEMBL272616,324.42,CC1CCC(NC(=O)c2cccnc2OCc2ccccc2)CC1,Ki,'=',594,nM,6.226213555
CHEMBL271611,441.58,O=C(Cc1ccccc1)NC(NC(=O)Cc1ccccc1)c1ccc(N2CCCCC2)cc1,Ki,'=',595,nM,6.225483034
CHEMBL5819350,441.58,O=C(Cc1ccccc1)NC(NC(=O)Cc1ccccc1)c1ccc(N2CCCCC2)cc1,Ki,'=',595,nM,6.225483034
CHEMBL3582022,426.44,O=C(Cc1ccccc1)NC(NC(=O)Cc1ccccc1)c1ccc(C(F)(F)F)cc1,Ki,'=',596,nM,6.22475374
CHEMBL173662,426.44,O=C(Cc1ccccc1)NC(NC(=O)Cc1ccccc1)c1ccc(C(F)(F)F)cc1,Ki,'=',596,nM,6.22475374
CHEMBL197601,370.49,CCCCCCC(C)(C)C1=CC2=C(C(=O)C1=O)c1nn(C)cc1C(C)(C)O2,Ki,'=',597,nM,6.224025669
CHEMBL228852,451.65,CCCCCc1cc(OC)cc(OCCCCCCCCCCC(=O)NC(CO)CO)c1,Ki,'=',597.6,nM,6.223589411
CHEMBL407462,487.77,CCCCCCC(C)(C)c1cc(O)cc(OCCCCCCCCCCCC(=O)NCC2CC2)c1,Ki,'=',600,nM,6.22184875
CHEMBL4453905,552.51,CC(C)CN(C)C(=O)NC1CCN(c2ncnc3c2nc(-c2ccccc2Cl)n3-c2ccc(Cl)cc2)CC1,Ki,'=',600,nM,6.22184875
CHEMBL425217,295.43,Cc1cccc2c1N(C(=O)C13CC4CC(CC(C4)C1)C3)CC2,Ki,'=',600,nM,6.22184875
CHEMBL200094,270.37,Cc1cc(C)cc(-c2ccc(C(C)(C)CO)cc2O)c1,Ki,'=',600,nM,6.22184875
CHEMBL1834007,308.38,COc1ccc(C(=O)n2c(C(C)(C)C)nc3ccccc32)cc1,Ki,'=',600,nM,6.22184875
CHEMBL73572,357.45,CCCCCOc1ccccc1-c1cc(C(=O)NN2CCCCC2)no1,Ki,'=',600,nM,6.22184875
CHEMBL1952280,369.47,O=C(c1ccc2c(c1)c1ccccc1n2Cc1cccnc1)N1CCCCC1,Ki,'=',600,nM,6.22184875
CHEMBL3221188,528,CN/C(=N\S(=O)(=O)N1CCC(C(F)(F)F)CC1)C1=NN(c2ccc(Cl)cc2)C(c2ccccc2)C1,Ki,'=',606,nM,6.217527376
CHEMBL381634,435.34,Cc1c(Br)cnc(OCc2ccc(F)cc2)c1C(=O)NC1CCCCCC1,Ki,'=',606,nM,6.217527376
CHEMBL3951944,467.54,CCC(CC)(NC(=O)c1ccc(N2CCCC2)c(OCC2(CO)COC2)n1)C(=O)OCCF,Ki,'=',607,nM,6.216811309
CHEMBL2415106,463.8,Cc1c(C(=O)NN2CCCCC2)nc(-c2ccc(Cl)cc2Cl)n1-c1ccc(Cl)cc1,Ki,'=',608,nM,6.216096421
CHEMBL2177263,463.8,Cc1c(C(=O)NN2CCCCC2)nc(-c2ccc(Cl)cc2Cl)n1-c1ccc(Cl)cc1,Ki,'=',608,nM,6.216096421
CHEMBL2030935,463.8,Cc1c(C(=O)NN2CCCCC2)nc(-c2ccc(Cl)cc2Cl)n1-c1ccc(Cl)cc1,Ki,'=',608,nM,6.216096421
CHEMBL3221198,594.29,COc1cc(CNC(=O)c2nn(-c3ccc(Cl)cc3Cl)c(-n3cccc3)c2C)c(Br)c(OC)c1OC,Ki,'=',609,nM,6.215382707
CHEMBL6029500,356.49,CCCCCCn1c(C)c(C)cc(Oc2nc3ccccc3o2)c1=S,Ki,'=',609,nM,6.215382707
CHEMBL373223,587.47,O=C(C1COc2ccccc2O1)N1CCN(c2ncnc3c2nc(-c2ccccc2Cl)n3-c2ccc(Cl)cc2)CC1,Ki,'=',610,nM,6.214670165
CHEMBL4238830,352.47,CCCC(C)(C)c1ccc2c(c1)OC(C)(C)c1ccc(C(=O)OC)cc1-2,Ki,'=',611,nM,6.21395879
CHEMBL3329478,436.55,O=C(O)c1cccc(NC(=O)c2cc3c(n(CC4CCCCC4)c2=O)CCCCCC3)c1,Ki,'=',613.76,nM,6.212001419
CHEMBL15779,436.55,O=C(O)c1cccc(NC(=O)c2cc3c(n(CC4CCCCC4)c2=O)CCCCCC3)c1,Ki,'=',614,nM,6.211831629
CHEMBL470224,436.55,O=C(O)c1cccc(NC(=O)c2cc3c(n(CC4CCCCC4)c2=O)CCCCCC3)c1,Ki,'=',614,nM,6.211831629
CHEMBL4456083,334.58,CCCC[Si](C)(C)c1cc(O)c(C2CCCCCC2)c(OC)c1,Ki,'=',615.61,nM,6.210694334
CHEMBL199873,316.38,CCCCn1c(C)c(C)cc(NC(=O)c2ccccc2F)c1=O,Ki,'=',617,nM,6.209714836
CHEMBL4099175,434.37,O=C(N1CCOCC1)N1CCN(C(c2ccccc2)c2ccc(Cl)cc2Cl)CC1,Ki,'=',618,nM,6.209011525
CHEMBL462119,417.44,CCCCOc1c(OC)ccc2cc(C(=O)NCc3cn(CCF)nn3)c(=O)[nH]c12,Ki,'=',619.44,nM,6.208000754
CHEMBL2030768,550.49,O=C(NC1CCCCC1)N1CCN(c2ncnc3c2nc(-c2ccccc2Cl)n3-c2ccc(Cl)cc2)CC1,Ki,'=',620,nM,6.207608311
CHEMBL3758753,417.44,CCCCOc1c(OC)ccc2cc(C(=O)NCc3cn(CCF)nn3)c(=O)[nH]c12,Ki,'=',620,nM,6.207608311
CHEMBL5411063,417.44,CCCCOc1c(OC)ccc2cc(C(=O)NCc3cn(CCF)nn3)c(=O)[nH]c12,Ki,'=',620,nM,6.207608311
CHEMBL228373,337.83,CCc1c(C)sc(NC(=O)c2ccc(Cl)cc2)c1C(=O)OC,Ki,'=',621,nM,6.2069084
CHEMBL198079,607.07,Cc1c(C(=O)NCCCCCCCNCCCCCCCN)nn(-c2ccc(Cl)cc2Cl)c1-c1ccc(Cl)cc1,Ki,'=',622,nM,6.206209615
CHEMBL4786935,422.33,O=C1/C(=C/c2cn(Cc3ccc(Br)cc3)c3ncccc23)N2CCC1CC2,Ki,'=',625,nM,6.204119983
CHEMBL2436766,436.4,O=S(=O)(NCC1CCCO1)c1ccc(Nc2ccc(F)cc2F)cc1C(F)(F)F,Ki,'=',629,nM,6.201349355
CHEMBL1834006,530.46,Clc1ccc(-n2c(-c3ccccc3Cl)nc3c(N4CCN(CCc5ccncc5)CC4)ncnc32)cc1,Ki,'=',630,nM,6.200659451
CHEMBL4549023,524.48,O=S(=O)(F)c1ccccc1Cn1nnc2c(N3CCC(F)(F)C3)nc(C(F)(F)c3ccccc3)nc21,Ki,'=',630,nM,6.200659451
CHEMBL4227013,538.48,CCCN(C)C(=O)NC1CCN(c2ncnc3c2nc(-c2ccccc2Cl)n3-c2ccc(Cl)cc2)CC1,Ki,'=',630,nM,6.200659451
CHEMBL4533562,423.59,CC(C)CCOc1cc(O)cc(OCCCCCCCCCCC(=O)NCCO)c1,Ki,'=',630.96,nM,6.199998172
CHEMBL4237503,356.47,CCCCCn1cc(C(=O)Nc2ccc3ccccc3c2)c2ccccc21,Ki,'=',630.96,nM,6.199998172
CHEMBL2180220,487.77,CCCCCCC(C)(C)c1cc(O)cc(OCCCCCCCCCCCC(=O)NCC2CC2)c1,Ki,'=',630.96,nM,6.199998172
CHEMBL177656,355.44,COCCn1cc(C(=O)c2ccccc2-c2ccccc2)c2ccccc21,Ki,'=',630.96,nM,6.199998172
CHEMBL255904,497.35,Cc1c(C(=O)NN2CCCCC2)nc(-c2ccc(Cl)cc2Cl)n1-c1ccc(C(F)(F)F)cc1,Ki,'=',634,nM,6.197910742
CHEMBL4063907,481.84,CSc1c(C(=O)NN2CCCC2)nn(-c2ccc(Cl)cc2Cl)c1-c1ccc(Cl)cc1,Ki,'=',634,nM,6.197910742
CHEMBL3759254,468.51,CC(C)(C)c1nc(N2CCC(F)(F)C2)c2nn(Cc3ccccc3CS(=O)(=O)F)nc2n1,Ki,'=',637,nM,6.195860568
CHEMBL399248,438.7,CCCCCCCC(=O)N(Cc1ccc(N(CC)CC)cc1)[C@]12C[C@H]3C[C@H](C[C@H](C3)C1)C2,Ki,'=',638,nM,6.195179321
CHEMBL4747418,438.7,CCCCCCCC(=O)N(Cc1ccc(N(CC)CC)cc1)[C@]12C[C@H]3C[C@H](C[C@H](C3)C1)C2,Ki,'=',638.26,nM,6.195002372
CHEMBL4862731,374.47,Cc1nonc1Cn1nnc2c(N3CC[C@@H](S)C3)nc(C(C)(C)C)nc21,Ki,'=',640,nM,6.193820026
CHEMBL470619,453.49,CC(=O)N1CCc2ccc(Nc3ccc(S(=O)(=O)NCC4CC4)c(C(F)(F)F)c3)cc21,Ki,'=',644,nM,6.191114133
CHEMBL2177258,349.47,CCCCCn1c(C)c(C(=O)Cc2ccc(OC)cc2)c2ccccc21,Ki,'=',645,nM,6.190440285
CHEMBL4085482,419.57,Cc1ccc(C(C(=O)NCCC(c2ccccc2)c2ccccc2)c2ccccc2)cc1,Ki,'=',650,nM,6.187086643
CHEMBL406675,473.74,CCCCCCC(C)(C)c1cc(O)cc(OCCCCCCCCCCCNC(=O)C2CC2)c1,Ki,'=',650,nM,6.187086643
CHEMBL3798474,465.35,Cc1c(C(=O)NC2(C#N)CCOCC2)nn(-c2ccc(Br)cc2)c1-c1ccccc1,Ki,'=',655,nM,6.1837587
CHEMBL1923777,389.45,O=C(c1cn(Cc2ccccc2)c2ccccc2c1=O)c1cccc2ccccc12,Ki,'=',656,nM,6.183096161
CHEMBL247345,384.32,CCCCCn1cc(C(=O)Cc2ccc(Br)cc2)c2ccccc21,Ki,'=',657,nM,6.18243463
CHEMBL1087521,381.52,CC1=C(CCN2CCOCC2)c2ccccc2/C1=C\c1cccc2ccccc12,Ki,'=',658,nM,6.181774106
CHEMBL272944,258.36,Cc1cc(O)c2c(c1)OC(C)(C)C1=C2C[C@H](C)CC1,Ki,'=',660,nM,6.180456064
CHEMBL4468164,322.4,COc1c(C)c(C)c2oc(=O)c(Cc3ccccc3C)cc2c1C,Ki,'=',660,nM,6.180456064
CHEMBL2030749,408.52,Cc1ccc(NC(=O)[C@@H]2C[C@@]3(C)CC[C@]2(C)O3)cc1S(=O)(=O)N1CCOCC1,Ki,'=',660,nM,6.180456064
CHEMBL3781210,407.64,CCCCCCC(C)(C)c1ccc(-c2cc(C)cc(C)c2)c(CN2CCOCC2)c1,Ki,'=',660,nM,6.180456064
CHEMBL5202948,376.5,CCCCCn1c(C)c(C(=O)NC(C)c2ccccc2)c(=O)c2ccccc21,Ki,'=',663,nM,6.178486472
CHEMBL497557,440.59,CC12CC3CC(C)(C1)CC(NC(=O)c1cn(Cc4ccccc4)c4ccccc4c1=O)(C3)C2,Ki,'=',664,nM,6.177831921
CHEMBL565190,475.33,Cc1c(C(=O)NCCc2ccc(Cl)cc2Cl)nn(-c2ccc(F)cc2F)c1-n1cccc1,Ki,'=',667,nM,6.175874166
CHEMBL1214435,353.89,O=C(c1ccccc1Cl)c1cccn1CC12CC3CC(CC(C3)C1)C2,Ki,'=',670,nM,6.173925197
CHEMBL488933,382.54,CC1(C)Oc2cc(C34CC5CC(CC(C5)C3)C4)cc(O)c2[C@@H]2C[C@@H](O)CC[C@H]21,Ki,'=',671.8,nM,6.17276
CHEMBL3116299,370.49,CCCCCCC(C)(C)C1=CC(=O)C2=C(OC(C)(C)c3cn(C)nc32)C1=O,Ki,'=',672,nM,6.172630727
CHEMBL4239666,476.9,CC(C)(NS(=O)(=O)c1ccc(Nc2ccc(C(=O)O)cc2Cl)cc1C(F)(F)F)C1CC1,Ki,'=',672,nM,6.172630727
CHEMBL4762930,462.49,S=C(NC1CCCCC1)N1CCN(C(c2ccccc2)c2ccc(Cl)cc2Cl)CC1,Ki,'=',673,nM,6.171984936
CHEMBL4441666,345.45,CCCCCn1cc(C(=O)NC2CCCCC2)c(=O)n2nc(C)nc12,Ki,'=',674,nM,6.171340103
CHEMBL4248778,446.68,CCCCCc1cc(O)cc(OCCCCCCCCCCC(=O)NN2CCCCC2)c1,Ki,'=',677.8,nM,6.168898435
CHEMBL4226066,357.8,CC(=O)N1CCN(c2ncnc3oc(-c4ccccc4Cl)nc23)CC1,Ki,'=',678,nM,6.168770306
CHEMBL482771,404.45,O=S(=O)(NOCC1CC1)c1ccc(NC2CC3CCC2C3)cc1C(F)(F)F,Ki,'=',679,nM,6.168130226
CHEMBL4224946,319.41,CCCCCOc1nn(CCCCC)c2ccc([N+](=O)[O-])cc12,Ki,'=',680,nM,6.167491087
CHEMBL198182,396.64,CCCCCCCN(Cc1ccc(N(CC)CC)cc1)S(=O)(=O)CCCC,Ki,'=',680,nM,6.167491087
CHEMBL200049,319.41,CCCCCOc1nn(CCCCC)c2ccc([N+](=O)[O-])cc12,Ki,'=',680,nM,6.167491087
CHEMBL395321,394.54,Cc1ccc(S(=O)(=O)N(Cc2ccccc2)Cc2ccc(N(C)C)cc2)cc1,Ki,'=',680,nM,6.167491087
CHEMBL1651534,426.92,COc1cc(Nc2ccc(S(=O)(=O)NCC3CCCO3)c(Cl)c2)cc(OC)c1,Ki,'=',682,nM,6.166215625
CHEMBL2177250,984.73,Cc1c(C(=O)NCCCCCCCN(C)CCCCCCCNC(=O)c2nn(-c3ccc(Cl)cc3Cl)c(-c3ccc(Cl)cc3)c2C)nn(-c2ccc(Cl)cc2Cl)c1-c1ccc(Cl)cc1,Ki,'=',683,nM,6.165579296
CHEMBL2326273,401.51,CCN(CC)c1ccc(C(NC(=O)c2ccccc2)NC(=O)c2ccccc2)cc1,Ki,'=',688,nM,6.162411562
CHEMBL373056,401.51,CCN(CC)c1ccc(C(NC(=O)c2ccccc2)NC(=O)c2ccccc2)cc1,Ki,'=',688,nM,6.162411562
CHEMBL403167,464.05,Cc1cc(C2=NN(C(=O)NC3C4(C)CCC(C4)C3(C)C)CC2Cc2ccccc2)ccc1Cl,Ki,'=',689,nM,6.161780778
CHEMBL470212,646.87,CCN(CC)CCOc1cccc(C(=O)c2c(-c3ccc(OCCCCCCCN(C)Cc4ccccc4)cc3)oc3ccccc23)c1,Ki,'=',690,nM,6.161150909
CHEMBL229914,491.59,COc1ccc(-c2oc3ccccc3c2C(=O)c2ccc(OCCN(C)Cc3ccccc3)cc2)cc1,Ki,'=',690,nM,6.161150909
CHEMBL194351,429.05,CCCCCCCN(Cc1ccc(N(CC)CC)cc1)C(=O)Cc1ccc(Cl)cc1,Ki,'=',696,nM,6.15739076
CHEMBL225342,496.83,Cc1c(C(=O)N2CCc3ccccc3C2)nc(-c2ccc(Cl)cc2Cl)n1-c1ccc(Cl)cc1,Ki,'=',696,nM,6.15739076
CHEMBL203189,429.05,CCCCCCCN(Cc1ccc(N(CC)CC)cc1)C(=O)Cc1ccc(Cl)cc1,Ki,'=',696.63,nM,6.156997827
CHEMBL2063236,396.64,CCCCCCCN(Cc1ccc(N(CC)CC)cc1)S(=O)(=O)CCCC,Ki,'=',696.63,nM,6.156997827
CHEMBL3116282,436.51,COc1ccc2c(c1)OC(C)(C)c1cn(CCN3CCN(C(=O)c4ccco4)CC3)nc1-2,Ki,'=',698,nM,6.156144577
CHEMBL2030929,398.55,Cc1ccc(C(=O)NC2C3(C)CCC(C3)C2(C)C)cc1CC(=O)N1CCOCC1,Ki,'=',700,nM,6.15490196
CHEMBL3221195,316.43,CCc1sc2ccccc2c1C(=O)c1cccc2ccccc12,Ki,'=',700,nM,6.15490196
CHEMBL558564,344.41,COc1ccc(Cn2c(-c3ccc(OC)cc3)nc3ccccc32)cc1,Ki,'=',700,nM,6.15490196
CHEMBL2030738,340.43,O=C(c1cccc2ccccc12)n1c(C2CCCC2)nc2ccccc21,Ki,'=',700,nM,6.15490196
CHEMBL2180215,334.42,COc1ccc(C(=O)n2c(C3CCCCC3)nc3ccccc32)cc1,Ki,'=',700,nM,6.15490196
CHEMBL3957577,369.24,CCOC(=O)C(C)(C)c1cc(O)c(-c2cc(Cl)cc(Cl)c2)c(O)c1,Ki,'=',700,nM,6.15490196
CHEMBL3781252,436.77,Cc1c(C(=O)NCC(C)C)nn(-c2ccc(Cl)cc2Cl)c1-c1ccc(Cl)cc1,Ki,'=',704,nM,6.152427341
CHEMBL470018,386.53,CCCCCc1cc(OC)c(C2=C[C@@H]3CC[C@@]2(C(=O)OC)C3(C)C)c(OC)c1,Ki,'=',704,nM,6.152427341
CHEMBL2179725,308.36,O=C(NCc1ccccc1)c1cccn1Cc1ccc(F)cc1,Ki,'=',706,nM,6.151195299
CHEMBL2030761,573.48,O=C(NC1CCN(c2ncnc3c2nc(-c2ccccc2Cl)n3-c2ccc(Cl)cc2)CC1)OCc1ccccc1,Ki,'=',710,nM,6.148741651
CHEMBL90040,377.51,CCCCCn1cc(C(=O)NC2CCCCC2)c(=O)n2nc(SC)nc12,Ki,'=',716,nM,6.145086978
CHEMBL471249,332.45,CCc1c(C(=O)NCCc2ccccc2)cc(C)n1-c1ccccc1,Ki,'=',718.2,nM,6.143754599
CHEMBL177403,503.38,Cc1c(C(=O)NCCc2ccc(Cl)cc2Cl)nn(-c2ccc(F)cc2F)c1-n1c(C)ccc1C,Ki,'=',721,nM,6.142064735
CHEMBL2180214,344.96,CSC(=S)N1CC(C)(C)CS/C1=N\c1ccccc1Cl,Ki,'=',722,nM,6.141462802
CHEMBL2112364,557.49,CC(=O)NC1(c2ccccc2)CCN(c2ncnc3c2nc(-c2ccccc2Cl)n3-c2ccc(Cl)cc2)CC1,Ki,'=',726,nM,6.139063379
CHEMBL4532772,481.9,[N-]=[N+]=NC1CCN(c2nc(C(F)(F)c3ccccc3)nc3c2nnn3Cc2ccccc2Cl)C1,Ki,'=',729,nM,6.137272472
CHEMBL256036,362.47,CCCCOC(=O)Cc1cc(O)c2c(c1)OC(C)(C)[C@@H]1CC[C@H](O)C[C@@H]21,Ki,'=',733,nM,6.134896025
CHEMBL3959113,561.38,COc1cc(CNC(=O)c2nn(-c3ccc(F)cc3F)c(-n3cccc3)c2C)c(Br)c(OC)c1OC,Ki,'=',739,nM,6.131355562
CHEMBL4567814,536.47,O=C(NC1CCCC1)N1CCN(c2ncnc3c2nc(-c2ccccc2Cl)n3-c2ccc(Cl)cc2)CC1,Ki,'=',740,nM,6.13076828
CHEMBL93564,349.52,CCCCCn1c2ccccc2c2cc(CN3CCN(C)CC3)ccc21,Ki,'=',740,nM,6.13076828
CHEMBL257157,564.52,O=C(NCC1CCCCC1)N1CCN(c2ncnc3c2nc(-c2ccccc2Cl)n3-c2ccc(Cl)cc2)CC1,Ki,'=',740,nM,6.13076828
CHEMBL3758491,578,O=C(NC1CCN(c2ncnc3c2nc(-c2ccccc2Cl)n3-c2ccc(C(F)(F)F)nc2)CC1)c1ccccc1,Ki,'=',740,nM,6.13076828
CHEMBL3581221,614.6,CC1(NS(=O)(=O)NC2CCCCC2)CCN(c2ncnc3c2nc(-c2ccccc2Cl)n3-c2ccc(Cl)cc2)CC1,Ki,'=',740,nM,6.13076828
CHEMBL229965,528.67,O=C(NN1CCCCC1)c1nc(-c2ccc(Cl)cc2Cl)n(-c2ccc(Cl)cc2)c1Br,Ki,'=',746,nM,6.127261173
CHEMBL3781521,380.44,COc1ccc(C(=O)c2cn(CCN3CCOCC3)c3ccc(O)cc23)cc1,Ki,'=',746.6,nM,6.126912014
CHEMBL228374,334.39,COc1cccc2c(=O)c(C(=O)NC(C)(C)C)cn(CCCF)c12,Ki,'=',750,nM,6.124938737
CHEMBL514886,365.5,Cc1ccc(S(=O)(=O)N(CCc2ccccc2)Cc2ccccc2)cc1,Ki,'=',750,nM,6.124938737
CHEMBL224574,605.05,O=S(=O)(c1ccccc1F)c1cc(Cl)ccc1S(=O)(=O)N1CCC2(CC1)CCN(S(=O)(=O)C(F)(F)F)C2,Ki,'=',750,nM,6.124938737
CHEMBL3925410,459.42,CCc1c(C(=O)NC2CCCCC2)nn(-c2ccc(Cl)cc2Cl)c1-n1c(C)ccc1C,Ki,'=',753.8,nM,6.122743867
CHEMBL5437097,557.66,CCC(CC)(NC(=O)c1ccc(N2CC(O)C2)c(OC[C@H]2C[C@@H]2COCc2ccccc2)n1)C(=O)OCCCF,Ki,'=',755,nM,6.122053048
CHEMBL4570109,491.85,Cc1cc(Cl)cc(C)c1-c1c(C)c(C(=O)NN2CCCCC2)nn1-c1ccc(Cl)cc1Cl,Ki,'=',758,nM,6.120330794
CHEMBL2063242,464.78,Cc1c(C(=O)NN2CCCCC2)nc(-c2ccc(Cl)cc2Cl)n1-c1ccc(Cl)cn1,Ki,'=',758,nM,6.120330794
CHEMBL272350,368.5,CCC(C)(C)C(=O)Nc1cc(S(=O)(=O)N2CCOCC2)c(C)cc1C,Ki,'=',760,nM,6.119186408
CHEMBL272138,435.61,CCOc1ccc(Cc2nc3cc(C(=O)NCCC(C)C)ccc3n2CCC(C)C)cc1,Ki,'=',763.6,nM,6.11713408
CHEMBL88548,484.51,Cc1cc([N+](=O)[O-])c2oc(-c3ccc(OCCOCCNC(=O)OC(C)(C)C)cc3)cc(=O)c2c1,Ki,'=',764,nM,6.116906641
CHEMBL2030930,447.34,Cc1c(C(=O)NN2CCCCC2)nc(-c2ccc(Cl)cc2Cl)n1-c1ccc(F)cc1,Ki,'=',765,nM,6.116338565
CHEMBL2326276,348.45,CCCCn1c(C)c(C)cc(NC(=O)c2ccc3ccccc3c2)c1=O,Ki,'=',768,nM,6.11463878
CHEMBL2326284,325.45,COC1CCN(C(=O)C23CC4CC(CC(C4)C2)C3)c2ccccc21,Ki,'=',770,nM,6.113509275
CHEMBL4447210,359.43,CCCCCn1cc(C(=O)Nc2ccc(C#N)cc2)c(=O)c2ccccc21,Ki,'=',772,nM,6.1123827
CHEMBL518982,442.48,CCC(CC)(NC(=O)c1ccc(N2CC(F)(F)C2)c(OCC2CC2)n1)C(=O)NCCF,Ki,'=',773.9,nM,6.111315153
CHEMBL2387743,449.77,Cc1c(C(=O)NN2CCCC2)nc(-c2ccc(Cl)cc2Cl)n1-c1ccc(Cl)cc1,Ki,'=',774,nM,6.111259039
CHEMBL92800,401.51,CN(C)c1ccc(C(NC(=O)Cc2ccccc2)NC(=O)Cc2ccccc2)cc1,Ki,'=',777,nM,6.109578981
CHEMBL4744845,401.51,CN(C)c1ccc(C(NC(=O)Cc2ccccc2)NC(=O)Cc2ccccc2)cc1,Ki,'=',777,nM,6.109578981
CHEMBL4241316,571.96,Cc1c(C(=O)NCCCCCCCNS(C)(=O)=O)nn(-c2ccc(Cl)cc2Cl)c1-c1ccc(Cl)cc1,Ki,'=',780,nM,6.107905397
CHEMBL4583716,190.33,C=C1CC/C=C/CC[C@@H]2[C@@H]1CC2(C)C,Ki,'=',780,nM,6.107905397
CHEMBL484392,337.44,CCCCCn1c(C)c(C(=O)Cc2ccc(F)cc2)c2ccccc21,Ki,'=',781,nM,6.107348966
CHEMBL271500,370.54,CCCCCc1cc(CNC(N)=O)c2c(c1)OC(C)(C)[C@@H]1CCC(C)=C[C@@H]21,Ki,'=',782,nM,6.106793247
CHEMBL412262,388.47,COc1ccc(C(NC(=O)Cc2ccccc2)NC(=O)Cc2ccccc2)cc1,Ki,'=',783,nM,6.106238238
CHEMBL4454168,388.47,COc1ccc(C(NC(=O)Cc2ccccc2)NC(=O)Cc2ccccc2)cc1,Ki,'=',783,nM,6.106238238
CHEMBL1087721,362.47,CCCCCn1cc(C(=O)N[C@@H](C)c2ccccc2)c(=O)c2ccccc21,Ki,'=',784,nM,6.105683937
CHEMBL4567690,385.41,O=S(=O)(NCC1CC1)c1ccc(NCc2ccccn2)cc1C(F)(F)F,Ki,'=',789,nM,6.102922997
CHEMBL3116280,463.8,Cc1c(C(=O)NN2CCCCC2)nn(-c2ccc(Cl)cc2Cl)c1-c1ccc(Cl)cc1,Ki,'=',790,nM,6.102372909
CHEMBL255903,487.82,Cc1c(C(=O)NCc2ccc(Cl)cc2)nn(-c2ccc(Cl)c(Cl)c2)c1-n1c(C)ccc1C,Ki,'=',790,nM,6.102372909
CHEMBL562668,450.54,O=C(NCCC(c1ccccc1)c1ccccc1)C(c1ccccc1)c1ccc([N+](=O)[O-])cc1,Ki,'=',790,nM,6.102372909
CHEMBL2180222,357.46,O=c1c2cn(Cc3ccccc3)c3ccccc3c-2nn1C1CCCCC1,Ki,'=',790,nM,6.102372909
CHEMBL2030926,435.57,COc1ccc(C(C(=O)NCCC(c2ccccc2)c2ccccc2)c2ccccc2)cc1,Ki,'=',790,nM,6.102372909
CHEMBL91666,463.8,Cc1c(C(=O)NN2CCCCC2)nn(-c2ccc(Cl)cc2Cl)c1-c1ccc(Cl)cc1,Ki,'=',790,nM,6.102372909
CHEMBL421685,347.46,O=C(NC1CCCCCC1)c1cccn(CCN2CCOCC2)c1=O,Ki,'=',790,nM,6.102372909
CHEMBL1923759,463.8,Cc1c(C(=O)NN2CCCCC2)nn(-c2ccc(Cl)cc2Cl)c1-c1ccc(Cl)cc1,Ki,'=',790,nM,6.102372909
CHEMBL1923758,545.56,O=S(=O)(c1ccccc1F)c1ncccc1S(=O)(=O)N1CCC(CNS(=O)(=O)C(F)(F)F)CC1,Ki,'=',790,nM,6.102372909
CHEMBL1923756,445.74,Cc1c(C(=O)Nc2ccc(Cl)cc2)nn(-c2ccc(Cl)c(Cl)c2)c1-n1cccc1,Ki,'=',790,nM,6.102372909
CHEMBL250965,295.43,O=C(N1CCCc2ccccc21)C12CC3CC(CC(C3)C1)C2,Ki,'=',790,nM,6.102372909
CHEMBL2022697,452.63,CCCCCCC(C)(C)c1cc(O)cc(OCCCCCCCC(=O)OC(CO)CO)c1,Ki,'=',790,nM,6.102372909
CHEMBL228507,494.71,CCCCCCC(C)(C)c1cc(O)cc(OCCCCCCCCCCC(=O)OC(CO)CO)c1,Ki,'=',790,nM,6.102372909
CHEMBL1923775,463.8,Cc1c(C(=O)NN2CCCCC2)nn(-c2ccc(Cl)cc2Cl)c1-c1ccc(Cl)cc1,Ki,'=',790,nM,6.102372909
CHEMBL3947745,463.8,Cc1c(C(=O)NN2CCCCC2)nn(-c2ccc(Cl)cc2Cl)c1-c1ccc(Cl)cc1,Ki,'=',790,nM,6.102372909
CHEMBL158784,378.48,CCCCCn1cc(C(=O)N[C@@H](Cc2ccccc2)C(N)=O)c2cccnc21,Ki,'=',794,nM,6.100179498
CHEMBL258164,378.48,CCCCCn1cc(C(=O)N[C@@H](Cc2ccccc2)C(N)=O)c2cccnc21,Ki,'=',794.33,nM,6.099999035
CHEMBL3586094,322.4,COc1ccccc1Cc1cc2c(C)ccc(C(C)C)c2oc1=O,Ki,'=',795,nM,6.099632871
CHEMBL396798,391.3,CCCCNC(=O)c1nn(-c2ccc(Cl)cc2Cl)c(-n2cccc2)c1C,Ki,'=',795.7,nM,6.099250642
CHEMBL3909664,393.53,CCN(CC)C(=O)c1ccc2c(c1)nc(Cc1ccc(O)cc1)n2CCC(C)C,Ki,'=',799,nM,6.097453221
CHEMBL4741108,439.33,O=C(NCc1ccccc1)c1ccc(Br)c(S(=O)(=O)N2CCOCC2)c1,Ki,'=',800,nM,6.096910013
CHEMBL1270781,508.74,CCCCCCC(C)(C)c1cc(O)cc(OCCCCCCCCCCCC(=O)OC(CO)CO)c1,Ki,'=',800,nM,6.096910013
CHEMBL2030763,338.38,O=S(=O)(NCC1CC1)c1ccc(Nc2ccc(F)cc2F)cc1,Ki,'=',800,nM,6.096910013
CHEMBL4520650,415.54,CCOC(=O)c1c(NS(=O)(=O)c2cccc3ccccc23)sc2c1CCCC2,Ki,'=',800,nM,6.096910013
CHEMBL380925,294.35,COc1ccc(C(=O)n2c(C(C)C)nc3ccccc32)cc1,Ki,'=',800,nM,6.096910013
CHEMBL1214436,438.58,Cc1ccc(-c2cc3ncccc3c3cc(C(=O)N[C@H]4C5(C)CCC(C5)C4(C)C)nn23)cc1,Ki,'=',800,nM,6.096910013
CHEMBL2063251,401.89,O=C(N[C@@H]1CCCC[C@H]1O)c1cnc(OCC2CC2)c(-c2ccc(Cl)cc2)n1,Ki,'=',801,nM,6.096367484
CHEMBL2030764,495.86,CSc1c(C(=O)NN2CCCCC2)nn(-c2ccc(Cl)cc2Cl)c1-c1ccc(Cl)cc1,Ki,'=',804,nM,6.094743951
CHEMBL4074747,263.34,O=C(/C=C/C=C/c1ccc2ccccc2c1)NC1CC1,Ki,'=',810,nM,6.091514981
CHEMBL2180221,461.58,COc1ccc(-c2cc(Cc3ccc(F)cc3)c(OC)c(C(=O)N[C@H]3CC[C@H](C)CC3)c2)cc1,Ki,'=',811,nM,6.090979146
CHEMBL3116290,451.65,CCCCCCC(C)(C)c1cc(O)cc(OCCCCCCCC(=O)NC(CO)CO)c1,Ki,'=',814.8,nM,6.08894898
CHEMBL4445915,437.75,Cc1c(C(=O)OC(C)(C)C)nc(-c2ccc(Cl)cc2Cl)n1-c1ccc(Cl)cc1,Ki,'=',815,nM,6.088842391
CHEMBL463345,320.46,O=S(=O)(NCC1CC1)c1ccc(NC2CC3CCC2C3)cc1,Ki,'=',818,nM,6.087246696
CHEMBL196048,406.38,O=S(=O)(NCC1CC1)c1ccc(Nc2ccc(F)cc2F)cc1C(F)(F)F,Ki,'=',822,nM,6.085128182
CHEMBL3314941,484.21,O=C(NN1CCCCC1)c1nc(-c2ccc(Cl)cc2Cl)n(-c2ccc(Cl)cc2)c1Cl,Ki,'=',823,nM,6.084600165
CHEMBL2179750,479.41,O=C(NN1CCCCC1)c1nn(-c2ccc(Cl)cc2Cl)c2c1ccc1cc(C3CC3)ccc12,Ki,'=',825,nM,6.083546051
CHEMBL513034,455.5,O=S(=O)(NCC1CC1)c1ccc(Nc2ccc(N3CCOCC3)cc2)cc1C(F)(F)F,Ki,'=',825,nM,6.083546051
CHEMBL409343,353.22,O=C(NCC1CC1)c1ccc(Nc2ccc(Cl)cc2Cl)cc1F,Ki,'=',826,nM,6.083019953
CHEMBL4558335,442.52,Cc1ccc(Cn2c(NCCc3c[nH]c4ccccc34)nc3c2c(=O)n(C)c(=O)n3C)cc1,Ki,'=',827,nM,6.08249449
CHEMBL2030762,376.54,CCCCCCCn1c2ccccc2c2cc(C(=O)N3CCCCC3)ccc21,Ki,'=',827,nM,6.08249449
CHEMBL257713,394.51,CC(C)=CCC/C(C)=C/Cc1c(O)cc(CCc2ccccc2)c(C(=O)O)c1O,Ki,'=',828,nM,6.081969663
CHEMBL2179772,540.46,Clc1ccc(-n2c(-c3ccccc3Cl)nc3c(N4CCC(c5nc6ccccc6[nH]5)CC4)ncnc32)cc1,Ki,'=',830,nM,6.080921908
CHEMBL4472410,439.68,CCCCCc1cc(O)cc(OCCCCCCCCCCCNCc2ccccc2)c1,Ki,'=',830,nM,6.080921908
CHEMBL489835,324.51,CCCCCCC(C)(C)c1ccc(-c2ccc(C)c(C)c2)c(O)c1,Ki,'=',830,nM,6.080921908
CHEMBL490046,446.42,O=C(NC1CCCCC1)N1CCN(C(c2ccccc2)c2c(Cl)cccc2Cl)CC1,Ki,'=',831,nM,6.080398976
CHEMBL522123,474.37,O=S1(=O)CCN(c2ncnc3c2nc(-c2ccccc2Cl)n3-c2ccc(Cl)cc2)CC1,Ki,'=',834,nM,6.078833949
CHEMBL1214502,549.51,O=C(NC1CCN(c2ncnc3c2nc(-c2ccccc2Cl)n3-c2ccc(Cl)cc2)CC1)C1CCCCC1,Ki,'=',835,nM,6.078313525
CHEMBL550309,549.51,O=C(NC1CCN(c2ncnc3c2nc(-c2ccccc2Cl)n3-c2ccc(Cl)cc2)CC1)C1CCCCC1,Ki,'=',835,nM,6.078313525
CHEMBL228429,398.51,CCCCCCn1cc(C(=O)Nc2cccc3ccccc23)c(=O)c2ccccc21,Ki,'=',844,nM,6.073657553
CHEMBL224058,317.39,COC(=O)c1nn(C)cc1NC(=O)C12CC3CC(CC(C3)C1)C2,Ki,'=',845.42,nM,6.072927482
CHEMBL560463,449.98,COc1ccc(-c2c(C)c3c(n2-c2ccccc2Cl)CCN(N2CCCCC2)C3=O)cc1,Ki,'=',850,nM,6.070581074
CHEMBL559035,531.47,CCCS(=O)(=O)N1CCN(c2ncnc3c2nc(-c2ccccc2Cl)n3-c2ccc(Cl)cc2)CC1,Ki,'=',850,nM,6.070581074
CHEMBL3325938,312.41,CCCCn1c(C)c(C)cc(NC(=O)c2ccc(C)cc2)c1=O,Ki,'=',854,nM,6.068542129
CHEMBL2181541,471.47,N#Cc1cc(F)ccc1-c1noc(CCC(=O)Nc2ccc3c(c2)c2ccccc2n3CCF)n1,Ki,'=',858,nM,6.066512712
CHEMBL560462,648.04,O=S(=O)(NC1CCN(c2ncnc3c2nc(-c2ccccc2Cl)n3-c2ccc(OC(F)F)nc2)CC1)c1ccc(F)c(F)c1,Ki,'=',860,nM,6.065501549
CHEMBL4783870,500.94,COC[C@@H](COC(C)=O)N(C)C(=O)CC/C=C/CCCCC(Cl)CCCCCC(Cl)Cl,Ki,'=',860,nM,6.065501549
CHEMBL4095946,400.91,O=C(N[C@@H]1CCCC[C@H]1O)c1ccc(OCC2CC2)c(-c2ccc(Cl)cc2)n1,Ki,'=',863,nM,6.063989204
CHEMBL1923776,306.41,CCC(C)(C)C(=O)Nc1cc(CN2CCOCC2)c(N)cn1,Ki,'=',870,nM,6.060480747
CHEMBL5435489,438.61,CCCCCc1cc(O)cc(OCCCCCCCCCCC(=O)OC(CO)CO)c1,Ki,'=',870,nM,6.060480747
CHEMBL3120631,500.66,CCCCCc1cc2c(c(OS(=O)(=O)c3ccc(C)cc3)c1)[C@@H]1CC(C)(OO)C=C[C@H]1C(C)(C)O2,Ki,'=',876,nM,6.057495894
CHEMBL2436755,478.49,COc1cc(Nc2ccc(S(=O)(=O)N3CCc4ccccc43)c(C(F)(F)F)c2)cc(OC)c1,Ki,'=',880,nM,6.055517328
CHEMBL2180213,443.57,O=C(O)c1cnc(NC(=O)c2cc3c(n(CC4CCCCC4)c2=O)CCCCCC3)s1,Ki,'=',885,nM,6.053056729
CHEMBL3968595,443.57,O=C(O)c1cnc(NC(=O)c2cc3c(n(CC4CCCCC4)c2=O)CCCCCC3)s1,Ki,'=',885,nM,6.053056729
CHEMBL2179757,443.57,O=C(O)c1cnc(NC(=O)c2cc3c(n(CC4CCCCC4)c2=O)CCCCCC3)s1,Ki,'=',885.12,nM,6.052997846
CHEMBL2030769,316.41,CCCCn1cc(C(=O)N[C@H](C(N)=O)C(C)C)c2cccnc21,Ki,'=',891,nM,6.050122296
CHEMBL2179775,316.41,CCCCn1cc(C(=O)N[C@H](C(N)=O)C(C)C)c2cccnc21,Ki,'=',891.25,nM,6.050000457
CHEMBL2063238,421.38,CCCCCCNC(=O)c1cn(CCCCC)c2ccc(Br)cc2c1=O,Ki,'=',891.25,nM,6.050000457
CHEMBL2179767,356.47,O=C(c1cn(CCN2CCOCC2)c2ccc(O)cc12)C1CCCCC1,Ki,'=',895.3,nM,6.048031416
CHEMBL94239,462.94,Cn1c(=O)c2c(nc(NCCc3c[nH]c4ccccc34)n2Cc2cccc(Cl)c2)n(C)c1=O,Ki,'=',896,nM,6.04769199
CHEMBL2063248,446.42,O=C(NC1CCCCC1)N1CCN(C(c2ccccc2)c2cc(Cl)ccc2Cl)CC1,Ki,'=',899,nM,6.046240308
CHEMBL2179770,440.44,COC1CN(C(=O)c2c(NC(=O)c3ccccc3C(F)(F)F)sc3c2CCOC3)C1,Ki,'=',899,nM,6.046240308
CHEMBL2179774,419.36,CCCCCn1cc(C(=O)NC2CCCCC2)c(=O)c2cc(Br)ccc21,Ki,'=',900,nM,6.045757491
CHEMBL3322475,463.8,Cc1c(C(=O)NN2CCCCC2)nn(-c2ccc(Cl)cc2Cl)c1-c1ccc(Cl)cc1,Ki,'=',900,nM,6.045757491
CHEMBL231943,319.32,O=[N+]([O-])c1ccc2[nH]nc(OCc3cccc4ccccc34)c2c1,Ki,'=',900,nM,6.045757491
CHEMBL2326036,306.37,COc1ccc(C(=O)n2c(C3CCC3)nc3ccccc32)cc1,Ki,'=',900,nM,6.045757491
CHEMBL2181552,374.44,COc1ccc(COc2nn(Cc3ccc(OC)cc3)c3ccccc23)cc1,Ki,'=',900,nM,6.045757491
CHEMBL2180226,463.8,Cc1c(C(=O)NN2CCCCC2)nn(-c2ccc(Cl)cc2Cl)c1-c1ccc(Cl)cc1,Ki,'=',900,nM,6.045757491
CHEMBL2180216,398.46,Cc1c(C(=O)NC2CCCC2)nn(-c2ccc(F)cc2F)c1-n1c(C)ccc1C,Ki,'=',900,nM,6.045757491
CHEMBL4076334,436.53,CCC(CC)(NC(=O)c1ccc(N2CC(OC)C2)c(OCC2CC2)n1)C(=O)NCCF,Ki,'=',902.3,nM,6.044649043
CHEMBL2063245,306.52,CCCC[Si](C)(C)c1cc(O)c(C2CCCC2)c(OC)c1,Ki,'=',903.14,nM,6.044244922
CHEMBL1214375,446.42,COCCNC(=O)c1c(NC(=O)c2c(F)cccc2C(F)(F)F)sc2c1CCOC2,Ki,'=',904,nM,6.04383157
CHEMBL1214501,481.79,O=C(NN1CCCCC1)c1nc(-c2ccc(Cl)cc2Cl)n(-c2ccc(Cl)cc2)c1CF,Ki,'=',906,nM,6.042871802
CHEMBL1214434,354.49,CCCCCc1cc(O)cc(OCCCCCCOC(CO)CO)c1,Ki,'=',910,nM,6.040958608
CHEMBL2063240,416.51,CCCCCc1cc2c(c(O)c1C(=O)O)[C@@H]1C=C(COC(C)=O)CC[C@H]1C(C)(C)O2,Ki,'=',912,nM,6.040005162
CHEMBL2063241,304.5,CCCN1CC(C)(C)CS/C1=N\c1ccccc1C(C)C,Ki,'=',915,nM,6.038578906
CHEMBL2030747,459.52,C[C@H]1CC[C@@H](NC(=O)c2cc3cc(-c4ccco4)cnc3n(Cc3ccc(F)cc3)c2=O)CC1,Ki,'=',915,nM,6.038578906
CHEMBL3928444,310.4,O=C(NC1CCCCC1)c1cccnc1OCc1ccccc1,Ki,'=',916,nM,6.038104526
CHEMBL2063235,420.38,CCCCNC(=O)N1CCN(C(c2ccccc2)c2ccc(Cl)cc2Cl)CC1,Ki,'=',918,nM,6.037157319
CHEMBL3221185,462.57,COc1ccc(-c2cc(C(=O)NC3CCCCCC3)c(OCc3ccc(F)cc3)nc2C)cc1,Ki,'=',919,nM,6.036684489
CHEMBL2063247,366.41,COCCCNc1ccc(S(=O)(=O)NCC2CC2)c(C(F)(F)F)c1,Ki,'=',919,nM,6.036684489
CHEMBL2030744,523.63,COc1ccc(-c2oc3ccccc3c2C(=O)c2ccc(N(Cc3ccccc3)Cc3ccccc3)cc2)cc1,Ki,'=',920,nM,6.036212173
CHEMBL4555887,368.57,CCCCCCCNc1ccccc1C(=O)NC12CC3CC(CC(C3)C1)C2,Ki,'=',922.5,nM,6.035033625
CHEMBL404574,450.58,O=C(O)c1ccc(CNC(=O)c2cc3c(n(CC4CCCCC4)c2=O)CCCCCC3)cc1,Ki,'=',922.57,nM,6.035000672
CHEMBL2179730,450.58,O=C(O)c1ccc(CNC(=O)c2cc3c(n(CC4CCCCC4)c2=O)CCCCCC3)cc1,Ki,'=',923,nM,6.034798299
CHEMBL2347048,450.58,O=C(O)c1ccc(CNC(=O)c2cc3c(n(CC4CCCCC4)c2=O)CCCCCC3)cc1,Ki,'=',923,nM,6.034798299
CHEMBL257714,463.8,Cc1c(C(=O)NN2CCCCC2)nn(-c2ccc(Cl)cc2Cl)c1-c1ccc(Cl)cc1,Ki,'=',927,nM,6.032920266
CHEMBL2326305,527.54,C#CCCC1(CCNC(=O)c2nonc2Cn2nc3nc(C(C)(C)C)nc(N4CCC(F)(F)C4)c3n2)N=N1,Ki,'=',932,nM,6.030584088
CHEMBL2030743,498.35,O=S(=O)(NCCN1CCOCC1)c1ccc(Nc2ccc(Cl)cc2Cl)cc1C(F)(F)F,Ki,'=',933,nM,6.030118356
CHEMBL1214557,471.67,CCS(=O)(=O)n1c2c(c3cc(C(=O)N4CCC(C)CC4)ccc31)CN(CC1CCCCC1)C2,Ki,'=',935,nM,6.029188389
CHEMBL2180219,459.76,Cc1c(C(=O)NCc2ccc(Cl)cc2)nn(-c2ccc(Cl)cc2Cl)c1-n1cccc1,Ki,'=',940,nM,6.026872146
CHEMBL3922339,593.54,CS(=O)(=O)NC1(c2ccccc2)CCN(c2ncnc3c2nc(-c2ccccc2Cl)n3-c2ccc(Cl)cc2)CC1,Ki,'=',948,nM,6.023191663
CHEMBL1214376,592.55,CS(=O)(=O)NC1(c2ccccc2)CCC(c2ncnc3c2nc(-c2ccccc2Cl)n3-c2ccc(Cl)cc2)CC1,Ki,'=',948,nM,6.023191663
CHEMBL2030746,419.33,O=C1/C(=C/c2cccc(OCc3ccc(Cl)cc3Cl)c2)N=C2SCCCN12,Ki,'=',950,nM,6.022276395
CHEMBL2030752,484.43,O=C(NC1CCCOc2c1nn(-c1ccccc1Cl)c2-c1ccc(Cl)cc1)C1CCCCC1,Ki,'=',953,nM,6.020907099
CHEMBL2063122,378.48,Cc1nn(C)c2c1c(=O)c(C(=O)NC1CCCCC1)cn2Cc1ccccc1,Ki,'=',956,nM,6.019542108
CHEMBL454951,342.41,CC1(C)C2CC[C@](C)(C2)[C@@H]1NC(=O)c1c[nH]c2cc(F)ccc2c1=O,Ki,'=',957.1,nM,6.019042684
CHEMBL4070526,333.47,CCCCCc1cc(O)cc(OCCCCCC(=O)NC2CC2)c1,Ki,'=',960,nM,6.017728767
CHEMBL2063246,583.97,Cc1c(C(=O)NC[C@H]2CC[C@@H](CNS(C)(=O)=O)CC2)nn(-c2ccc(Cl)cc2Cl)c1-c1ccc(Cl)cc1,Ki,'=',960,nM,6.017728767
CHEMBL239703,393.53,CCOc1ccc(Cc2nc3cc(C(C)=O)ccc3n2CCN(CC)CC)cc1,Ki,'=',960,nM,6.017728767
CHEMBL3314942,367.45,CCOc1ccc(Cc2nc3cc([N+](=O)[O-])ccc3n2CCC(C)C)cc1,Ki,'=',961.8,nM,6.016915227
CHEMBL257715,468.35,O=C(c1cn(Cc2ccc(Br)cc2)c2ccccc2c1=O)c1cccc2ccccc12,Ki,'=',966,nM,6.015022874
CHEMBL272139,310.37,Cc1cccc(-c2c(O)cc(C(=O)c3cccs3)cc2O)c1,Ki,'=',975,nM,6.010995384
CHEMBL4169940,312.37,CCCCn1c(C)c(C)cc(Oc2nc3ccccc3o2)c1=O,Ki,'=',976,nM,6.010550182
CHEMBL484163,446.38,Cc1c(C(=O)NN2CCCCC2)nn(-c2ccc(Cl)cc2Cl)c1-n1c(C)ccc1C,Ki,'=',980,nM,6.008773924
CHEMBL1214558,398.92,O=C1/C(=C/c2cccc(OCc3ccccc3Cl)c2)N=C2SCCCCN12,Ki,'=',980,nM,6.008773924
CHEMBL1214377,416.27,CN(C)CCn1c(Cc2ccc(Cl)c(Cl)c2)nc2cc(C(F)(F)F)ccc21,Ki,'=',980,nM,6.008773924
CHEMBL1214503,387.52,CCCCCCCN1C(=O)C2C3c4ccccc4C(C)(c4ccccc43)C2C1=O,Ki,'=',980,nM,6.008773924
CHEMBL4473438,517.44,CCS(=O)(=O)N1CCN(c2ncnc3c2nc(-c2ccccc2Cl)n3-c2ccc(Cl)cc2)CC1,Ki,'=',980,nM,6.008773924
CHEMBL2347045,531.47,CC(C)S(=O)(=O)N1CCN(c2ncnc3c2nc(-c2ccccc2Cl)n3-c2ccc(Cl)cc2)CC1,Ki,'=',980,nM,6.008773924
CHEMBL232782,443.6,CCCCCn1cc(C(=O)NC2CCCCCC2)c(=O)n2nc(N3CCN(C)CC3)nc12,Ki,'=',982,nM,6.007888512
CHEMBL4456433,500.43,C[C@H](NS(C)(=O)=O)c1ccc(S(=O)(=O)c2ccc(Cl)cc2Oc2ccc(Cl)cc2)cc1,Ki,'=',983,nM,6.007446482
CHEMBL453106,432.4,O=C(N1CCCCC1)N1CCN(C(c2ccccc2)c2ccc(Cl)cc2Cl)CC1,Ki,'=',987,nM,6.005682847
CHEMBL4458929,386.61,CSC(=S)N1CC(C)(C)CS/C1=N\c1ccccc1-c1ccccc1,Ki,'=',989,nM,6.004803708
CHEMBL3322476,339.48,CCOC1CCN(C(=O)C23CC4CC(CC(C4)C2)C3)c2ccccc21,Ki,'=',990,nM,6.004364805
CHEMBL1214437,533.47,Cc1c(CN2CCN(c3ncnc4c3nc(-c3ccccc3Cl)n4-c3ccc(Cl)cc3)CC2)cnn1C,Ki,'=',990,nM,6.004364805
CHEMBL2179773,460.92,O=C(CCc1nc(-c2ccc(Cl)cc2)no1)Nc1ccc2c(c1)c1ccccc1n2CCO,Ki,'=',990,nM,6.004364805
CHEMBL2179729,402.53,CCCCCc1cc(O)c2c(c1)OC(C)(C)C1=C2C(OC(C)=O)C(C)(OC)CC1,Ki,'=',990,nM,6.004364805
CHEMBL404184,302.51,C/C(=C/CC[C@]1(C)[C@H]2C[C@@H]3[C@@H](C2)[C@]31C)CN1CCN(C)CC1,Ki,'=',990,nM,6.004364805
CHEMBL297453,392.44,O=S(=O)(NCC1CC1)c1ccc(NCC2CCOCC2)cc1C(F)(F)F,Ki,'=',996,nM,6.001740662
CHEMBL2413161,428.43,COCCNC(=O)c1c(NC(=O)c2ccccc2C(F)(F)F)sc2c1CCOC2,Ki,'=',999,nM,6.000434512
CHEMBL4215809,472.53,CCCN(CC1CC1)S(=O)(=O)c1ccc(Nc2ccc(OC)cc2OC)cc1C(F)(F)F,Ki,'=',999,nM,6.000434512
CHEMBL4206416,311.47,CCCCCCC(C)(C)c1ccc(-c2ccc(N)cc2)c(O)c1,Ki,'=',1000,nM,6
CHEMBL2063250,425.61,CCCCC/C=C\C/C=C\C/C=C\C/C=C\CCCC(=O)Nc1ccc(O)c(OC)c1,Ki,'=',1000,nM,6
CHEMBL2063252,330.45,CCCc1sc2ccccc2c1C(=O)c1cccc2ccccc12,Ki,'=',1000,nM,6
CHEMBL3975461,438.96,CCCCNC(=O)c1ccc2c(c1)N=C(c1ccc(F)c(Cl)c1)c1ccccc1S2,Ki,'=',1000,nM,6
CHEMBL36327,438.96,CCCCNC(=O)c1ccc2c(c1)N=C(c1ccc(F)c(Cl)c1)c1ccccc1S2,Ki,'=',1000,nM,6
CHEMBL47386,538.02,CS/C(=N\S(=O)(=O)c1ccc(C(F)(F)F)cc1)N1CC(c2ccccc2)C(c2ccc(Cl)cc2)=N1,Ki,'=',1000,nM,6
