Molecule ChEMBL ID,Molecular Weight,Smiles,Standard Type,Standard Relation,Standard Value,Standard Units,pIC50
CHEMBL3798535,463.56,COc1ccc(OC(=O)N2CCC(c3nc(C4=NOC(c5ccccc5)C4)cs3)CC2)cc1,IC50,'=',0.01,nM,11
CHEMBL3797772,468.97,O=C(Oc1ccc(Cl)cc1)N1CCN(c2nc(C3=NOC(c4ccccc4)C3)cs2)CC1,IC50,'=',0.01,nM,11
CHEMBL3798487,434.52,O=C(Oc1cccnc1)N1CCC(c2nc(C3=NOC(c4ccccc4)C3)cs2)CC1,IC50,'=',0.02,nM,10.69897
CHEMBL3113272,397.39,O=C(Nc1cccnn1)N1CCN(c2nccc(-c3cc(F)ccc3F)n2)CC1,IC50,'=',0.025,nM,10.60205999
CHEMBL3797635,458.54,N#Cc1cccc(OC(=O)N2CCC(c3nc(C4=NOC(c5ccccc5)C4)cs3)CC2)c1,IC50,'=',0.03,nM,10.52287875
CHEMBL3800456,447.56,Cc1ccccc1OC(=O)N1CCC(c2nc(C3=NOC(c4ccccc4)C3)cs2)CC1,IC50,'=',0.04,nM,10.39794001
CHEMBL3797841,467.98,O=C(Oc1ccccc1Cl)N1CCC(c2nc(C3=NOC(c4ccccc4)C3)cs2)CC1,IC50,'=',0.06,nM,10.22184875
CHEMBL3798156,433.53,O=C(Oc1ccccc1)N1CCC(c2nc(C3=NOC(c4ccccc4)C3)cs2)CC1,IC50,'=',0.07,nM,10.15490196
CHEMBL3113271,397.39,O=C(Nc1cccnn1)N1CCN(c2nccc(-c3cccc(F)c3F)n2)CC1,IC50,'=',0.072,nM,10.1426675
CHEMBL3799744,467.98,O=C(Oc1ccc(Cl)cc1)N1CCC(c2nc(C3=NOC(c4ccccc4)C3)cs2)CC1,IC50,'=',0.08,nM,10.09691001
CHEMBL3113274,397.39,O=C(Nc1cccnn1)N1CCN(c2nccc(-c3cc(F)cc(F)c3)n2)CC1,IC50,'=',0.08,nM,10.09691001
CHEMBL3797809,459.53,N#Cc1ccc(OC(=O)N2CCN(c3nc(C4=NOC(c5ccccc5)C4)cs3)CC2)cc1,IC50,'=',0.09,nM,10.04575749
CHEMBL182199,336.44,O=C(CCCCCCCCc1ccccc1)c1nc2ncccc2o1,IC50,'=',0.1,nM,10
CHEMBL112486,356.55,CCCCC/C=C\C/C=C\C/C=C\C/C=C\CCCCS(=O)(=O)F,IC50,'=',0.1,nM,10
CHEMBL3798476,458.54,N#Cc1ccc(OC(=O)N2CCC(c3nc(C4=NOC(c5ccccc5)C4)cs3)CC2)cc1,IC50,'=',0.14,nM,9.853871964
CHEMBL598764,411.55,CCCCCCCCCCCOc1ccc(NC(=O)O/N=C/c2cccnc2)cc1,IC50,'=',0.15,nM,9.823908741
CHEMBL4078217,407.31,O=C(OC(C(F)(F)F)C(F)(F)F)N1CC(c2ccn(Cc3ccccc3)n2)C1,IC50,'=',0.16,nM,9.795880017
CHEMBL3798355,502.52,O=C(Oc1ccc(C(F)(F)F)cc1)N1CCN(c2nc(C3=NOC(c4ccccc4)C3)cs2)CC1,IC50,'=',0.16,nM,9.795880017
CHEMBL3799008,459.53,N#Cc1cccc(OC(=O)N2CCN(c3nc(C4=NOC(c5ccccc5)C4)cs3)CC2)c1,IC50,'=',0.2,nM,9.698970004
CHEMBL597648,400.49,CCCCCCCCCOc1ccc(NC(=O)O/N=C/c2ccc(F)cc2)cc1,IC50,'=',0.2,nM,9.698970004
CHEMBL3799516,479.52,O=C(Oc1ccc([N+](=O)[O-])cc1)N1CCN(c2nc(C3=NOC(c4ccccc4)C3)cs2)CC1,IC50,'=',0.2,nM,9.698970004
CHEMBL3800599,447.56,Cc1ccc(OC(=O)N2CCC(c3nc(C4=NOC(c5ccccc5)C4)cs3)CC2)cc1,IC50,'=',0.2,nM,9.698970004
CHEMBL184238,338.41,NC(=O)c1cccc(-c2cccc(OC(=O)NC3CCCCC3)c2)c1,IC50,'=',0.24,nM,9.619788758
CHEMBL597430,382.5,CCCCCCCCCOc1ccc(NC(=O)O/N=C/c2ccccc2)cc1,IC50,'=',0.25,nM,9.602059991
CHEMBL596658,414.52,CCCCCCCCCCOc1ccc(NC(=O)O/N=C/c2ccc(F)cc2)cc1,IC50,'=',0.25,nM,9.602059991
CHEMBL597647,386.47,CCCCCCCCOc1ccc(NC(=O)O/N=C/c2ccc(F)cc2)cc1,IC50,'=',0.27,nM,9.568636236
CHEMBL367966,308.38,O=C(CCCCCCc1ccccc1)c1nc2ncccc2o1,IC50,'=',0.3,nM,9.522878745
CHEMBL179760,322.41,O=C(CCCCCCCc1ccccc1)c1nc2ncccc2o1,IC50,'=',0.3,nM,9.522878745
CHEMBL2386566,308.38,CN(C)C(=O)[C@H]1C[C@@H]1c1ccc(-c2ncn(C)c2Sc2ccc(Cl)cc2)cc1,IC50,'=',0.3,nM,9.522878745
CHEMBL113262,411.96,CCCCC/C=C\C/C=C\C/C=C\C/C=C\CCCCP(=O)(F)OC,IC50,'=',0.3,nM,9.522878745
CHEMBL597431,370.49,CCCCCCCCCCOc1ccc(NC(=O)O/N=C/c2ccccc2)cc1,IC50,'=',0.33,nM,9.48148606
CHEMBL597940,370.49,CCCCCCCCCCCCOc1ccc(NC(=O)O/N=C/c2cccnc2)cc1,IC50,'=',0.3311,nM,9.480040819
CHEMBL598558,396.53,CCCCCCCCCCOc1ccc(NC(=O)O/N=C/c2cccnc2)cc1,IC50,'=',0.35,nM,9.455931956
CHEMBL3797226,425.57,O=C(Oc1ccc(C(F)(F)F)cc1)N1CCC(c2nc(C3=NOC(c4ccccc4)C3)cs2)CC1,IC50,'=',0.35,nM,9.455931956
CHEMBL4641417,397.52,COc1cccc(-c2ccc(COC3(C)CN(C#N)C3)cc2)c1,IC50,'=',0.35,nM,9.455931956
CHEMBL596659,501.53,CCCCCCCCCCCOc1ccc(NC(=O)O/N=C/c2ccc(F)cc2)cc1,IC50,'=',0.36,nM,9.443697499
CHEMBL177577,308.38,O=C(CCCCCCc1ccccc1)c1ncc(-c2ccccn2)o1,IC50,'=',0.36,nM,9.443697499
CHEMBL3797377,428.55,O=C(Oc1cccc(Cl)c1)N1CCC(c2nc(C3=NOC(c4ccccc4)C3)cs2)CC1,IC50,'=',0.4,nM,9.397940009
CHEMBL597229,334.42,CCCCCCCCOc1ccc(NC(=O)O/N=C/c2ccccc2)cc1,IC50,'=',0.4,nM,9.397940009
CHEMBL2326178,467.98,Cc1onc(NC(=O)N2CCN(c3nc(-c4ccc(F)cc4F)cs3)CC2)c1C,IC50,'=',0.41,nM,9.387216143
CHEMBL586217,368.48,CCCCCCCCCCCOc1ccc(NC(=O)O/N=C/c2ccccc2)cc1,IC50,'=',0.43,nM,9.366531544
CHEMBL4077745,419.46,O=C(OC(C(F)(F)F)C(F)(F)F)N1CC(c2cc(-c3ccccc3)n(-c3ccccc3)n2)C1,IC50,'=',0.43,nM,9.366531544
CHEMBL4091498,410.56,NC(=O)c1cccc(-c2ccc(OC(=O)NCCCN3CCN(c4cccc(Cl)c4Cl)CC3)cc2)c1,IC50,'=',0.45,nM,9.346787486
CHEMBL2207348,469.38,O=C(Nc1noc2cnccc12)N1CCN(Cc2cccc(Oc3ccc(Cl)cc3)c2)CC1,IC50,'=',0.49,nM,9.30980392
CHEMBL2386568,527.45,CNC(=O)[C@H]1C[C@@H]1c1ccc(-c2ncn(C)c2Sc2ccc(Cl)cc2)cc1,IC50,'=',0.5,nM,9.301029996
CHEMBL2386554,463.93,[11CH3]n1cc(Sc2ccc(Cl)cc2)c(-c2ccc3ccc(C(N)=O)nc3c2)n1,IC50,'=',0.5,nM,9.301029996
CHEMBL220379,397.93,COC(=O)c1ccnc(-c2cnc(C(=O)CCCCCCc3ccccc3)o2)c1,IC50,'=',0.5,nM,9.301029996
CHEMBL4086944,393.89,NC(=O)c1cccc(-c2ccc(OC(=O)NC/C=C/CN3CCN(c4cccc(Cl)c4Cl)CC3)cc2F)c1,IC50,'=',0.5,nM,9.301029996
CHEMBL4092052,392.46,NC(=O)c1cccc(-c2ccc(OC(=O)NCCCCN3CCN(c4cccc(Cl)c4Cl)CC3)cc2)c1,IC50,'=',0.6,nM,9.22184875
CHEMBL3798594,557.45,Cc1cccc(OC(=O)N2CCC(c3nc(C4=NOC(c5ccccc5)C4)cs3)CC2)c1,IC50,'=',0.6,nM,9.22184875
CHEMBL4204424,541.48,O=C(Nc1cccnc1)N1CCC(Cc2cccc(Oc3ccc(C(F)(F)F)cc3)c2)CC1,IC50,'=',0.6,nM,9.22184875
CHEMBL182206,447.56,O=C(CCCCCCCc1ccccc1)c1nnc(-c2ccccn2)o1,IC50,'=',0.6,nM,9.22184875
CHEMBL4781803,455.48,NC(=O)c1ccc(-c2ccc(OC(=O)NCCCCN3CCN(c4cccc(Cl)c4Cl)CC3)cc2)cc1,IC50,'=',0.6,nM,9.22184875
CHEMBL4438972,349.43,Nc1ncc(C(=O)NC2CCC(=Cc3cccc(Oc4ccc(C(F)(F)F)cn4)c3)CC2)cn1,IC50,'=',0.6,nM,9.22184875
CHEMBL4070196,541.48,NC(=O)c1cccc(-c2cccc(OC(=O)NCCCN3CCN(c4cccc(Cl)c4Cl)CC3)c2)c1,IC50,'=',0.6,nM,9.22184875
CHEMBL3799603,469.47,O=C(NCCCCN1CCN(c2cccc(Cl)c2Cl)CC1)Oc1ccccc1,IC50,'=',0.6,nM,9.22184875
CHEMBL483697,527.45,NC(=O)c1cccc(-c2cccc(OC(=O)NCc3ccc4ccccc4c3)c2)c1,IC50,'=',0.6,nM,9.22184875
CHEMBL598557,422.36,CCCCCCCCCOc1ccc(NC(=O)O/N=C/c2cccnc2)cc1,IC50,'=',0.63,nM,9.200659451
CHEMBL2326194,396.45,Cc1onc(NC(=O)N2CCN(c3nc(-c4ccccc4F)cs3)CC2)c1C,IC50,'=',0.63,nM,9.200659451
CHEMBL4097203,383.49,O=C(OC(C(F)(F)F)C(F)(F)F)N1CC(c2ccn(-c3ccc(F)c(F)c3)n2)C1,IC50,'=',0.65,nM,9.187086643
CHEMBL4593464,401.47,O=C(NC1CCC(=Cc2cccc(Oc3ccc(C(F)(F)F)cn3)c2)CC1)c1cccnc1,IC50,'=',0.67,nM,9.173925197
CHEMBL3113273,429.27,O=C(Nc1cccnn1)N1CCN(c2nccc(-c3ccc(F)c(F)c3)n2)CC1,IC50,'=',0.67,nM,9.173925197
CHEMBL219633,453.46,N#Cc1ccnc(-c2cnc(C(=O)CCCCCCc3ccccc3)o2)c1,IC50,'=',0.7,nM,9.15490196
CHEMBL361529,397.39,O=C(CCCCCCCCc1ccccc1)c1nnc(-c2ccccn2)o1,IC50,'=',0.72,nM,9.142667504
CHEMBL598556,359.43,CCCCCCCCOc1ccc(NC(=O)O/N=C/c2cccnc2)cc1,IC50,'=',0.8,nM,9.096910013
CHEMBL2386567,363.46,Cn1cnc(-c2ccc([C@H]3C[C@@H]3C(N)=O)cc2)c1Sc1ccc(Cl)cc1,IC50,'=',0.8,nM,9.096910013
CHEMBL2326177,369.47,Cc1onc(NC(=O)N2CCN(c3nc(-c4ccc(F)cc4)cs3)CC2)c1C,IC50,'=',0.8,nM,9.096910013
CHEMBL4079093,383.9,Cl.O=C(NCCCCN1CCN(c2cccc(Cl)c2Cl)CC1)Oc1ccc(-c2ccccc2)cc1,IC50,'=',0.8,nM,9.096910013
CHEMBL2326192,401.47,Cc1onc(NC(=O)N2CCN(c3nc(-c4ccccc4)cs3)CC2)c1C,IC50,'=',0.86,nM,9.065501549
CHEMBL3798331,534.92,Cl.O=C(NCCCCN1CCN(c2cccc(Cl)c2Cl)CC1)Oc1cccc2[nH]cnc12,IC50,'=',0.9,nM,9.045757491
CHEMBL3809293,383.48,O=C(Nc1cccnc1)N1CCN(Cc2cccc(Oc3ccc(C(F)(F)F)cc3)c2)CC1,IC50,'=',0.92,nM,9.036212173
CHEMBL219658,498.84,Cc1ccnc(-c2cnc(C(=O)CCCCCCc3ccccc3)o2)c1,IC50,'=',0.99,nM,9.004364805
CHEMBL1761301,456.47,CCn1c(=O)n([C@H]2CCCN(c3nccc(-c4ccc(Cl)s4)n3)C2)c2ncccc21,IC50,'=',1,nM,9
CHEMBL597923,348.45,CCCCCCCCCCCOc1ccc(NC(=O)Oc2ccccc2)cc1,IC50,'=',1,nM,9
CHEMBL2386558,440.96,CN(C)C(=O)[C@H]1C[C@@H]1c1ccc(-c2ncn(C)c2Sc2ccc(Cl)cn2)cc1,IC50,'=',1,nM,9
CHEMBL2386569,383.53,Cn1cnc(-c2ccc([C@H]3C[C@@H]3C(=O)NCCF)cc2)c1Sc1ccc(Cl)cc1,IC50,'=',1,nM,9
CHEMBL4069565,412.95,NC(=O)c1cccc(-c2ccc(OC(=O)NCCCCN3CCN(c4cccc(Cl)c4Cl)CC3)cc2F)c1,IC50,'=',1,nM,9
CHEMBL175854,429.95,O=C(CCCCCc1ccccc1)c1nc2ncccc2o1,IC50,'=',1,nM,9
CHEMBL472535,559.47,O=C(Nc1ccccc1F)N1CCN(c2nc(-c3ccccc3)ns2)CC1,IC50,'=',1,nM,9
CHEMBL3809683,294.35,O=C(Nc1cccnc1)N1CCC(Cc2cccc(Oc3ccc(Cl)cn3)c2)CC1,IC50,'=',1,nM,9
CHEMBL4633233,370.49,COc1ccc(-c2ccc(COC3(C4CC4)CN(C#N)C3)c(F)c2)cc1F,IC50,'=',1,nM,9
CHEMBL428874,383.45,CC(C)c1cccc(CN2CCC(CCCC(=O)c3ncco3)CC2)c1,IC50,'=',1,nM,9
CHEMBL178398,422.92,O=C(CCCCCCc1ccccc1)c1nnc(-c2ccccn2)o1,IC50,'=',1,nM,9
CHEMBL4073966,370.4,NC(=O)c1cccc(-c2cccc(OC(=O)NCCCCN3CCN(c4ccccc4)CC3)c2)c1,IC50,'=',1,nM,9
CHEMBL4079190,294.35,O=C(OC(C(F)(F)F)C(F)(F)F)N1CC(c2ccn(-c3cnccn3)n2)C1,IC50,'=',1,nM,9
CHEMBL3113270,354.49,O=C(Nc1cccnn1)N1CCN(c2nccc(-c3ccc(F)cc3F)n2)CC1,IC50,'=',1,nM,9
CHEMBL2386562,335.41,CNC(=O)[C@H]1C[C@@H]1c1ccc(-c2ncn(C)c2Sc2ccc(Cl)cn2)cc1,IC50,'=',1,nM,9
CHEMBL2386570,472.59,CN(CCF)C(=O)[C@H]1C[C@@H]1c1ccc(-c2ncn(C)c2Sc2ccc(Cl)cc2)cc1,IC50,'=',1.1,nM,8.958607315
CHEMBL2326196,395.26,Cc1onc(NC(=O)N2CCN(c3nc(-c4cccc(F)c4)cs3)CC2)c1C,IC50,'=',1.1,nM,8.958607315
CHEMBL3217945,397.39,Cn1ncc2cc(-c3ccc4oc(N5Cc6ccccc6C5)nc4c3)ccc21,IC50,'=',1.1,nM,8.958607315
CHEMBL4065510,398.92,NC(=O)c1cccc(-c2ccc(OC(=O)NC/C=C/CN3CCN(c4cccc(Cl)c4Cl)CC3)cc2)c1,IC50,'=',1.1,nM,8.958607315
CHEMBL4557596,443.98,Nc1ccc(C(=O)NC2CCC(=Cc3cccc(Oc4ccc(C(F)(F)F)cn4)c3)CC2)cn1,IC50,'=',1.1,nM,8.958607315
CHEMBL3121143,401.47,CCSc1ccc(-c2cc(NC[C@H](O)c3ccccc3)ncn2)cc1,IC50,'=',1.2,nM,8.920818754
CHEMBL2326197,366.42,Cc1onc(NC(=O)N2CCN(c3nc(-c4ccc(F)cc4)ns3)CC2)c1C,IC50,'=',1.2,nM,8.920818754
CHEMBL4100735,539.46,NC(=O)c1cccc(-c2cccc(OC(=O)NCCCN3CCN(c4ccccc4)CC3)c2)c1,IC50,'=',1.2,nM,8.920818754
CHEMBL3809841,468.48,O=C(Nc1cnccc1Cl)N1CCN(Cc2cccc(Oc3ccc(Cl)cc3)c2)CC1,IC50,'=',1.2,nM,8.920818754
CHEMBL1812716,351.48,CCn1ccc2cc(-c3ccc4oc(N5Cc6ccccc6C5)nc4c3)ccc21,IC50,'=',1.3,nM,8.886056648
CHEMBL4474161,402.46,Cc1cc(C(=O)NC2CCC(=Cc3cccc(Oc4ccc(C(F)(F)F)cn4)c3)CC2)cnc1N,IC50,'=',1.3,nM,8.886056648
CHEMBL3799465,527.45,Cl.O=C(NCCCCN1CCN(c2cccc(Cl)c2Cl)CC1)Oc1cccc2sccc12,IC50,'=',1.3,nM,8.886056648
CHEMBL592771,351.48,CCCCCCCCCCOc1ccc(NC(=O)Oc2ccccc2)cc1,IC50,'=',1.3,nM,8.886056648
CHEMBL2164602,458.56,O=C(Nc1cccnc1)N1CCN(Cc2cccc(Oc3ccc(Cl)cc3)c2)CC1,IC50,'=',1.3,nM,8.886056648
CHEMBL220556,457.36,O=C(CCCCCCc1ccccc1)c1ncc(-c2cc(C(F)(F)F)ccn2)o1,IC50,'=',1.3,nM,8.886056648
CHEMBL3113269,379.46,O=C(Nc1cccnn1)N1CCN(c2cc(-c3ccc(F)cc3F)ncn2)CC1,IC50,'=',1.3,nM,8.886056648
CHEMBL2386564,482.51,Cn1cnc(-c2ccc([C@H]3C[C@@H]3C(=O)NCCF)cc2)c1Sc1ccc(Cl)cn1,IC50,'=',1.3,nM,8.886056648
CHEMBL1812715,514.91,CCOc1ccc(-c2cc(NC[C@H](O)c3ccccc3)ncn2)cc1Cl,IC50,'=',1.4,nM,8.853871964
CHEMBL3799633,369.51,O=C(Oc1ccccc1)N1CCN(c2nc(C3=NOC(c4ccccc4)C3)cs2)CC1,IC50,'=',1.4,nM,8.853871964
CHEMBL374235,422.92,O=C(CCCCCCc1ccccc1)c1ncc(-c2cc([N+](=O)[O-])ccn2)o1,IC50,'=',1.4,nM,8.853871964
CHEMBL4071240,402.42,NC(=O)c1cccc(-c2cccc(OC(=O)NCCCCN3CCN(c4cccc(Cl)c4Cl)CC3)c2)c1,IC50,'=',1.5,nM,8.823908741
CHEMBL220629,397.39,COc1ccnc(-c2cnc(C(=O)CCCCCCc3ccccc3)o2)c1,IC50,'=',1.5,nM,8.823908741
CHEMBL232782,430.94,Cc1nc(-c2ccccc2)c(-c2ccccc2)n1CCCCCCNC(=O)Oc1ccccc1F,IC50,'=',1.5,nM,8.823908741
CHEMBL2326189,369.85,Cc1onc(NC(=O)N2CCN(c3nc(-c4ccccc4)ns3)CC2)c1C,IC50,'=',1.5,nM,8.823908741
CHEMBL592772,369.85,CCCCCCCCCCCCOc1ccc(NC(=O)Oc2ccccc2)cc1,IC50,'=',1.5,nM,8.823908741
CHEMBL598047,434.52,CCCCCOc1ccc(NC(=O)O/N=C/c2ccc(F)cc2)cc1,IC50,'=',1.56,nM,8.806875402
CHEMBL4081780,379.42,COc1ccccc1N1CCN(CCCNC(=O)Oc2cccc(-c3cccc(C(N)=O)c3)c2)CC1,IC50,'=',1.6,nM,8.795880017
CHEMBL5092295,541.48,Cc1ccc2sc(-c3ccc(NC(=O)C4CCN(S(=O)(=O)c5ccccc5Cl)CC4)cc3)nc2c1,IC50,'=',1.6,nM,8.795880017
CHEMBL1651534,541.48,O=C(Nc1cccnn1)N1CCC(=Cc2cccc(Oc3ccc(C(F)(F)F)cn3)c2)CC1,IC50,'=',1.6,nM,8.795880017
CHEMBL570812,364.45,COc1nn(-c2ccc(NC(=O)OCc3ccccc3)c(C)c2)c(=O)o1,IC50,'=',1.7,nM,8.769551079
CHEMBL4455665,471.58,O=C(Oc1cccc(N2CCS(=O)(=O)CC2)c1)N1CCN(Cc2cccc(-c3ccccc3)c2)CC1,IC50,'=',1.7,nM,8.769551079
CHEMBL1761457,384.47,Cc1c([C@@H]2CCCN(c3nccc(-c4cc5ccccc5s4)n3)C2)c2cccnc2n1CCO,IC50,'=',1.7,nM,8.769551079
CHEMBL1761303,397.56,CCn1c(=O)n([C@H]2CCCN(c3nccc(-c4cc5ccccc5s4)n3)C2)c2ncccc21,IC50,'=',1.8,nM,8.744727495
CHEMBL606201,344.39,O=C(Oc1ccc([N+](=O)[O-])cc1)N1CCN(Cc2cccc(Oc3ccccc3)c2)CC1,IC50,'=',1.8,nM,8.744727495
CHEMBL175580,488.59,CCCCCCCCC#CCCCCCCCC(=O)c1nc2ncccc2o1,IC50,'=',1.8,nM,8.744727495
CHEMBL1761302,526.08,O=c1n(CC(F)(F)F)c2cccnc2n1[C@H]1CCCN(c2nccc(-c3ccc(Cl)s3)n2)C1,IC50,'=',1.8,nM,8.744727495
CHEMBL2159800,455.44,O=C(N1CCC(Cc2ccccc2)CC1)n1nnc2ccccc21,IC50,'=',1.8,nM,8.744727495
CHEMBL4638402,355.35,COc1ccc(-c2ccc(COC3(c4cccnc4)CN(C#N)C3)c(F)c2)cc1F,IC50,'=',1.9,nM,8.721246399
CHEMBL4577896,505.64,CC(C)(C)OC(=O)N1CCC(CCCC(=O)c2ncco2)CC1,IC50,'=',1.9,nM,8.721246399
CHEMBL270189,469.61,Cc1c(C2CCCN(c3nccc(-c4cc5ccccc5s4)n3)C2)c2cccnc2n1CC#N,IC50,'=',2,nM,8.698970004
CHEMBL1761455,456.58,O=C(Nc1cccnc1)N1CCC(Cc2cccc(Oc3ccc(C(F)(F)F)cn3)c2)CC1,IC50,'=',2,nM,8.698970004
CHEMBL1651524,433.46,O=C(Nc1cccc2nsnc12)N1CCN(c2nc(-c3ccccc3)ns2)CC1,IC50,'=',2,nM,8.698970004
CHEMBL527204,382.55,CCCCCCCCCCCCOc1ccc(NC(=O)O/N=C/c2ccc(F)cc2)cc1,IC50,'=',2,nM,8.698970004
CHEMBL608147,494.93,Cc1onc(NC(=O)N2CCN(c3nc(-c4ccccc4F)ns3)CC2)c1C,IC50,'=',2,nM,8.698970004
CHEMBL2326193,320.4,CCCCCCCCCOc1ccc(NC(=O)ON=C(C)C)cc1,IC50,'=',2,nM,8.698970004
CHEMBL597014,407.42,CCCCOc1ccc(NC(=O)O/N=C/c2ccc(F)cc2)cc1,IC50,'=',2,nM,8.698970004
CHEMBL598046,469.47,O=C(Nc1cccnn1)N1CCN(c2cc(-c3ccc(F)cc3F)ccn2)CC1,IC50,'=',2,nM,8.698970004
CHEMBL3113268,322.41,O=C(NC1CCC(=Cc2cccc(Oc3ccc(C(F)(F)F)cn3)c2)CC1)c1cnc2[nH]ccc2c1,IC50,'=',2,nM,8.698970004
CHEMBL4460120,464.6,CCCCCCCCCCOc1ccc(NC(=O)ON=C(C)C)cc1,IC50,'=',2,nM,8.698970004
CHEMBL597215,334.42,CCCCCCCOc1ccc(NC(=O)O/N=C/c2ccc(F)cc2)cc1,IC50,'=',2,nM,8.698970004
CHEMBL4560227,456.47,COc1ccccc1N1CCN(CCCCNC(=O)Oc2cccc(-c3cccc(C(N)=O)c3)c2)CC1,IC50,'=',2,nM,8.698970004
CHEMBL598048,334.42,O=C(Oc1cccc(N2CCS(=O)(=O)CC2)c1)N1CCN(Cc2cccc(Oc3ccccc3)c2)CC1,IC50,'=',2,nM,8.698970004
CHEMBL4099798,471.58,CCCCCCCOc1ccc(NC(=O)O/N=C/c2cccnc2)cc1,IC50,'=',2,nM,8.698970004
CHEMBL4560909,433.46,CN(C)c1ccc(C2CCN(C(=O)Oc3cccc(N4CCS(=O)(=O)CC4)c3)CC2)cc1,IC50,'=',2,nM,8.698970004
CHEMBL605005,423.53,CCCCCCCCOc1ccc(NC(=O)ON=C(C)C)cc1,IC50,'=',2.02,nM,8.694648631
CHEMBL4466465,442.58,CCCCCCCCCCCCOc1ccc(NC(=O)O/N=C/c2ccccc2)cc1,IC50,'=',2.1,nM,8.677780705
CHEMBL597295,308.38,O=C(Nc1cccnc1)N1CCN(c2nc(-c3ccccc3)ns2)CC1,IC50,'=',2.1,nM,8.677780705
CHEMBL596617,402.46,O=C(Nc1cccnc1)N1CCN(Cc2cccc(Oc3ccc(Br)cc3)c2)CC1,IC50,'=',2.1,nM,8.677780705
CHEMBL513553,334.46,O=C(CCCCCCc1ccccc1)c1ncc(-c2cc(F)ccn2)o1,IC50,'=',2.1,nM,8.677780705
CHEMBL3808688,330.36,O=C(CCCC1CCN(S(=O)(=O)c2ccccc2)CC1)c1ncco1,IC50,'=',2.2,nM,8.657577319
CHEMBL220679,396.4,CC1CN(c2ccccc2)CCN1C(=O)Oc1cccc(N2CCS(=O)(=O)CC2)c1,IC50,'=',2.2,nM,8.657577319
CHEMBL255146,492.5,O=C(NC1CCC(=Cc2cccc(Oc3ccc(C(F)(F)F)cn3)c2)CC1)c1cncnc1,IC50,'=',2.2,nM,8.657577319
CHEMBL4559165,348.49,c1ccc(CCN2CCc3c(ccnc3Nc3cnc4ccccc4c3)C2)cc1,IC50,'=',2.2,nM,8.657577319
CHEMBL4575497,453.46,COc1ccccc1N1CCN(CCCNC(=O)Oc2ccc(-c3ccccc3)cc2)CC1.Cl,IC50,'=',2.2,nM,8.657577319
CHEMBL3220531,372.44,O=C(NC1CCC(=Cc2cccc(Oc3ccc(C(F)(F)F)cn3)c2)CC1)c1cn[nH]c1,IC50,'=',2.3,nM,8.638272164
CHEMBL4095588,502.62,O=C(N1CCN(Cc2cccc(Oc3ccccc3)c2)CC1)n1cncn1,IC50,'=',2.3,nM,8.638272164
CHEMBL4538101,521.64,NC(=O)c1cccc(-c2ccc(OC(=O)NCCCCN3CCN(c4ccccc4C(F)(F)F)CC3)cc2)c1,IC50,'=',2.3,nM,8.638272164
CHEMBL3356971,355.44,O=C(Nc1cccc2nccn12)N1CCN(Cc2cccc(Oc3ccc(Cl)cc3)c2)CC1,IC50,'=',2.3,nM,8.638272164
CHEMBL4060896,457.6,O=C(NCCCCN1CCN(c2cccc(Cl)c2Cl)CC1)Oc1ccc2ccccc2c1,IC50,'=',2.4,nM,8.619788758
CHEMBL2207356,320.43,O=C(Nc1ncncc1Cl)N1C[C@H]2CN(Cc3cccc(Oc4ccc(Cl)cc4)c3)C[C@H]2C1,IC50,'=',2.4,nM,8.619788758
CHEMBL4742989,424.59,COc1cc(OC(=O)NCCCCN2CCN(c3cccc(Cl)c3Cl)CC2)ccc1-c1cccc(C(N)=O)c1,IC50,'=',2.4,nM,8.619788758
CHEMBL4747373,366.45,COc1ccccc1N1CCN(CCCNC(=O)Oc2ccc(-c3cccc(C(N)=O)c3)cc2)CC1,IC50,'=',2.4,nM,8.619788758
CHEMBL4078351,467.37,O=C(Nc1cccnn1)N1CCN(c2nc(-c3ccccc3)ns2)CC1,IC50,'=',2.4,nM,8.619788758
CHEMBL4072282,352.41,O=C(CCCC1CCN(C(=O)CCC2CCCCC2)CC1)c1ncco1,IC50,'=',2.5,nM,8.602059991
CHEMBL2326190,362.45,CCOc1ccc(-c2cc(NC[C@H](O)c3ccccc3)ncn2)cc1C(F)(F)F,IC50,'=',2.5,nM,8.602059991
CHEMBL256009,429.54,CCCCCCCCCCCCS(=O)(=O)F,IC50,'=',2.6,nM,8.585026652
CHEMBL3121113,454.45,O=C(Nc1cccnn1)N1CC(Oc2ccc(-c3cccc(OCCOCc4ccccc4)c3)cn2)C1,IC50,'=',2.6,nM,8.585026652
CHEMBL97038,380.5,Cc1ccccc1N1CCN(CCCCNC(=O)Oc2ccc(-c3cccc(C(N)=O)c3)cc2)CC1,IC50,'=',2.6,nM,8.585026652
CHEMBL3677693,482.02,CCCCCCCCCCCCP(=O)(F)OC,IC50,'=',2.6,nM,8.585026652
CHEMBL4094794,456.47,Cc1c(C2CCCN(c3nccc(-c4cc5ccccc5s4)n3)C2)c2cccnc2n1CCO,IC50,'=',2.6,nM,8.585026652
CHEMBL113263,442.44,O=C(Nc1ccnc2nccn12)N1CCN(Cc2cccc(Oc3ccc(Cl)cc3)c2)CC1,IC50,'=',2.6,nM,8.585026652
CHEMBL1761456,363.42,CN(CCF)C(=O)[C@H]1C[C@@H]1c1ccc(-c2ncn(C)c2Sc2ccc(Cl)cn2)cc1,IC50,'=',2.692,nM,8.569924944
CHEMBL2207358,540.59,Cc1ccccc1N1CCN(C(=O)n2nnc3ccccc32)CC1,IC50,'=',2.7,nM,8.568636236
CHEMBL2386565,461.95,O=C(NC1CCC(=Cc2cccc(Oc3ccc(C(F)(F)F)cn3)c2)CC1)c1ccc(-n2nccn2)nc1,IC50,'=',2.7,nM,8.568636236
CHEMBL4468693,472.42,CC(=O)c1ccc(-c2cc(NC[C@H](O)c3ccccc3)ncn2)cc1F,IC50,'=',2.7,nM,8.568636236
CHEMBL2159783,363.42,Cn1ncc2c(-c3ccc4oc(N5Cc6ccccc6C5)nc4c3)cccc21,IC50,'=',2.7,nM,8.568636236
CHEMBL4466424,484.39,Cc1onc(NC(=O)N2CCN(c3nc(-c4cccc(F)c4)ns3)CC2)c1C,IC50,'=',2.7,nM,8.568636236
CHEMBL3121116,571.51,CN(C)C(=O)[C@H]1C[C@@H]1c1ccc(-c2ncn(CCF)c2Sc2ccc(Cl)cn2)cc1,IC50,'=',2.7,nM,8.568636236
CHEMBL3217946,461.95,Cn1cnc(-c2ccc([C@H]3C[C@@H]3C(N)=O)cc2)c1Sc1ccc(Cl)cn1,IC50,'=',2.7,nM,8.568636236
CHEMBL2326195,488.59,O=C(NCCCN1CCN(c2cccc(Cl)c2Cl)CC1)Oc1ccc(-c2ccccc2)cc1,IC50,'=',2.8,nM,8.552841969
CHEMBL2386563,367.44,Cl.NC(=O)c1ccc(OC(=O)NCCCCN2CCN(c3cccc(Cl)c3Cl)CC2)c2ccccc12,IC50,'=',2.9,nM,8.537602002
CHEMBL2386561,360.5,O=C(Nc1cnccc1Cl)N1CCN(Cc2cccc(Oc3ccc(F)cc3)c2)CC1,IC50,'=',3,nM,8.522878745
CHEMBL4103339,403.4,Cl.O=C(NCCCCN1CCN(c2cccc(Cl)c2Cl)CC1)Oc1ccc(C(=O)O)c2ccccc12,IC50,'=',3,nM,8.522878745
CHEMBL3798211,252.4,O=C(Nc1cnc2[nH]ccc2c1)N1CCN(Cc2cccc(Oc3ccc(Cl)cc3)c2)CC1,IC50,'=',3,nM,8.522878745
CHEMBL3809071,497.56,O=C(N1CCN(Cc2ccc(Oc3ccccc3)cc2)CC1)n1ccnc1,IC50,'=',3,nM,8.522878745
CHEMBL3798504,486.62,CCCCCOc1ccc(NC(=O)O/N=C/c2ccccc2)cc1,IC50,'=',3,nM,8.522878745
CHEMBL2207344,266.34,NC(=O)c1cccc(-c2ccc(OC(=O)NCCCCN3CCN(c4ccccc4)CC3)cc2)c1,IC50,'=',3,nM,8.522878745
CHEMBL3356980,469.61,O=C(Oc1cccc(N2CCS(=O)(=O)CC2)c1)N1CCC(c2ccc(N3CCCC3)cc2)CC1,IC50,'=',3,nM,8.522878745
CHEMBL598244,462.94,CC(C)c1ccc(CN2CCC(CCCC(=O)c3ncco3)CC2)cc1,IC50,'=',3,nM,8.522878745
CHEMBL4090581,444.96,C=CCOC(=O)N1C[C@@H]([C@@H](C)OC(=O)CCCc2ccccc2)C1=O,IC50,'=',3,nM,8.522878745
CHEMBL4458978,482.51,O=C(Nc1noc2ccccc12)N1CCN(c2nc(-c3ccccc3)cs2)CC1,IC50,'=',3,nM,8.522878745
CHEMBL273152,321.38,O=C(Oc1cccc(N2CCS(=O)(=O)CC2)c1)N1CCC(c2ccc(OC(F)(F)F)cc2)CC1,IC50,'=',3,nM,8.522878745
CHEMBL2313948,520.52,O=C(Nc1cnc2cccnn12)N1CCN(Cc2cccc(Oc3ccc(Cl)cc3)c2)CC1,IC50,'=',3,nM,8.522878745
CHEMBL2326181,370.49,NC(=O)c1ccn(-c2cccc(OC(=O)NCCCCCCc3ccccc3)c2)c1,IC50,'=',3,nM,8.522878745
CHEMBL4440682,351.38,CC(C)OC(=O)N1CCC(CCCC(=O)c2ncco2)CC1,IC50,'=',3.2,nM,8.494850022
CHEMBL2203328,366.42,O=C(CCCCCc1ccccc1)c1nnc(-c2ccccn2)o1,IC50,'=',3.2,nM,8.494850022
CHEMBL2165084,402.46,CCCCCCCCCCCCCCCCCCS(=O)(=O)F,IC50,'=',3.2,nM,8.494850022
CHEMBL255544,444.96,Nc1ncc(C(=O)NC2CCC(=Cc3cccc(Oc4ccc(C(F)(F)F)cn4)c3)CC2)cc1Cl,IC50,'=',3.2,nM,8.494850022
CHEMBL424976,384.89,O=C(CCCC1CCN(C(=O)OCc2ccccc2)CC1)c1ncco1,IC50,'=',3.3,nM,8.48148606
CHEMBL191481,484.43,CCCCCCCC/C=C\CCCCCCCC(=O)c1nnc(-c2ccccn2)o1,IC50,'=',3.3,nM,8.48148606
CHEMBL4562421,551.9,Cl.O=C(NCCCCN1CCN(c2cccc(Cl)c2Cl)CC1)Oc1cccc(-c2ccccc2)c1,IC50,'=',3.3,nM,8.48148606
CHEMBL255760,440.91,COc1ccc(N2CCN(C(=O)Oc3cccc(N4CCOCC4)c3)[C@H](C)C2)cc1,IC50,'=',3.3,nM,8.48148606
CHEMBL178563,552.89,Clc1ccc(Sc2oc(C3CCOCC3)nc2-c2ccc3[nH]ncc3c2)cc1,IC50,'=',3.4,nM,8.468521083
CHEMBL4063681,461.95,Cc1nc(-c2ccccc2)c(-c2ccccc2)n1CCCCCC(C)NC(=O)Oc1ccccc1F,IC50,'=',3.4,nM,8.468521083
CHEMBL4572794,362.43,O=C(Nc1cccnc1)N1CCC(Cc2cccc(Oc3ccc(Cl)cc3)c2)CC1,IC50,'=',3.4,nM,8.468521083
CHEMBL3945257,326.4,COc1cc(OC(=O)NCCCCN2CCN(c3cccc(Cl)c3Cl)CC2)ccc1-c1ccccc1,IC50,'=',3.5,nM,8.455931956
CHEMBL232783,472.59,Cl.O=C(NCCCCN1CCN(c2cccc(Cl)c2Cl)CC1)Oc1ccc(F)c2ccccc12,IC50,'=',3.5,nM,8.455931956
CHEMBL3809332,355.35,CCCCOc1ccc(CNC(=O)Oc2ccc(F)cc2)cc1,IC50,'=',3.5,nM,8.455931956
CHEMBL4098174,483.63,O=C(NCCCN1CCN(c2cccc(Cl)c2Cl)CC1)Oc1ccc2c(c1)[nH]c1ccccc12,IC50,'=',3.5,nM,8.455931956
CHEMBL3799311,354.49,O=C(Nc1noc2ccccc12)N1CCN(c2nc(-c3ccccc3)ns2)CC1,IC50,'=',3.6,nM,8.443697499
CHEMBL607558,354.49,CCCCCCCCCCCOc1ccc(NC(=O)ON=C(C)C)cc1,IC50,'=',3.6,nM,8.443697499
CHEMBL4092900,345.4,O=C(Oc1cncc(N2CCS(=O)(=O)CC2)c1)N1CCC(c2ccc(F)cc2)CC1,IC50,'=',3.631,nM,8.439973751
CHEMBL459152,345.4,O=C(CCCCCCc1ccccc1)c1ncc(-c2cc(=O)[nH]c(=O)[nH]2)o1,IC50,'=',3.65,nM,8.437707136
CHEMBL597216,405.48,O=C(Nc1ccccc1F)N1CCC2(CC1)OCc1cc(Br)ccc1O2,IC50,'=',3.7,nM,8.431798276
CHEMBL4558868,498.52,C=CCCC(=O)N1C[C@@H]([C@@H](C)OC(=O)CCCc2ccccc2)C1=O,IC50,'=',3.7,nM,8.431798276
CHEMBL220687,462.94,CCCCCCCCCCCCOc1ccc(NC(=O)ON=C(C)C)cc1,IC50,'=',3.7,nM,8.431798276
CHEMBL1761279,405.5,CC(C)c1ccc(-c2cc(NC[C@H](O)c3ccccc3)ncn2)cc1,IC50,'=',3.72,nM,8.42945706
CHEMBL2151432,308.38,Cc1[nH]c2ncccc2c1C1CCCN(c2nccc(-c3cc4ccccc4s3)n2)C1,IC50,'=',4,nM,8.397940009
CHEMBL599357,321.38,CC(C)Oc1cccc(CN2CCC(CCCC(=O)c3ncco3)CC2)c1,IC50,'=',4,nM,8.397940009
CHEMBL3121136,336.56,NC(=O)[C@H]1C[C@@H]1c1ccc(-c2nn(C3CC3)cc2Sc2ccc(Cl)cc2)cc1,IC50,'=',4,nM,8.397940009
CHEMBL1761307,502.92,O=C(NCCCCN1CCN(c2cccc(Cl)c2Cl)CC1)Oc1cccc2[nH]ccc12,IC50,'=',4,nM,8.397940009
CHEMBL430036,356.42,O=C(NC1CCC(=Cc2cccc(Oc3ccc(C(F)(F)F)cn3)c2)CC1)c1ccc(Cl)nc1,IC50,'=',4,nM,8.397940009
CHEMBL2386555,338.41,O=C(Nc1nocc1Cl)N1CCN(Cc2cccc(Oc3ccc(Cl)cc3)c2)CC1,IC50,'=',4,nM,8.397940009
CHEMBL4460637,411.59,Cc1ccccc1N1CCN(CCCNC(=O)Oc2cccc3ccccc23)CC1.Cl,IC50,'=',4,nM,8.397940009
CHEMBL3800421,338.41,O[C@@H](CNc1cc(-c2ccc(C(F)(F)F)c(Cl)c2)ncn1)c1ccccc1,IC50,'=',4,nM,8.397940009
CHEMBL4533398,534.92,Cc1nc(-c2ccccc2)c(-c2ccccc2)n1CCCCCCNC(=O)Oc1ccccc1,IC50,'=',4.1,nM,8.387216143
CHEMBL2207365,411.5,O[C@@H](CNc1cc(-c2ccc(C(F)(F)F)c(Cl)c2)ncn1)c1ccc(F)c(F)c1,IC50,'=',4.1,nM,8.387216143
CHEMBL3798943,411.91,CCCCCCCCOc1ccc(NC(=O)Oc2ccccc2)cc1,IC50,'=',4.192,nM,8.377578726
CHEMBL3121119,485.6,C=CCNC(=O)N1C[C@@H]([C@@H](C)OC(=O)CCCc2ccccc2)C1=O,IC50,'=',4.2,nM,8.37675071
CHEMBL233593,421.93,O=C(Nc1cccc2nsnc12)N1CCN(Cc2cccc(Oc3ccc(Cl)cc3)c2)CC1,IC50,'=',4.3,nM,8.366531544
CHEMBL3121127,528.48,CCCCC/C=C\C/C=C\C/C=C\C/C=C\CCCC(=O)C=[N+]=[N-],IC50,'=',4.3,nM,8.366531544
CHEMBL598572,526.87,O=C(Nc1ccccc1)N1CCN(Cc2cccc(Oc3ccc(Cl)cc3)c2)CC1,IC50,'=',4.5,nM,8.346787486
CHEMBL2313949,317.36,Cl.O=C(NCCCCN1CCN(c2cccc(Cl)c2Cl)CC1)Oc1ccc(O)c2ccccc12,IC50,'=',4.6,nM,8.337242168
CHEMBL2207340,338.41,O=C(CCCC1CCN(S(=O)(=O)CCc2ccccc2)CC1)c1ncco1,IC50,'=',4.6,nM,8.337242168
CHEMBL371633,497.43,O=C(NCCCCN1CCN(c2cccc(Cl)c2Cl)CC1)Oc1ccc(-c2ccccc2)c(F)c1,IC50,'=',4.8,nM,8.318758763
CHEMBL2164596,406.47,CCn1c(=O)n([C@H]2CCCN(c3nccc(-c4cc5ccccc5o4)n3)C2)c2ncccc21,IC50,'=',4.8,nM,8.318758763
CHEMBL3797771,362.51,O=C(N1CCN(c2ccccc2)CC1)n1cncn1,IC50,'=',4.9,nM,8.30980392
CHEMBL257894,433.51,O=C(NC1CCC(=Cc2cccc(Oc3ccc(C(F)(F)F)cn3)c2)CC1)c1cn[nH]n1,IC50,'=',4.9,nM,8.30980392
CHEMBL4062484,367.4,CCCCCOc1ccc(NC(=O)O/N=C/c2cccnc2)cc1,IC50,'=',5,nM,8.301029996
CHEMBL1761285,421.27,O=C(NCCCCN1CCN(c2cccc(Cl)c2Cl)CC1)Oc1cccc2ccccc12,IC50,'=',5,nM,8.301029996
CHEMBL3356960,343.42,CCCCOc1ccc(CNC(=O)Oc2cccnc2)cc1,IC50,'=',5,nM,8.301029996
CHEMBL4466023,376.54,COc1nn(-c2ccc(Oc3ccccc3)cc2)c(=O)o1,IC50,'=',5,nM,8.301029996
CHEMBL597728,343.42,O=C(NCCCN1CCN(c2cccc(Cl)c2Cl)CC1)Oc1cccc2ccccc12,IC50,'=',5,nM,8.301029996
CHEMBL3798032,333.44,O[C@@H](CNc1cc(-c2ccc(OCC(F)(F)F)c(F)c2)ncn1)c1ccccc1,IC50,'=',5,nM,8.301029996
CHEMBL596877,425.56,COc1ccc(C2CCN(C(=O)Oc3cccc(N4CCS(=O)(=O)CC4)c3)CC2)cc1,IC50,'=',5,nM,8.301029996
CHEMBL2171700,370.49,O=C(Nc1ccon1)N1C[C@H]2CN(Cc3cccc(Oc4ccc(Cl)cc4)c3)C[C@H]2C1,IC50,'=',5,nM,8.301029996
CHEMBL3799902,409.94,COc1ccccc1N1CCN(CCCNC(=O)Oc2cccc3ccccc23)CC1,IC50,'=',5,nM,8.301029996
CHEMBL3121115,468.48,N#Cc1cnc(C(=O)CCCCCCc2ccccc2)o1,IC50,'=',5,nM,8.301029996
CHEMBL4590612,461.39,CCCCCCOc1ccc(NC(=O)O/N=C/c2ccc(F)cc2)cc1,IC50,'=',5.1,nM,8.292429824
CHEMBL4755710,487.91,O=C(Nc1cncc2ccccc12)N1CCN(Cc2cccc(Oc3ccc(Cl)cc3)c2)CC1,IC50,'=',5.1,nM,8.292429824
CHEMBL3798334,334.42,O=C(NC1CCC(=Cc2cccc(Oc3ccc(C(F)(F)F)cn3)c2)CC1)c1ccc(-n2cccn2)nc1,IC50,'=',5.2,nM,8.283996656
CHEMBL220770,447.32,O=C(NCCCN1CCN(c2ccccc2C(F)(F)F)CC1)Oc1cccc2ccccc12,IC50,'=',5.2,nM,8.283996656
CHEMBL610214,439.99,O=C(Nc1ccc(-c2nc3ccccc3s2)cc1)C1CCN(S(=O)(=O)c2ccccc2Cl)CC1,IC50,'=',5.3,nM,8.27572413
CHEMBL2207343,393.8,COCCOc1ccc(Cl)c(-c2ccc(OC3CN(C(=O)Nc4cccnn4)C3)nc2)c1,IC50,'=',5.3,nM,8.27572413
CHEMBL4435842,453.59,O=C(NCCCCCCc1ccccc1)Oc1cccc(-c2nn[nH]n2)c1,IC50,'=',5.3,nM,8.27572413
CHEMBL3800194,429.78,Cc1ccccc1N1CCN(CCCCNC(=O)Oc2ccc(-c3ccccc3)cc2)CC1,IC50,'=',5.3,nM,8.27572413
CHEMBL5089361,343.42,CCCCOc1ccc(C(CC)NC(=O)Oc2ccccc2F)cc1,IC50,'=',5.32,nM,8.274088368
CHEMBL3677698,343.42,Cc1nc2cc(NC(=O)N3CCN(Cc4cccc(Oc5ccc(Cl)cc5)c4)CC3)ccc2o1,IC50,'=',5.37,nM,8.270025714
CHEMBL5401122,343.42,O=C(Nc1cccnn1)N1CCN(Cc2cccc(Oc3ccc(Cl)cc3)c2)CC1,IC50,'=',5.37,nM,8.270025714
CHEMBL4087889,343.42,O=C(Oc1cccc(N2CCS(=O)(=O)CC2)c1)N1CCC(c2ccc(N3CCC3)cc2)CC1,IC50,'=',5.37,nM,8.270025714
CHEMBL597030,341.45,O=C(Nc1cccnc1)N1CCN(Cc2cc(Cl)cc(Oc3ccc(Cl)cc3)c2)CC1,IC50,'=',5.4,nM,8.26760624
CHEMBL2207342,344.41,C=CCCC(=O)N1C[C@@H]([C@@H](C)OCCCCc2ccccc2)C1=O,IC50,'=',5.495,nM,8.260032303
CHEMBL2207361,344.41,O=C(NCCCCN1CCN(c2cccc(Cl)c2Cl)CC1)Oc1ccc2c(c1)[nH]c1ccccc12,IC50,'=',5.56,nM,8.254925208
CHEMBL4435546,479.99,O[C@@H](CNc1cc(-c2ccc(SC(F)(F)F)cc2)ncn1)c1ccccc1,IC50,'=',5.8,nM,8.236572006
CHEMBL3809180,328.5,O=C(Oc1cccc(N2CCS(=O)(=O)CC2)c1)N1CCC(c2ccccc2)CC1,IC50,'=',6,nM,8.22184875
CHEMBL2151436,421.93,O=C(CCCCCCCc1ccccc1)c1ncc(-c2ccccn2)o1,IC50,'=',6,nM,8.22184875
CHEMBL4072140,524.88,CCCCCCOc1ccc(NC(=O)O/N=C/c2ccccc2)cc1,IC50,'=',6,nM,8.22184875
CHEMBL3121144,390.51,CCCCCOc1ccc(-c2cc(C(=O)NC34CC5CC(CC(C5)C3)C4)no2)cc1,IC50,'=',6,nM,8.22184875
CHEMBL4453319,516.44,Cc1cc(C(N)=O)c(-c2cccc(OC(=O)N3CCN(CCCc4ccccc4)CC3)c2)o1,IC50,'=',6,nM,8.22184875
CHEMBL177708,440.51,CCCCCCOc1ccc(NC(=O)O/N=C/c2cccnc2)cc1,IC50,'=',6,nM,8.22184875
CHEMBL598245,257.3,CCCCCCCOc1ccc(NC(=O)ON=C(C)C)cc1,IC50,'=',6,nM,8.22184875
CHEMBL2414027,443.43,CCCCOc1ccc(NC(=O)O/N=C/c2ccccc2)cc1,IC50,'=',6,nM,8.22184875
CHEMBL5430250,421.93,CCCCCCCOc1ccc(NC(=O)O/N=C/c2ccccc2)cc1,IC50,'=',6,nM,8.22184875
CHEMBL597729,421.93,CCCCCCCOc1ccc(NC(=O)Oc2ccccc2)cc1,IC50,'=',6,nM,8.22184875
CHEMBL597294,257.3,C[S+]([O-])c1ccc(-c2nc(C3=CCC(O)CC3)oc2Sc2ccc(Cl)cc2)cc1,IC50,'=',6.026,nM,8.219970873
CHEMBL598243,327.38,O=C(Nc1cnccn1)N1CCN(Cc2cccc(Oc3ccc(Cl)cc3)c2)CC1,IC50,'=',6.1,nM,8.214670165
CHEMBL597228,472.42,CCCCOc1ccc(CNC(=O)Oc2ccc(F)cc2F)cc1,IC50,'=',6.1,nM,8.214670165
CHEMBL599381,300.36,CCn1c(=O)n([C@@H]2CCCN(c3nccc(-c4cc5ccccc5o4)n3)C2)c2ncccc21,IC50,'=',6.1,nM,8.214670165
CHEMBL3889730,284.27,COCCOc1cccc(-c2ccc(OC3CN(C(=O)Nc4ccncn4)C3)nc2)c1,IC50,'=',6.1,nM,8.214670165
CHEMBL2207360,458.39,Cn1cc(C2CCCN(c3nccc(-c4cc5ccccc5s4)n3)C2)c2cccnc21,IC50,'=',6.2,nM,8.207608311
CHEMBL596875,407.37,N#CCn1cc(C2CCCN(c3nccc(-c4cc5ccccc5s4)n3)C2)c2cccnc21,IC50,'=',6.3,nM,8.200659451
CHEMBL1761284,444.55,O=C(N1CCN(Cc2cccc(Cl)c2)CC1)n1nnc2ccccc21,IC50,'=',6.3,nM,8.200659451
CHEMBL3677689,438.92,O=C(N1CCN(Cc2cccc(-c3ccccc3)c2)CC1)n1nnc2ccccc21,IC50,'=',6.3,nM,8.200659451
CHEMBL1761305,419.53,COc1ccc(Oc2cccc(CN3CCN(C(=O)Nc4ccccc4)CC3)c2)cc1,IC50,'=',6.4,nM,8.193820026
CHEMBL1761306,282.34,O=C(NC1CCC(=Cc2cccc(Oc3ccc(C(F)(F)F)cn3)c2)CC1)c1cccnn1,IC50,'=',6.5,nM,8.187086643
CHEMBL2159805,358.41,CCCCCCCCCCOc1ccc(NC(=O)Oc2ccccc2F)cc1,IC50,'=',6.5,nM,8.187086643
CHEMBL2159777,472.98,CCCCOc1ccc(CNC(=O)Oc2ccccc2F)cc1,IC50,'=',6.7,nM,8.173925197
CHEMBL2164599,519.53,CCCOc1ccc(NC(=O)O/N=C/c2ccccc2)cc1,IC50,'=',6.7,nM,8.173925197
CHEMBL4455597,457.5,O=C(OC(C(F)(F)F)C(F)(F)F)N1CC(c2ccn(C3CCOCC3)n2)C1,IC50,'=',6.9,nM,8.161150909
CHEMBL591825,338.41,Clc1ccc(Sc2oc(C3CCOCC3)nc2-c2ccc(N3CCNCC3)nc2)cc1,IC50,'=',6.9,nM,8.161150909
CHEMBL596876,512.06,C=CCCCC(=O)N1C[C@@H]([C@@H](C)OC(=O)CCCc2ccccc2)C1=O,IC50,'=',7,nM,8.15490196
CHEMBL592635,455.9,O=C(Nc1cnccn1)N1CCC(c2nc(C3=NOC(c4ccccc4)C3)cs2)CC1,IC50,'=',7,nM,8.15490196
CHEMBL4102496,455.44,Cc1ccc(-c2csc(-c3ccc(NC(=O)C4CCN(S(=O)(=O)c5ccccc5Cl)CC4)cc3)n2)cc1,IC50,'=',7.2,nM,8.142667504
CHEMBL3965548,455.44,CCn1c(=O)n([C@H]2CCCN(c3ccnc(-c4ccc(F)cc4)n3)C2)c2ccccc21,IC50,'=',7.4,nM,8.13076828
CHEMBL570331,365.44,COc1cc(NC(=O)C(=O)c2c(C)n(Cc3ccc(Cl)cc3)c3ccc(C)cc23)ccn1,IC50,'=',7.54,nM,8.122628654
CHEMBL3799163,443.59,Cc1nc(-c2ccc(F)cc2)c(-c2ccc(F)cc2)n1CCCCCCNC(=O)Oc1ccccc1F,IC50,'=',7.6,nM,8.119186408
CHEMBL5076329,345.41,CCn1c(=O)n([C@H]2CCCN(c3cc(-c4cc5ccccc5o4)nc(N)n3)C2)c2ncccc21,IC50,'=',7.7,nM,8.113509275
CHEMBL1761295,476.96,O=C(CCCC1CCN(Cc2cccc(Br)c2)CC1)c1ncco1,IC50,'=',7.7,nM,8.113509275
CHEMBL4202707,423.9,COCc1ccc(-c2ccc3oc(N4Cc5ccccc5C4)nc3c2)cc1,IC50,'=',7.7,nM,8.113509275
CHEMBL393156,469.61,COc1cc(-c2ccc3oc(N4Cc5ccccc5C4)nc3c2)ccn1,IC50,'=',7.9,nM,8.102372909
CHEMBL1761291,457.36,O=C(Nc1noc2ccccc12)N1CCN(Cc2cccc(Oc3ccc(Cl)cc3)c2)CC1,IC50,'=',8,nM,8.096910013
CHEMBL257942,329.44,CCn1c(=O)n([C@H]2CCCN(c3nccc(-c4ccc(F)cc4)n3)C2)c2ncccc21,IC50,'=',8,nM,8.096910013
CHEMBL3217941,511.45,O=C(NC1CCC(=Cc2cccc(Oc3ccc(C(F)(F)F)cn3)c2)CC1)c1cc[nH]n1,IC50,'=',8,nM,8.096910013
CHEMBL3217943,391.42,O=C(Oc1cccc(N2CCS(=O)(=O)CC2)c1)N1CCC(c2ccc(F)cc2)CC1,IC50,'=',8,nM,8.096910013
CHEMBL2207346,414.53,NC(=O)c1ccn(-c2cccc(OC(=O)N3CCN(CCCc4ccccc4)CC3)c2)c1,IC50,'=',8,nM,8.096910013
CHEMBL1761299,348.45,COc1cccc(-c2ccc(S(=O)(=O)N3CCC34CN(C#N)C4)cc2)c1,IC50,'=',8,nM,8.096910013
CHEMBL4456294,340.42,O=C(Nc1ccncn1)N1CCN(c2nc(-c3ccccc3)ns2)CC1,IC50,'=',8,nM,8.096910013
CHEMBL4437112,408.54,Cc1cc(C(=O)O)c(-c2cccc(OC(=O)NCCCCCCc3ccccc3)c2)o1,IC50,'=',8,nM,8.096910013
CHEMBL5417524,408.54,COc1ccccc1N1CCN(CCCCNC(=O)Oc2ccc(-c3cccc(C(N)=O)c3)cc2)CC1.Cl,IC50,'=',8,nM,8.096910013
CHEMBL4637755,329.44,CCn1c(C)c(C2CCCN(c3nccc(-c4cc5ccccc5s4)n3)C2)c2cccnc21,IC50,'=',8.128,nM,8.090016305
CHEMBL508120,447.54,O=C(N1CCN(c2ccccc2)CC1)n1nnc2ccccc21,IC50,'=',8.29,nM,8.081445469
CHEMBL5410254,341.41,CCOC(=O)CCCCCCn1c(CC)nc(-c2ccccc2)c1-c1ccccc1,IC50,'=',8.3,nM,8.080921908
CHEMBL4099236,306.41,Cc1ccc2nc(-c3ccc(NC(=O)C4CCN(S(=O)(=O)c5cccs5)CC4)cc3)sc2c1,IC50,'=',8.4,nM,8.075720714
CHEMBL1761308,312.37,Cc1ccc(Oc2cccc(CN3CCN(C(=O)Nc4ccccc4)CC3)c2)cc1,IC50,'=',8.5,nM,8.070581074
CHEMBL2159797,354.45,CCOC(=O)c1cc(-c2cccc(OC(=O)NC3CCCCC3)c2)n(-c2ccccc2)n1,IC50,'=',8.6,nM,8.065501549
CHEMBL237044,327.42,O=C(N1CCN(c2ccccc2)CC1)n1nnc2cccnc21,IC50,'=',8.6,nM,8.065501549
CHEMBL460340,445.99,CS(=O)(=O)c1ccc(NC(=O)N/N=C\c2c(Cl)cccc2Cl)cc1,IC50,'=',8.678,nM,8.061580354
CHEMBL2164598,423.9,COc1nn([C@@H](C)c2ccc(CC(C)C)cc2)c(=O)o1,IC50,'=',8.7,nM,8.060480747
CHEMBL3422943,335.35,O=C(Nc1ccccc1)N1CCN(c2nc(-c3ccccc3)ns2)CC1,IC50,'=',8.7,nM,8.060480747
CHEMBL3356959,423.9,COc1ccc(N2CCN(C(=O)Oc3cccc(N4CCS(=O)(=O)CC4)c3)[C@H](C)C2)cc1,IC50,'=',8.7,nM,8.060480747
CHEMBL5174588,440.51,COc1ccc(-c2csc(-c3ccc(NC(=O)C4CCN(S(=O)(=O)c5ccccc5Cl)CC4)cc3)n2)cc1,IC50,'=',9,nM,8.045757491
CHEMBL3087192,421.46,Cc1cc(C(N)=O)c(-c2cccc(OC(=O)N3CCC(CCCc4ccccc4)CC3)c2)o1,IC50,'=',9,nM,8.045757491
CHEMBL460273,425.56,C[C@@H]1CN(c2ccc(F)cc2)CCN1C(=O)Oc1cccc(N2CCS(=O)(=O)CC2)c1,IC50,'=',9,nM,8.045757491
CHEMBL4589999,450.57,C=CCCC(=O)N1C[C@@H]([C@@H](C)OC(=O)Cc2ccc(-c3ccccc3)cc2)C1=O,IC50,'=',9,nM,8.045757491
CHEMBL5094294,355.83,C[S+]([O-])c1ccc(-c2nc(C3=CCCCC3)oc2Sc2ccc(Cl)cc2)cc1,IC50,'=',9,nM,8.045757491
CHEMBL5432036,397.48,CCCCOc1ccc(C(CC)NC(=O)Oc2ccccc2)cc1,IC50,'=',9,nM,8.045757491
CHEMBL4583299,421.93,CCCCOc1ccc(C(CC)NC(=O)Oc2ccc(OC)cc2)cc1,IC50,'=',9,nM,8.045757491
CHEMBL570127,417.51,CCCCOc1ccc(C(CC)NC(=O)Oc2ccc(F)cc2)cc1,IC50,'=',9,nM,8.045757491
CHEMBL3914184,454.45,COc1ccc(OC)c(-c2ccc(OC3CN(C(=O)Nc4cccnn4)C3)nc2)c1,IC50,'=',9,nM,8.045757491
CHEMBL597064,387.5,CCCCOc1ccc(CNC(=O)Oc2cccc(Cl)c2)cc1,IC50,'=',9.2,nM,8.036212173
CHEMBL591447,317.36,O=C(Nc1ccccn1)N1CCN(Cc2cccc(Oc3ccc(Cl)cc3)c2)CC1,IC50,'=',9.2,nM,8.036212173
CHEMBL604388,298.34,O=C(N1CCN(Cc2ccc3ccccc3c2)CC1)n1nnc2ccccc21,IC50,'=',9.3,nM,8.031517051
CHEMBL3677696,401.31,O[C@@H](CNc1cc(-c2ccc(C(F)(F)F)c(F)c2)ncn1)c1ccccc1,IC50,'=',9.4,nM,8.026872146
CHEMBL596874,457,CN(C)C(=O)n1nnnc1Cc1ccc(-c2ccccc2)cc1,IC50,'=',9.605,nM,8.017502631
CHEMBL2164603,357.45,COc1ccccc1-c1ccc(OC2CN(C(=O)Nc3cccnn3)C2)nc1,IC50,'=',9.772,nM,8.010016542
CHEMBL2159779,434.53,C=CCOC(=O)N1C[C@@H]([C@@H](C)OC(=O)NCCc2ccccc2)C1=O,IC50,'=',9.8,nM,8.008773924
CHEMBL3121117,366.45,CCCSC(=O)N1C[C@@H]([C@@H](C)OC(=O)CCCc2ccccc2)C1=O,IC50,'=',9.8,nM,8.008773924
CHEMBL509860,552.12,CCCCC/C=C\C/C=C\C/C=C\C/C=C\CCCC(=O)C(F)(F)F,IC50,'=',9.8,nM,8.008773924
CHEMBL3677702,417.49,Clc1ccc(Sc2oc(C3CCOCC3)nc2-c2ccc(N3CCOCC3)nc2)cc1,IC50,'=',10,nM,8
CHEMBL2313944,447.92,CCCCCCCCCCCCOc1ccc(NC(=O)Oc2ccccc2F)cc1,IC50,'=',10,nM,8
CHEMBL2313951,507.56,O=C(N1CCN(Cc2cccc3ccccc23)CC1)n1nnc2ccccc21,IC50,'=',10,nM,8
CHEMBL281211,455.52,O=C(Nc1noc2cccnc12)N1CCN(Cc2cccc(Oc3ccc(Cl)cc3)c2)CC1,IC50,'=',10,nM,8
CHEMBL3974671,391.31,COCc1ccc(-c2ccc3oc(N4Cc5ccccc5C4)nc3c2)cc1OC,IC50,'=',10,nM,8
CHEMBL599488,356.43,COc1cc(NC(=O)N2CCN(c3nc(-c4ccccc4)ns3)CC2)ncn1,IC50,'=',10,nM,8
CHEMBL2159780,343.39,CS(=O)(=O)c1ccc(-c2nc(-c3ccccc3)oc2Sc2ccc(Cl)cc2)cc1,IC50,'=',10,nM,8
CHEMBL2207350,357.45,CCCCCCCCCCCCCCCC(=O)NC(C)C,IC50,'=',10,nM,8
CHEMBL3217942,462.94,CCCOc1ccc(NC(=O)O/N=C/c2ccc(F)cc2)cc1,IC50,'=',10,nM,8
CHEMBL488708,418.48,O=C(N1CCN(c2ccccc2F)CC1)n1nnc2ccccc21,IC50,'=',10,nM,8
CHEMBL3287931,442.44,Cc1ccccc1N1CCN(CCCCNC(=O)Oc2cccc3ccccc23)CC1.Cl,IC50,'=',10,nM,8
CHEMBL32827,432.52,Clc1ccc(Sc2cn(-c3cccnc3)nc2-c2ccc(-c3ncon3)cc2)cc1,IC50,'=',10,nM,8
CHEMBL599276,462.94,CN(C)c1ncc(-c2nc(C3CCOCC3)oc2Sc2ccc(Cl)cc2)cn1,IC50,'=',10,nM,8
CHEMBL2159782,334.42,Cc1nc(-c2ccc([C@H]3C[C@@H]3C(=O)N(C)C)cc2)c(Sc2ccc(Cl)cn2)n1C,IC50,'=',10,nM,8
CHEMBL3799147,432.52,CC(C)Oc1ccc(CN2CCC(CCCC(=O)c3ncco3)CC2)cc1,IC50,'=',10.1,nM,7.995678626
CHEMBL3287929,369.45,NC(=O)c1cccc(-c2cccc(OC(=O)NCCCCCCc3ccccc3)c2)c1,IC50,'=',10.2,nM,7.991399828
CHEMBL3985865,367.44,C=CCCCC(=O)N1C[C@@H]([C@@H](C)OC(=O)Cc2ccc(-c3ccccc3)cc2)C1=O,IC50,'=',10.3,nM,7.987162775
CHEMBL2386557,421.49,CCn1c(=O)n([C@H]2CCCN(c3cc(-c4ccc(F)cc4)nc(N)n3)C2)c2ncccc21,IC50,'=',10.5,nM,7.978810701
CHEMBL271445,539.08,CCCCOc1ccc(NC(=O)O/N=C/c2cccnc2)cc1,IC50,'=',10.7,nM,7.970616222
CHEMBL451909,455.44,c1ccc2c(c1)CN(c1nc3cc(-c4ccc5nccn5c4)ccc3o1)C2,IC50,'=',10.7,nM,7.970616222
CHEMBL585920,453.62,O=C(NC1CCC(=Cc2cccc(Oc3ccc(C(F)(F)F)cn3)c2)CC1)c1ccncc1,IC50,'=',11,nM,7.958607315
CHEMBL1761304,307.36,O=C(Nc1cccnn1)N1CC(Oc2ccc(-c3c(F)cccc3I)cn2)C1,IC50,'=',11,nM,7.958607315
CHEMBL597445,404.55,CCCCCCCCCCCOc1ccc(NC(=O)Oc2ccccc2F)cc1,IC50,'=',11,nM,7.958607315
CHEMBL3217944,404.55,O=C(Nc1ccncc1)N1CCN(Cc2cccc(Oc3ccc(Cl)cc3)c2)CC1,IC50,'=',11,nM,7.958607315
CHEMBL4554228,497.67,COc1ccc(N2CCN(C(=O)n3nnc4ccccc43)CC2)cc1,IC50,'=',11,nM,7.958607315
CHEMBL3677700,401.51,O=C(N1CCN(Cc2ccc(F)cc2)CC1)n1nnc2ccccc21,IC50,'=',11,nM,7.958607315
CHEMBL609024,433.51,O=C(Oc1cccc(N2CCS(=O)(=O)CC2)c1)N1CCN(c2ccccc2)CC1,IC50,'=',11,nM,7.958607315
CHEMBL2164601,308.35,O[C@@H](CNc1cc(-c2ccc(OC(F)(F)F)c(F)c2)ncn1)c1ccccc1,IC50,'=',11,nM,7.958607315
CHEMBL2159787,386.26,CCOc1ccc(-c2cc(NC[C@H](O)c3ccccc3)ncn2)cc1F,IC50,'=',11,nM,7.958607315
CHEMBL2159801,276.34,CCOC(=O)c1cc(-c2cccc(OC(=O)NC3CCCCC3)c2)n(-c2ccc(Cl)cc2)n1,IC50,'=',11,nM,7.958607315
CHEMBL4471387,365.46,O=C(N1CCN(Cc2cccc(Oc3ccccc3)c2)CC1)n1ccnc1,IC50,'=',11,nM,7.958607315
CHEMBL3121112,459.57,Cc1cc(C(N)=O)c(-c2cccc(OC(=O)N3CCN(CCCc4ccccc4)CC3)c2)s1,IC50,'=',11.1,nM,7.954677021
CHEMBL3121114,568.12,NC(=O)c1cn(-c2cccc(OC(=O)NCCCCCCc3ccccc3)c2)nn1,IC50,'=',11.1,nM,7.954677021
CHEMBL3422944,308.35,C[S+]([O-])c1ccc(-c2nc(C3=CCOCC3)oc2Sc2ccc(Cl)cc2)cc1,IC50,'=',11.22,nM,7.950007143
CHEMBL3356977,276.34,Cc1ccccc1C1CCN(C(=O)Oc2cccc(N3CCS(=O)(=O)CC3)c2)CC1,IC50,'=',11.48,nM,7.940058112
CHEMBL5405509,446.55,O=C(CCCCCc1ccccc1)c1ncc(-c2ccccn2)o1,IC50,'=',11.7,nM,7.931814138
CHEMBL5420923,447.53,O=C(Nc1cccnc1)N1CCN(Cc2cccc(Oc3ccc(F)cc3)c2)CC1,IC50,'=',11.7,nM,7.931814138
CHEMBL3905185,391.47,CS(=O)(=O)c1ccc(-c2nn(-c3ccc(F)cc3)cc2Sc2ccc(Cl)cc2)cc1,IC50,'=',11.75,nM,7.929962133
CHEMBL4438149,429.99,O=C(Nc1ccccc1)N1CCC(Cc2cnc3ccccc3c2)CC1,IC50,'=',11.86,nM,7.925915311
CHEMBL366959,327.42,O=C(Nc1ccccc1)N1CCN(Cc2ccc3ccccc3c2O)CC1,IC50,'=',12,nM,7.920818754
CHEMBL3808762,357.45,O=C(Nc1cccnn1)N1CC(Oc2ccc(-c3ccccc3F)cn2)C1,IC50,'=',12,nM,7.920818754
CHEMBL3287928,345.41,CS(=O)(=O)c1ccc(NC(=O)N/N=C2/C(=O)Nc3ccc(Cl)cc32)cc1,IC50,'=',12,nM,7.920818754
CHEMBL560590,407.43,O=C(Oc1cccc(N2CCOCC2)c1)N1CCC(c2ccc(F)cc2)CC1,IC50,'=',12,nM,7.920818754
CHEMBL3924088,391.47,N#Cc1ccncc1NC(=O)N1CCN(Cc2cccc(Oc3ccc(Cl)cc3)c2)CC1,IC50,'=',12,nM,7.920818754
CHEMBL3677703,417.51,O=C(Nc1cc2nccn2cn1)N1CCN(Cc2cccc(Oc3ccc(Cl)cc3)c2)CC1,IC50,'=',12,nM,7.920818754
CHEMBL5206035,333.82,O=C(Nc1cnc2[nH]ccc2c1)N1CC2CC1CN2Cc1cccc(Oc2ccc(Cl)cc2)c1,IC50,'=',12,nM,7.920818754
CHEMBL4435763,422.92,O=C(Nc1ccccc1)N1CCN(Cc2ccc3ccccc3c2)CC1,IC50,'=',12,nM,7.920818754
CHEMBL3808528,371.44,O=C(N1CCN(Cc2ccc(Cl)cc2)CC1)n1nnc2ccccc21,IC50,'=',12,nM,7.920818754
CHEMBL2207357,377.34,C[C@@H]1CN(c2ccccc2)CCN1C(=O)Oc1cccc(N2CCS(=O)(=O)CC2)c1,IC50,'=',12,nM,7.920818754
CHEMBL4760472,365.46,COc1cccc(-c2ccc(S(=O)(=O)NC3(C)CN(C#N)C3)cc2)c1,IC50,'=',12,nM,7.920818754
CHEMBL3949650,307.36,CC(C)(O)c1ccc(-c2nc(C3CCOCC3)oc2Sc2ccc(Cl)cc2)cn1,IC50,'=',12,nM,7.920818754
CHEMBL2159802,377.4,O[C@@H](CNc1cc(-c2ccc(OCC(F)(F)F)cc2)ncn1)c1ccccc1,IC50,'=',12,nM,7.920818754
CHEMBL4581180,307.36,O=C(N1CCN(Cc2ccc(-c3ccccc3)cc2)CC1)n1nnc2ccccc21,IC50,'=',12,nM,7.920818754
CHEMBL4643588,346.38,O=C(Oc1ccc([N+](=O)[O-])cc1)N1C[C@@H]2[C@H](C1)[C@H]2c1ccn(-c2ccc(F)cc2)n1,IC50,'=',12.02,nM,7.920095532
CHEMBL3927303,363.48,CCCCCCOc1ccc(NC(=O)ON=C(C)C)cc1,IC50,'=',12.02,nM,7.920095532
CHEMBL3121141,363.48,O=C(Nc1cnccc1Cl)N1CC2(CN(Cc3cccc(Oc4ccc(Cl)cc4)c3)C2)C1,IC50,'=',12.1,nM,7.91721463
CHEMBL2159813,346.38,COC(=O)c1cc(-c2cccc(OC(=O)NC3CCCCC3)c2)n(-c2ccccc2)n1,IC50,'=',12.1,nM,7.91721463
CHEMBL4061795,356.47,COCCOc1cccc(-c2ccc(OC3CN(C(=O)Nc4cccnc4)C3)nc2)c1,IC50,'=',12.3,nM,7.910094889
CHEMBL597088,356.47,O=C(Nc1ccc(-c2nc(-c3ccc(F)cc3)cs2)cc1)C1CCN(S(=O)(=O)c2ccccc2Cl)CC1,IC50,'=',12.3,nM,7.910094889
CHEMBL3112761,457.98,O=C(N1CCN(Cc2ccccc2)CC1)n1nnc2ccccc21,IC50,'=',12.83,nM,7.891773344
CHEMBL3423130,415.55,CCCCCCCCOc1ccc(NC(=O)Oc2ccccc2F)cc1,IC50,'=',13,nM,7.886056648
CHEMBL3677692,371.44,COCCOc1cccc(-c2ccc(OC3CN(C(=O)Nc4cccnn4)C3)nc2)c1,IC50,'=',13,nM,7.886056648
CHEMBL5074748,463.93,O=C(N1CCN(c2ccccc2[N+](=O)[O-])CC1)n1nnc2ccccc21,IC50,'=',13,nM,7.886056648
CHEMBL2159798,386.45,O=C(Nc1ccccc1)N1CCN(Cc2ccc(Br)c(Br)c2)CC1,IC50,'=',13,nM,7.886056648
CHEMBL597029,397.46,O=C(Nc1cccc(F)c1)N1CCN(Cc2ccc(Br)c(Br)c2)CC1,IC50,'=',13,nM,7.886056648
CHEMBL3677691,441.96,O=C(Nc1ccccc1)N1CCN(Cc2cc3ccccc3s2)CC1,IC50,'=',13,nM,7.886056648
CHEMBL2159784,297.53,CS(=O)(=O)c1ccc(NC(=O)N/N=C\c2ccc(Cl)cc2Cl)cc1,IC50,'=',13,nM,7.886056648
CHEMBL3927945,316.33,O=C(Nc1ccccc1)N1CCN(Cc2ccc3ccccc3n2)CC1,IC50,'=',13,nM,7.886056648
CHEMBL3919995,325.35,COCCOc1ccc(OC)c(-c2ccc(OC3CN(C(=O)Nc4cccnn4)C3)nc2)c1,IC50,'=',13,nM,7.886056648
CHEMBL3958959,454.01,O=C(Nc1ccccc1)N1CCN(Cc2cccc(Oc3ccc(Cl)c(Cl)c3)c2)CC1,IC50,'=',13,nM,7.886056648
CHEMBL5191646,338.41,O=C(CCCCCCc1ccccc1)c1nnc(-c2ccncc2)o1,IC50,'=',13,nM,7.886056648
CHEMBL513789,431.91,CCCCCCCCC#CCCCCCCCC(=O)c1ncc(-c2ccccn2)o1,IC50,'=',13,nM,7.886056648
CHEMBL3677695,355.35,CCn1c(=O)n(C2CCCN(c3nccc(-c4cc5ccccc5o4)n3)C2)c2ncccc21,IC50,'=',13,nM,7.886056648
CHEMBL3939594,416.93,O=C(CCCCCCc1ccccc1)c1nnc(-c2cccnc2)o1,IC50,'=',13.08,nM,7.883392256
CHEMBL180625,426.97,O=C(Oc1cccc(N2CCS(=O)(=O)CC2)c1)N1C[C@H]2C[C@@H]1CN2c1ccc(F)cc1,IC50,'=',13.6,nM,7.866461092
CHEMBL174397,429.78,O=C(Oc1cccc(N2CCS(=O)(=O)CC2)c1)N1CCN(c2ccc(F)cc2)CC1,IC50,'=',14,nM,7.853871964
CHEMBL1761283,370.49,O=C(NCCCCN1CCN(c2ccccc2C(F)(F)F)CC1)Oc1ccc(-c2ccccc2)cc1,IC50,'=',14,nM,7.853871964
CHEMBL361170,416.52,O=S(=O)(Cc1ccccc1Cl)N1CCc2c(ccnc2Nc2cnc3ccccc3c2)C1,IC50,'=',14,nM,7.853871964
CHEMBL4543559,405.49,CCCCOc1ccc(C(CC)NC(=O)Oc2ccc(F)cc2F)cc1,IC50,'=',14,nM,7.853871964
CHEMBL4566387,355.35,O=C(Nc1ccc(F)cc1)N1CCN(Cc2ccc(Br)c(Br)c2)CC1,IC50,'=',14,nM,7.853871964
CHEMBL4059573,433.49,O=C(Oc1cccc(N2CCS(=O)(=O)CC2)c1)N1CCC(c2ccc(OCCF)cc2)CC1,IC50,'=',14,nM,7.853871964
CHEMBL3220529,313.36,Cl.O=C(NCCCCN1CCN(c2ccccc2C(F)(F)F)CC1)Oc1cccc2ccccc12,IC50,'=',14,nM,7.853871964
CHEMBL599284,352.4,O=C(Nc1noc2ncccc12)N1CCN(Cc2cccc(Oc3ccc(Cl)cc3)c2)CC1,IC50,'=',14,nM,7.853871964
CHEMBL3944389,453.46,O=C(N1CCN(Cc2ccc(Br)cc2)CC1)n1nnc2ccccc21,IC50,'=',14,nM,7.853871964
CHEMBL4555210,491.26,O=C(Nc1ccccc1F)N1CCN(Cc2ccc(Br)c(Br)c2)CC1,IC50,'=',14,nM,7.853871964
CHEMBL3797885,405.49,N#Cc1ccc(C2CCN(C(=O)Oc3cccc(N4CCS(=O)(=O)CC4)c3)CC2)cc1,IC50,'=',14.45,nM,7.840132153
CHEMBL271447,401.52,COc1nn(C(C)c2ccc(CC(C)C)cc2)c(=O)o1,IC50,'=',15,nM,7.823908741
CHEMBL2207347,422.92,O=C(N1CCN(Cc2cccc(Oc3ccccc3)c2)CC1)n1nnc2cccnc21,IC50,'=',15,nM,7.823908741
CHEMBL2159803,337.38,O=C(Nc1cnccn1)N1CCN(c2nc(-c3ccccc3)ns2)CC1,IC50,'=',15,nM,7.823908741
CHEMBL3939432,339.37,O=C(Nc1ccccc1)N1CCN(Cc2cnc3ccc(Cl)cc3c2)CC1,IC50,'=',15,nM,7.823908741
CHEMBL4560889,334.42,COc1nn([C@@H](C)c2ccc(-c3ccccc3)cc2)c(=O)o1,IC50,'=',15,nM,7.823908741
CHEMBL3087182,415.52,O[C@@H](CNc1cc(-c2ccc(C(F)(F)F)cc2)ncn1)c1ccccc1,IC50,'=',15,nM,7.823908741
CHEMBL3356975,393.34,O=C(Nc1cnc(-c2ccccc2)nc1)N1CC2(CCN(Cc3cccc(Oc4ccc(Cl)cc4)c3)CC2)C1,IC50,'=',15,nM,7.823908741
CHEMBL528768,353.4,O=C(Nc1cccnn1)N1CCN(c2ccnc(-c3ccc(F)cc3F)n2)CC1,IC50,'=',15,nM,7.823908741
CHEMBL3934803,467.95,Cc1nc(-c2ccc(F)cc2)c(-c2ccc(F)cc2)n1CCCCCCNC(=O)Oc1c(F)cccc1F,IC50,'=',15,nM,7.823908741
CHEMBL3087168,362.43,O=C(Nc1ccc(OC(F)(F)F)cc1)N[C@H]1CC[C@H](Oc2ccc(C(=O)OCc3ccccc3)cc2)CC1,IC50,'=',15,nM,7.823908741
CHEMBL3121138,338.41,Cc1cccc2cc(CN3CCN(C(=O)Nc4ccccc4)CC3)c(Cl)nc12,IC50,'=',15,nM,7.823908741
CHEMBL3112952,362.43,O=C(Nc1cccnn1)N1CCC(c2nc(C3=NOC(c4ccccc4)C3)cs2)CC1,IC50,'=',15.49,nM,7.809948582
CHEMBL3113264,463.6,O=C(Nc1ccc(-c2nc(-c3ccc(Cl)cc3)cs2)cc1)C1CCN(S(=O)(=O)c2ccccc2Cl)CC1,IC50,'=',15.6,nM,7.806875402
CHEMBL232786,407.47,C[S+]([O-])c1ccc(-c2nc(C3CCN(C(=O)Oc4ccccc4)CC3)oc2Sc2ccc(Cl)cn2)cc1,IC50,'=',15.8,nM,7.801342913
CHEMBL4215208,431.97,O=C(Nc1ccc(-n2nccn2)nc1)N1CCC2(CCN(Cc3cccc(Oc4ccc(Cl)cc4)c3)CC2)CC1,IC50,'=',15.89,nM,7.798876103
CHEMBL3984894,428.55,COc1cccc(-c2ccc(OC3CN(C(=O)Nc4cccnn4)C3)nc2)c1F,IC50,'=',15.9,nM,7.798602876
CHEMBL3800500,320.39,Cn1c(CN2CCN(C(=O)Nc3ccccc3)CC2)cc2ccccc21,IC50,'=',16,nM,7.795880017
CHEMBL5093204,406.46,Cc1cc(C(N)=O)c(-c2cccc(OC(=O)N3CCC(NCCc4ccccc4)CC3)c2)o1,IC50,'=',16,nM,7.795880017
CHEMBL3909296,458.97,O=C(Nc1ccncc1)N1CCN(c2nc(-c3ccccc3)ns2)CC1,IC50,'=',16,nM,7.795880017
CHEMBL3112775,345.45,O=C(Nc1cccnc1)N1CCC2(CCN(Cc3cccc(Oc4ccc(Cl)cc4)c3)CC2)CC1,IC50,'=',16,nM,7.795880017
CHEMBL3677699,361.45,CCCOC(=O)c1cc(-c2cccc(OC(=O)NC3CCCCC3)c2)n(-c2ccccc2)n1,IC50,'=',16,nM,7.795880017
CHEMBL3950263,365.37,Clc1ccc(Sc2cn(-c3ccccc3)nc2-c2ccc3c(c2)OCCO3)cc1,IC50,'=',16,nM,7.795880017
CHEMBL5436635,392.82,O=C(Nc1cccnc1)N1CCN(Cc2ccc(Br)c(Br)c2)CC1,IC50,'=',16,nM,7.795880017
CHEMBL513073,345.45,Clc1ccc(Sc2oc(C3CCOCC3)nc2-c2cnc3[nH]ccc3c2)cc1,IC50,'=',16.2,nM,7.790484985
CHEMBL3112766,345.45,CCCCCCCOc1ccc(NC(=O)Oc2ccccc2F)cc1,IC50,'=',16.2,nM,7.790484985
CHEMBL3423131,384.45,O=C(Nc1ccccc1)N1CCN(Cc2ccc3cccc(Cl)c3n2)CC1,IC50,'=',16.3,nM,7.787812396
CHEMBL3287927,447.93,CCCCOc1ccc(NC(=O)ON=C(C)C)cc1,IC50,'=',17,nM,7.769551079
CHEMBL3911047,462.94,O=C(Nc1cccnc1)N1CCCC(Cc2cccc(Oc3ccc(F)cc3)c2)C1,IC50,'=',17,nM,7.769551079
CHEMBL3963854,473.96,O=C(Nc1cccc2nonc12)N1CCN(Cc2cccc(Oc3ccc(Cl)cc3)c2)CC1,IC50,'=',17,nM,7.769551079
CHEMBL610774,467.95,COc1cccc(-c2ccc3oc(N4Cc5ccccc5C4)nc3c2)c1,IC50,'=',17,nM,7.769551079
CHEMBL3961548,345.45,O=C(N1CCN(C/C=C/c2ccccc2)CC1)n1nnc2ccccc21,IC50,'=',17,nM,7.769551079
CHEMBL597086,467.95,c1ccc2ncc(Nc3nccc4c3CCN(CC3CCCCC3)C4)cc2c1,IC50,'=',17,nM,7.769551079
CHEMBL3810386,355.83,CCCCCOc1ccc(NC(=O)ON=C(C)C)cc1,IC50,'=',17,nM,7.769551079
CHEMBL2207366,362.43,CS(=O)(=O)c1ccc(-c2nc(-c3ccc(F)cc3)oc2Sc2ccc(Cl)cn2)cc1,IC50,'=',17.38,nM,7.759950228
CHEMBL3217940,429.54,O=C(Nc1cccnn1)N1CCN(c2ccnc(-c3ccc(F)cc3F)c2)CC1,IC50,'=',17.7,nM,7.752026734
CHEMBL2159799,357.44,O=C(Nc1ccon1)N1CCN(Cc2cccc(Oc3ccc(Cl)cc3)c2)CC1,IC50,'=',17.8,nM,7.749579998
CHEMBL3220530,430.96,C=CCNC(=O)N1C[C@@H]([C@@H](C)OC(=O)NCCc2ccccc2)C1=O,IC50,'=',17.9,nM,7.747146969
CHEMBL597087,389.38,CCCOc1ccc(NC(=O)O/N=C/c2cccnc2)cc1,IC50,'=',18,nM,7.744727495
CHEMBL3287932,397.48,O=C(Oc1ccccc1)N1CCC(c2nc(C3=NOC4(CCCc5ccccc54)C3)cs2)CC1,IC50,'=',18,nM,7.744727495
CHEMBL3113266,408.39,O=C(Nc1ccccc1)N1CCN(Cc2ccc3cc[nH]c3c2)CC1,IC50,'=',18,nM,7.744727495
CHEMBL2207364,292.38,CCOC(=O)c1cc(-c2cccc(OC(=O)NC3CCCCC3)c2)n(-c2ccc(C)cc2)n1,IC50,'=',18,nM,7.744727495
CHEMBL2313945,469.37,C[C@@H](OC(=O)CCCc1ccccc1)[C@@H]1CN(C(=O)CCCc2ccccc2)C1=O,IC50,'=',18,nM,7.744727495
CHEMBL598545,467.95,O=C(CCCCCCCCc1ccccc1)c1ncc(-c2ccccn2)o1,IC50,'=',18,nM,7.744727495
CHEMBL3799076,419.48,CCn1c(=O)n([C@H]2CCCN(c3nccc(-c4cccs4)n3)C2)c2ncccc21,IC50,'=',18,nM,7.744727495
CHEMBL3913379,401.51,COC(=O)c1cnc(C(=O)CCCCCCc2ccccc2)o1,IC50,'=',18,nM,7.744727495
CHEMBL3422946,420.47,CCn1c(=O)n(C2CCCN(c3nccc(-c4cc5ccccc5o4)n3)C2)c2ccccc21,IC50,'=',18,nM,7.744727495
CHEMBL565670,556.08,COC(=O)CNC(=O)c1ccc(O[C@H]2CC[C@H](NC(=O)Nc3ccc(OC(F)(F)F)cc3)CC2)cc1,IC50,'=',18.2,nM,7.739928612
CHEMBL177216,433.46,CCC(CCCCCn1c(C)nc(-c2ccccc2)c1-c1ccccc1)NC(=O)Oc1ccccc1F,IC50,'=',19,nM,7.721246399
CHEMBL1761300,321.38,CCn1c(=O)n([C@H]2CCCN(c3ccnc(-c4ccc(Cl)cc4)n3)C2)c2ccccc21,IC50,'=',19,nM,7.721246399
CHEMBL220784,497.67,Cn1c(=O)n(C2CCCN(c3nccc(-c4cc5ccccc5o4)n3)C2)c2ccccc21,IC50,'=',19,nM,7.721246399
CHEMBL1761282,433.46,CCn1c(=O)n([C@H]2CCCN(c3ccnc(-c4cc5ccccc5o4)n3)C2)c2ccccc21,IC50,'=',19,nM,7.721246399
CHEMBL4209593,359.44,C=CCOC(=O)N1C[C@@H]([C@@H](C)OC(=O)COCc2ccccc2)C1=O,IC50,'=',19,nM,7.721246399
CHEMBL232784,421.46,Cl.O=C(NCCCCN1CCN(c2cccc(Cl)c2Cl)CC1)Oc1cccc2c1OCCO2,IC50,'=',19,nM,7.721246399
CHEMBL1761296,352.35,O=C(Nc1ccc(-c2nc(-c3ccccc3)cs2)cc1)C1CCN(S(=O)(=O)c2ccccc2Cl)CC1,IC50,'=',19,nM,7.721246399
CHEMBL1761281,453.18,C=CCCC(=O)N1C[C@@H]([C@@H](C)OC(=O)COCc2ccccc2)C1=O,IC50,'=',19,nM,7.721246399
CHEMBL1761289,471.17,CCc1nc(-c2ccccc2)c(-c2ccccc2)n1CCCCCCCC(=O)OC,IC50,'=',19,nM,7.721246399
CHEMBL2313940,383.45,O=C1Nc2cc(Cl)ccc2/C1=N\NC(=O)c1c(O)cccc1Cl,IC50,'=',19,nM,7.721246399
CHEMBL3798372,351.48,CCCCCCOc1ccc(NC(=O)Oc2ccccc2)cc1,IC50,'=',19,nM,7.721246399
CHEMBL5082839,386.26,O=C(Nc1ccc(-n2nccn2)nc1)N1CC2(CCN(Cc3cccc(Oc4ccc(Cl)cc4)c3)CC2)C1,IC50,'=',19,nM,7.721246399
CHEMBL2313952,346.43,CN(C)c1ccc(C2CCN(C(=O)Oc3cccc(N4CCOCC4)c3)CC2)cc1,IC50,'=',19,nM,7.721246399
CHEMBL234003,451.48,C[C@@H](OC(=O)Cc1ccc(-c2ccccc2)cc1)[C@@H]1CN(C(=O)CCCc2ccccc2)C1=O,IC50,'=',19,nM,7.721246399
CHEMBL5177705,456.37,C=CCCCC(=O)O[C@H](C)[C@@H]1CN(C(=O)CCC=C)C1=O,IC50,'=',20,nM,7.698970004
CHEMBL599181,335.41,O=C(Nc1ccccc1Cl)N1CCN(c2nc(-c3ccccc3)ns2)CC1,IC50,'=',20,nM,7.698970004
CHEMBL3112941,497.67,CCc1ccc(-c2cc(NCC(O)c3ccccc3)ncn2)cc1,IC50,'=',20,nM,7.698970004
CHEMBL4570380,408.59,CCOC(=O)CCCCCn1c(CC)nc(-c2ccccc2)c1-c1ccccc1,IC50,'=',20,nM,7.698970004
CHEMBL571727,440.51,O=C(N1CCN(Cc2ccccc2-c2ccccc2)CC1)n1nnc2ccccc21,IC50,'=',20,nM,7.698970004
CHEMBL571724,335.41,CC(C)(O)c1cnc(-c2nn(-c3ccc(F)cc3)cc2Sc2ccc(Cl)cc2)cn1,IC50,'=',20,nM,7.698970004
CHEMBL461935,445.52,O=C(Nc1cc[nH]n1)N1CCN(Cc2cccc(Oc3ccc(Cl)cc3)c2)CC1,IC50,'=',20.3,nM,7.692503962
CHEMBL3121135,433.51,O=C(Nc1ccccc1)N1CCN(Cc2ccc(OCc3ccccc3)cc2)CC1,IC50,'=',20.5,nM,7.688246139
CHEMBL237043,497.56,OC(CNc1cc(-c2ccc(C(F)(F)F)c(Cl)c2)ncn1)c1ccc(F)c(Cl)c1,IC50,'=',20.7,nM,7.684029655
CHEMBL2159778,464.98,O=C(Nc1ccn2ccnc2c1)N1CCN(Cc2cccc(Oc3ccc(Cl)cc3)c2)CC1,IC50,'=',21,nM,7.677780705
CHEMBL3287930,363.4,O=C(Nc1ccccc1)N1CCN(Cc2cccc(Oc3ccc4ccccc4c3)c2)CC1,IC50,'=',21,nM,7.677780705
CHEMBL2207362,471.17,C=CCCC(=O)N1C[C@@H]([C@@H](C)OC(=O)NCCc2ccccc2)C1=O,IC50,'=',21,nM,7.677780705
CHEMBL3968643,361.45,CN1CCN(c2cccc(OC(=O)N3CCC(c4ccc(F)cc4)CC3)c2)CC1,IC50,'=',21,nM,7.677780705
CHEMBL3121129,476.57,COc1nn(C(C)c2ccc(Oc3ccccc3)cc2)c(=O)o1,IC50,'=',21.2,nM,7.673664139
CHEMBL2207354,507.98,COc1cccc(CN2CCC(CCCC(=O)c3ncco3)CC2)c1,IC50,'=',21.5,nM,7.66756154
CHEMBL3982333,354.45,O=C(N1CCN(c2ccc([N+](=O)[O-])cc2)CC1)n1nnc2ccccc21,IC50,'=',22,nM,7.657577319
CHEMBL2313943,463.93,CS(=O)(=O)c1ccc(NC(=O)N/N=C2/C(=O)Nc3ccccc32)cc1,IC50,'=',22,nM,7.657577319
CHEMBL4453993,400.28,COC(=O)c1ccc(O[C@H]2CC[C@H](NC(=O)Nc3ccc(OC(F)(F)F)cc3)CC2)cc1,IC50,'=',22,nM,7.657577319
CHEMBL3087185,471.17,COc1ccc(/C=N\NC(=O)Nc2ccc(S(C)(=O)=O)cc2)cc1,IC50,'=',22,nM,7.657577319
CHEMBL257024,439.54,O=C(Nc1ccccc1)c1cccc(CN2CCN(C(=O)n3nnc4ccccc43)CC2)c1,IC50,'=',22.7,nM,7.643974143
CHEMBL2159788,276.34,Cc1ccc(C)c(OC(=O)N2CCC(c3nc(C4=NOC(c5ccccc5)C4)cs3)CC2)c1,IC50,'=',22.91,nM,7.639974911
CHEMBL5188287,414.47,O=C(Nc1cccnn1)N1CCN(c2cccc(-c3ccc(F)cc3F)n2)CC1,IC50,'=',22.91,nM,7.639974911
CHEMBL4205926,367.44,COc1ccccc1N1CCN(CCCCNC(=O)Oc2ccc3c(c2)[nH]c2ccccc23)CC1,IC50,'=',23,nM,7.638272164
CHEMBL5195403,380.88,O=C(Nc1cccnn1)N1CC(Oc2ccc(-c3ccccc3)cn2)C1,IC50,'=',23,nM,7.638272164
CHEMBL2159812,296.33,COc1ccccc1N1CCN(CCCCNC(=O)Oc2ccc(-c3ccccc3)cc2)CC1.Cl,IC50,'=',23,nM,7.638272164
CHEMBL3798265,359.35,CCn1c(=O)n([C@H]2CCCN(c3ccnc(-c4ccc(C)cc4)n3)C2)c2ccccc21,IC50,'=',23,nM,7.638272164
CHEMBL3113265,345.45,O=C(Oc1cccc(N2CCCCC2)c1)N1CCC(c2ccc(F)cc2)CC1,IC50,'=',23,nM,7.638272164
CHEMBL4071121,540.07,CCCCOc1ccc(CNC(=O)Oc2cccc(C(F)(F)F)c2)cc1,IC50,'=',23,nM,7.638272164
CHEMBL3677697,276.34,CCCCCCCC/C=C\CCCCCCCC(=O)c1nc2ncccc2o1,IC50,'=',23,nM,7.638272164
CHEMBL4068218,338.41,O=C(Nc1ccncn1)N1CCN(Cc2cccc(Oc3ccc(Cl)cc3)c2)CC1,IC50,'=',23,nM,7.638272164
CHEMBL1761297,397.39,Cn1ccc2cc(-c3ccc4oc(N5CCn6cccc6C5)nc4c3)ccc21,IC50,'=',23,nM,7.638272164
CHEMBL4533170,414.47,O=C(Nc1cnccn1)N1CC(Oc2ccc(-c3ccccc3F)cn2)C1,IC50,'=',23,nM,7.638272164
CHEMBL597272,346.43,Cc1cc(C)cc(OC(=O)N2CCC(c3nc(C4=NOC(c5ccccc5)C4)cs3)CC2)c1,IC50,'=',23,nM,7.638272164
CHEMBL35925,296.33,O=C(Nc1noc2ccccc12)N1CCC(c2nc(-c3ccccc3)cs2)CC1,IC50,'=',23.44,nM,7.630042393
CHEMBL2164604,525.55,O=C(N1CCN(Cc2cccc([N+](=O)[O-])c2)CC1)n1nnc2ccccc21,IC50,'=',24,nM,7.619788758
CHEMBL3217939,528.53,O=C(Nc1ccc(-n2cccn2)nc1)N1CC2(CCN(Cc3cccc(Oc4ccc(Cl)cc4)c3)CC2)C1,IC50,'=',24,nM,7.619788758
CHEMBL3677701,394.91,COc1cc(OC(=O)NCCCCN2CCN(c3ccccc3OC)CC2)ccc1-c1ccccc1,IC50,'=',24,nM,7.619788758
CHEMBL3800617,434.53,O=C(CCCCCCc1ccccc1)c1ncco1,IC50,'=',25,nM,7.602059991
CHEMBL2326184,572.54,O=C(NCCCCCCc1ccccc1)Oc1cccc(N2CCNCC2)c1,IC50,'=',25.1,nM,7.600326279
CHEMBL2159806,554.09,O=C(CCCC1CCN(C(=O)C2CCCCC2)CC1)c1ncco1,IC50,'=',25.94,nM,7.586030028
CHEMBL3112942,558.09,CN(C)C(=O)Oc1noc2ccc(Cl)cc12,IC50,'=',26,nM,7.585026652
CHEMBL4090459,395.39,C#CCN1C(=O)/C(=N/NC(=O)Nc2ccc(S(C)(=O)=O)cc2)c2cc(Cl)ccc21,IC50,'=',26,nM,7.585026652
CHEMBL220125,348.45,Cc1sccc1S(=O)(=O)N1CCc2c(ccnc2Nc2cnc3ccccc3c2)C1,IC50,'=',26,nM,7.585026652
CHEMBL2326500,447.54,O=C(CCCC1CCN(Cc2ccc(Br)cc2)CC1)c1ncco1,IC50,'=',26.3,nM,7.580044252
CHEMBL2159811,366.45,O=S(=O)(C1CCC1)N1CCc2c(ccnc2Nc2cnc3ccccc3c2)C1,IC50,'=',26.7,nM,7.573488739
CHEMBL271446,491.04,C[C@@H](OC(=O)CCCCc1ccccc1)[C@@H]1CN(C(=O)CCCc2ccccc2)C1=O,IC50,'=',27,nM,7.568636236
CHEMBL2326179,447.54,CC(C)OC(=O)N1CCC(c2nc(-c3ccc([S+](C)[O-])cc3)c(Sc3ccc(Cl)cn3)o2)CC1,IC50,'=',27,nM,7.568636236
CHEMBL5188078,420.92,CCOc1ccc(NC(=O)O/N=C/c2ccc(F)cc2)cc1,IC50,'=',27,nM,7.568636236
CHEMBL3220528,454.17,O=C(Nc1cnc2ccccn12)N1CCN(Cc2cccc(Oc3ccc(Cl)cc3)c2)CC1,IC50,'=',27,nM,7.568636236
CHEMBL272098,411.91,CC(C)(C)c1ccc(Oc2cccc(CN3CCN(C(=O)Nc4ccccc4)CC3)c2)cc1,IC50,'=',27.62,nM,7.558776326
CHEMBL3220527,345.41,COc1nn(C(C)c2ccc(-c3ccccc3)cc2)c(=O)o1,IC50,'=',28,nM,7.552841969
CHEMBL570579,380.88,O=C(Nc1cnc2[nH]ccc2c1)N1CCC2(CCN(Cc3cccc(Oc4ccc(Cl)cc4)c3)CC2)CC1,IC50,'=',28,nM,7.552841969
CHEMBL3979521,264.32,NC(=O)c1cn(-c2cccc(OC(=O)N3CCN(CCCc4ccccc4)CC3)c2)nn1,IC50,'=',28,nM,7.552841969
CHEMBL592871,405.47,Cn1ccc2cc(-c3ccc4oc(Nc5ccccc5)nc4c3)ccc21,IC50,'=',28,nM,7.552841969
CHEMBL2207351,463.93,CN(C)C(=O)[C@H]1C[C@@H]1c1ccc(-c2nc(C3CC3)n(C)c2Sc2ccc(Cl)cn2)cc1,IC50,'=',28,nM,7.552841969
CHEMBL2164600,342.4,COc1cccc(NC(=O)N2CCN(Cc3ccc(Br)c(Br)c3)CC2)c1,IC50,'=',28,nM,7.552841969
CHEMBL3087183,347.42,COc1ccccc1N1CCN(CCCCNC(=O)Oc2cccc3ccccc23)CC1,IC50,'=',28,nM,7.552841969
CHEMBL3112776,372.52,C[C@@H](OC(=O)CCCc1ccccc1)[C@@H]1CN(C(=O)CCc2ccccc2)C1=O,IC50,'=',28,nM,7.552841969
CHEMBL5429985,278.35,O=C(Nc1cccnn1)N1CC(Oc2ccc(-c3cccc(OCCO)c3)cn2)C1,IC50,'=',28,nM,7.552841969
CHEMBL3222177,460.94,CN(C(=O)n1cnc(-c2ccc[n+]([O-])c2)c1)C1CCCCC1,IC50,'=',28,nM,7.552841969
CHEMBL2386556,396.4,COc1ccc(-c2cc(NC[C@H](O)c3ccccc3)ncn2)cc1C,IC50,'=',28,nM,7.552841969
CHEMBL3978604,412.88,CCn1c(=O)n([C@H]2CCCN(c3nccc(-c4ccccc4)n3)C2)c2ncccc21,IC50,'=',28,nM,7.552841969
CHEMBL3800489,345.4,C[C@@H](OC(=O)Cc1ccc(-c2ccccc2)cc1)[C@@H]1CN(C(=O)CCc2ccccc2)C1=O,IC50,'=',28.6,nM,7.543633967
CHEMBL569404,345.4,O=C(Nc1ccc(Cl)nn1)N1CCN(c2nc(-c3ccccc3)ns2)CC1,IC50,'=',28.84,nM,7.540004744
CHEMBL3677694,299.33,N#Cc1cccc(C(O)CNc2cc(-c3ccc(C(F)(F)F)c(Cl)c3)ncn2)c1,IC50,'=',29,nM,7.537602002
CHEMBL4460898,473.6,O=C(O)c1ccc(-c2cnc(C(=O)CCCCCCc3ccccc3)o2)nc1,IC50,'=',29,nM,7.537602002
CHEMBL3121111,334.42,O=C(Nc1ccccc1)N1CCN(Cc2ccc(C(F)(F)F)cc2)CC1,IC50,'=',29,nM,7.537602002
CHEMBL1761292,447.54,O=C(Nc1ccc(-n2nccn2)nc1)N1CCC2(CC1)CN(Cc1cccc(Oc3ccc(Cl)cc3)c1)C2,IC50,'=',29,nM,7.537602002
CHEMBL569642,407.51,CCn1c(=O)n([C@H]2CCCN(c3ccnc(-c4cccc(F)c4)n3)C2)c2ccccc21,IC50,'=',29.51,nM,7.530030791
CHEMBL488709,362.47,COC(=O)c1ccc(Oc2cccc(CN3CCN(C(=O)Nc4ccccc4)CC3)c2)cc1,IC50,'=',30,nM,7.522878745
CHEMBL3121126,406.52,CCCCOc1ccc(C(CC)NC(=O)Oc2cccc(C(F)(F)F)c2)cc1,IC50,'=',30,nM,7.522878745
CHEMBL219953,315.37,Cn1ncc2c(-c3ccc4oc(NC5CCCCC5)nc4c3)cccc21,IC50,'=',30,nM,7.522878745
CHEMBL2164591,439.52,O=C(Nc1ccccc1)N1CCN(Cc2ccc(I)cc2)CC1,IC50,'=',30,nM,7.522878745
CHEMBL3112939,407.51,CCCCOc1ccc(C(CC)NC(=O)Oc2cccc(N(C)C)c2)cc1,IC50,'=',30,nM,7.522878745
CHEMBL1761294,509.48,CCOc1ccc(-c2cc(NCC(O)c3ccccc3)ncn2)cc1,IC50,'=',30,nM,7.522878745
CHEMBL3983408,499.63,N#Cc1cc(-c2ccc3oc(NC4CCCCC4)nc3c2)ccc1O,IC50,'=',30,nM,7.522878745
CHEMBL599489,433.94,O=C(Nc1ccc(F)cc1)N1CCN(Cc2ccc3ccccc3c2)CC1,IC50,'=',30,nM,7.522878745
CHEMBL3222176,425.49,Cn1ccc2cc(-c3ccc4oc(N5CCc6ccccc6C5)nc4c3)ccc21,IC50,'=',30,nM,7.522878745
CHEMBL3904461,439.52,CSc1ccc(-c2cc(NCC(O)c3ccccc3)ncn2)cc1,IC50,'=',30,nM,7.522878745
CHEMBL599283,412.88,O[C@@H](CNc1cc(-c2ccc(Cl)c(C(F)(F)F)c2)ncn1)c1ccccc1,IC50,'=',30,nM,7.522878745
CHEMBL3121140,347.37,C[C@@H](OC(=O)CCc1ccccc1)[C@@H]1CN(C(=O)CCCc2ccccc2)C1=O,IC50,'=',30.1,nM,7.521433504
CHEMBL3222168,347.37,O=C(Nc1ccccc1)N1CCN(Cc2cccc(OCc3ccccc3)c2)CC1,IC50,'=',30.2,nM,7.519993057
CHEMBL3981728,516.85,N#Cc1ccc(C(O)CNc2cc(-c3ccc(C(F)(F)F)c(Cl)c3)ncn2)cc1,IC50,'=',30.6,nM,7.514278574
CHEMBL3222190,538.09,CCCCCCCC/C=C\CCCCCCCNC(=O)Oc1cccc(-c2cccc(C(N)=O)c2)c1,IC50,'=',30.8,nM,7.511449283
CHEMBL3121142,345.4,O=C(c1cccc(CN2CCN(C(=O)n3nnc4ccccc43)CC2)c1)N1CCCCC1,IC50,'=',30.9,nM,7.510041521
CHEMBL3121118,345.4,O=C(Nc1ccccc1)N1CCN(Cc2cccc(OS(=O)(=O)c3ccccc3)c2)CC1,IC50,'=',30.9,nM,7.510041521
CHEMBL570347,404.55,OC(CNc1cc(-c2ccc(C(F)(F)F)c(Cl)c2)ncn1)c1ccc(Cl)c(F)c1,IC50,'=',31,nM,7.508638306
CHEMBL3978478,350.16,CCCCCCCC/C=C\CCCCCCCNC(=O)OCc1cccnc1,IC50,'=',31,nM,7.508638306
CHEMBL3121125,313.4,O=C(CCCC1CCN(Cc2cccc(Cl)c2)CC1)c1ncco1,IC50,'=',31,nM,7.508638306
CHEMBL458987,530.03,CCn1c(=O)n([C@H]2CCCN(c3ccnc(-c4ccc(Cl)s4)n3)C2)c2ccccc21,IC50,'=',31,nM,7.508638306
CHEMBL2159809,409.53,OC(CNc1cc(-c2ccc(C(F)(F)F)c(Cl)c2)ncn1)c1ccccc1F,IC50,'=',31,nM,7.508638306
CHEMBL3935727,453.18,Cn1ncc2cc(-c3ccc4oc(NC5CCCCC5)nc4c3)ccc21,IC50,'=',31,nM,7.508638306
CHEMBL3121128,338.41,COc1cccc(-c2ccc(COC3(c4ccccc4)CN(C#N)C3)cc2)c1,IC50,'=',31.1,nM,7.507239611
CHEMBL2413181,455.55,O=C(Nc1ccccc1F)N1CCN(Cc2cnc3ccccc3c2)CC1,IC50,'=',31.62,nM,7.500038134
CHEMBL255801,293.36,CCOC(=O)N1CCC(c2nc(-c3ccc([S+](C)[O-])cc3)c(Sc3ccc(Cl)cn3)o2)CC1,IC50,'=',31.62,nM,7.500038134
CHEMBL1761298,399.91,O=C(Nc1ccccc1)N1CCN(Cc2ccc(Oc3ccc(Cl)cc3)cc2)CC1,IC50,'=',31.7,nM,7.498940738
CHEMBL3121121,319.41,CCCCCOc1cccc(-c2cc(C(=O)NC34CC5CC(CC(C5)C3)C4)no2)c1,IC50,'=',32,nM,7.494850022
CHEMBL3222175,390.53,Cn1ccc2cc(-c3ccc4oc(N5CCN(c6ccccc6)CC5)nc4c3)ccc21,IC50,'=',32,nM,7.494850022
CHEMBL4641400,293.36,COc1cc(OC(=O)NCCCCN2CCN(c3ccccc3OC)CC2)ccc1-c1cccc(C(N)=O)c1,IC50,'=',32,nM,7.494850022
CHEMBL3952197,397.48,O=C(NC1CCCCC1)Oc1cccc(-c2ccccc2)c1,IC50,'=',32,nM,7.494850022
CHEMBL3964398,455.55,CCOC(=O)CCCCCCn1c(C)nc(-c2ccc(F)cc2)c1-c1ccc(F)cc1,IC50,'=',32,nM,7.494850022
CHEMBL2164597,440.93,CCOC(=O)CCCc1ccc(-n2c(CC)nc(-c3ccccc3)c2-c2ccccc2)cc1,IC50,'=',32,nM,7.494850022
CHEMBL2414026,411.89,CCOC(=O)CCCOc1ccc(-n2cnc(-c3ccccc3)c2-c2ccccc2)cc1,IC50,'=',32,nM,7.494850022
CHEMBL3222189,411.89,O=C(Nc1ccccc1)N1CCN(Cc2ccc(Cl)c(Cl)c2)CC1,IC50,'=',32,nM,7.494850022
CHEMBL4102620,401.51,CS(=O)(=O)c1ccc(Oc2cccc(CN3CCN(C(=O)Nc4ccccc4)CC3)c2)cc1,IC50,'=',32,nM,7.494850022
CHEMBL431202,338.41,CC(C)(C)OC(=O)N1CCC(c2nc(-c3ccc(S(C)(=O)=O)cc3)c(Sc3ccc(Cl)cn3)o2)CC1,IC50,'=',32,nM,7.494850022
CHEMBL232785,455.44,O=C(CCCC1CCN(Cc2ccc(Cl)cc2)CC1)c1ncco1,IC50,'=',32.4,nM,7.48945499
CHEMBL458988,346.43,O=C(Nc1cnc2[nH]ccc2c1)N1CC2(CCN(Cc3cccc(Oc4ccc(Cl)cc4)c3)CC2)C1,IC50,'=',33,nM,7.48148606
CHEMBL234879,446.23,O=C(Nc1ccccc1)N1CCN(Cc2cccc(Oc3ccc4c(c3)OCO4)c2)CC1,IC50,'=',33,nM,7.48148606
CHEMBL3967560,346.43,C[S+]([O-])c1ccc(-c2nc(C3CCN(C(=O)OC(C)(C)C)CC3)oc2Sc2ccc(Cl)cn2)cc1,IC50,'=',33,nM,7.48148606
CHEMBL3913585,461.95,Clc1ccc(Sc2oc(C3CCOCC3)nc2-c2cnc3[nH]ncc3c2)cc1,IC50,'=',33,nM,7.48148606
CHEMBL3924177,437.54,CN(c1ccccc1)c1nc2cc(-c3ccc4c(ccn4C)c3)ccc2o1,IC50,'=',33,nM,7.48148606
CHEMBL269975,365.46,Cc1cccc(-c2nsc(N3CCN(C(=O)Nc4ccccc4)CC3)n2)c1,IC50,'=',33,nM,7.48148606
CHEMBL3112943,334.42,O=C(Nc1cccnc1)N1CC2CC1CN2Cc1cccc(Oc2ccc(Cl)cc2)c1,IC50,'=',33,nM,7.48148606
CHEMBL3922585,365.46,O=C(Nc1cnc2cc[nH]c2c1)N1CCN(Cc2cccc(Oc3ccc(Cl)cc3)c2)CC1,IC50,'=',33,nM,7.48148606
CHEMBL3896164,344.41,O=C(Nc1ccccc1)N1CCN(Cc2ccc(Br)cc2)CC1,IC50,'=',33.11,nM,7.480040819
CHEMBL3916101,344.41,O=C(Nc1ccon1)N1CCN(c2nc(-c3ccccc3)ns2)CC1,IC50,'=',33.2,nM,7.478861916
CHEMBL3222179,397.49,Cc1c(-c2ccccc2)cn(Cc2ccc(F)cc2)c(=O)c1C(=O)NC1CCCCCC1,IC50,'=',33.2,nM,7.478861916
CHEMBL472188,312.32,CC(C)CNC(=O)n1c(=O)oc2cc(C3CCN(C)CC3)ccc21,IC50,'=',33.88,nM,7.470056598
CHEMBL4758524,342.44,NC(=O)c1ccc(O[C@H]2CC[C@H](NC(=O)Nc3ccc(OC(F)(F)F)cc3)CC2)cc1,IC50,'=',34,nM,7.468521083
CHEMBL2207345,352.35,CCOC(=O)c1cc(-c2cccc(OC(=O)NC3CCCCC3)c2)n(Cc2ccccc2)n1,IC50,'=',34,nM,7.468521083
CHEMBL3966689,358.38,C=CCNC(=O)N1C[C@@H]([C@@H](C)OC(=O)COCc2ccccc2)C1=O,IC50,'=',34,nM,7.468521083
CHEMBL488867,497.67,NC(=O)c1cc(-c2ccc(OC(=O)NC3CCCCC3)cc2)n(-c2ccccc2)n1,IC50,'=',34,nM,7.468521083
CHEMBL4167303,312.32,CC(C)(C)c1ccc(-c2cc(NCC(O)c3ccccc3)ncn2)cc1,IC50,'=',34,nM,7.468521083
CHEMBL4451058,452.43,C[C@H]1CN(c2ccc(F)cc2)CCN1C(=O)Oc1cccc(N2CCS(=O)(=O)CC2)c1,IC50,'=',35,nM,7.455931956
CHEMBL4207039,347.4,OC(CNc1cc(-c2ccc(C(F)(F)F)c(Cl)c2)ncn1)c1cccc(F)c1,IC50,'=',35,nM,7.455931956
CHEMBL3423104,440.51,COCCOc1cccc(-c2ccc(OC3CN(C(=O)Nc4cnccn4)C3)nc2)c1,IC50,'=',35,nM,7.455931956
CHEMBL2313941,461.59,O=C(Nc1ccccc1)N1CCN(Cc2cnc3ccccc3c2)CC1,IC50,'=',35,nM,7.455931956
CHEMBL3423116,396.4,O=C(Nc1ccccc1)N1CCN(Cc2cccc(Oc3ccccc3)c2)CC1,IC50,'=',36,nM,7.443697499
CHEMBL3121137,472.59,COc1ccc(NC(=O)N2CCN(Cc3ccc(Br)c(Br)c3)CC2)cc1,IC50,'=',37,nM,7.431798276
CHEMBL4591794,307.36,COC(=O)N1CCC(c2nc(-c3ccc([S+](C)[O-])cc3)c(Sc3ccc(Cl)cn3)o2)CC1,IC50,'=',37.3,nM,7.428291168
CHEMBL3121120,453.18,c1ccc(CN2CCc3c(ccnc3Nc3cnc4ccccc4c3)C2)cc1,IC50,'=',38,nM,7.420216403
CHEMBL3677690,347.38,O=C(CCCCCCc1ccccc1)c1ncc(C(F)(F)F)o1,IC50,'=',38,nM,7.420216403
CHEMBL3922544,307.36,CCOC(=O)c1cc(-c2cccc(OC(=O)NC3CCCCC3)c2)n(-c2ccc([N+](=O)[O-])cc2)n1,IC50,'=',38.02,nM,7.419987887
CHEMBL2164594,496.05,COc1cc(Br)cc(CN2CCN(C(=O)Nc3ccccc3)CC2)c1O,IC50,'=',39,nM,7.408935393
CHEMBL3968976,413.53,O=C(Nc1cccnc1)N1CCC2(CC1)CN(Cc1cccc(Oc3ccc(Cl)cc3)c1)C2,IC50,'=',40,nM,7.397940009
CHEMBL3973029,382.48,O=C(Nc1ccccc1)N1CCN(Cc2ccc(Cl)c(C(F)(F)F)c2)CC1,IC50,'=',40,nM,7.397940009
CHEMBL3220519,367.37,CCOC(=O)c1cc(-c2ccc(OC(=O)NC3CCCCC3)cc2)n(C)n1,IC50,'=',40,nM,7.397940009
CHEMBL257945,384.56,CCOc1ccc(NC(=O)O/N=C/c2ccccc2)cc1,IC50,'=',40,nM,7.397940009
CHEMBL373606,384.56,O=C(Nc1nn[nH]n1)N1CCN(Cc2cccc(Oc3ccc(Cl)cc3)c2)CC1,IC50,'=',40,nM,7.397940009
CHEMBL3423102,338.41,COc1cccc(Oc2cccc(CN3CCN(C(=O)Nc4ccccc4)CC3)c2)c1,IC50,'=',40,nM,7.397940009
CHEMBL2164605,423.9,CCCCCCCCCCCCSCC(=O)C(F)(F)F,IC50,'=',41,nM,7.387216143
CHEMBL3112772,368.44,O=C(Nc1noc2ccccc12)N1CCN(c2nc(-c3ccccc3)no2)CC1,IC50,'=',42,nM,7.37675071
CHEMBL3929968,365.37,O=C(Nc1ccccc1)N1CCN(Cc2ccc3c(c2)OC(F)(F)O3)CC1,IC50,'=',42,nM,7.37675071
CHEMBL3423105,461.59,O=C(NCCc1ccc2c(c1)OCO2)c1cc(-c2ccc(-c3ccccc3)cc2)on1,IC50,'=',42,nM,7.37675071
CHEMBL599470,404.5,CCCCCCNC(=O)Oc1cccc(-c2cc(C(=O)OCC)nn2-c2ccccc2)c1,IC50,'=',43,nM,7.366531544
CHEMBL2207363,366.38,O=C(N1CCN(Cc2ccc([N+](=O)[O-])cc2)CC1)n1nnc2ccccc21,IC50,'=',43,nM,7.366531544
CHEMBL4578910,529.04,O=C(N1CCN(Cc2cccc(Oc3ccccc3)c2)CC1)n1nnc2ccccc21,IC50,'=',43,nM,7.366531544
CHEMBL3891017,489.62,COc1nn(Cc2ccc(CC(C)C)cc2)c(=O)o1,IC50,'=',43,nM,7.366531544
CHEMBL270375,257.33,N#Cc1ccc(N2CCN(C(=O)Oc3cccc(N4CCS(=O)(=O)CC4)c3)CC2)cc1,IC50,'=',43,nM,7.366531544
CHEMBL2326180,381.52,CC(C)(C)CC(=O)N1CCC(CCCC(=O)c2ncco2)CC1,IC50,'=',44,nM,7.356547324
CHEMBL3952351,446.56,Cc1cccc(CN2CCC(CCCC(=O)c3ncco3)CC2)c1,IC50,'=',44,nM,7.356547324
CHEMBL1798048,332.44,C[C@@H](OC(=O)CCCCc1ccccc1)[C@@H]1CN(C(=O)CCc2ccccc2)C1=O,IC50,'=',45,nM,7.346787486
CHEMBL3423128,240.65,CCOC(=O)CCCOc1cccc(-n2cnc(-c3ccccc3)c2-c2ccccc2)c1,IC50,'=',45,nM,7.346787486
CHEMBL2159804,430.87,Cn1nnc2ccc(-c3nc(C4CCOCC4)oc3Sc3ccc(Cl)cc3)cc21,IC50,'=',45,nM,7.346787486
CHEMBL3356974,436.56,O=S(=O)(C1CCCCC1)N1CCc2c(ccnc2Nc2cnc3ccccc3c2)C1,IC50,'=',45,nM,7.346787486
CHEMBL3087173,391.31,O=C(Nc1cccnc1)N1CCC2(CCN(Cc3cccc(Oc4ccc(Cl)cc4)c3)C2)CC1,IC50,'=',45,nM,7.346787486
CHEMBL4582745,394.5,C/C(=N/NC(=O)Nc1ccc(S(C)(=O)=O)cc1)c1ccc(F)cc1,IC50,'=',45,nM,7.346787486
CHEMBL402546,421.54,O=C(Nc1ccccc1)N1CCN(Cc2ccc3ccc4cccc5ccc2c3c45)CC1,IC50,'=',45,nM,7.346787486
CHEMBL257226,421.54,O=C(Nc1ccc(F)cc1)N1CCN(c2nc(-c3ccccc3)ns2)CC1,IC50,'=',45.71,nM,7.339988779
CHEMBL569405,520.08,C=CCCC(=O)O[C@H](C)[C@@H]1CN(C(=O)CCC=C)C1=O,IC50,'=',45.79,nM,7.339229356
CHEMBL428727,302.31,COc1nn([C@@H](C)c2ccc(N(c3ccccc3)c3ccccc3)cc2)c(=O)o1,IC50,'=',46,nM,7.337242168
CHEMBL3964182,461.95,Cn1ccc2cc(-c3ccc4oc(Nc5ccc(F)cc5)nc4c3)ccc21,IC50,'=',46,nM,7.337242168
CHEMBL3220526,443.59,COc1nn(Cc2ccc(Oc3ccccc3)cc2)c(=O)o1,IC50,'=',46,nM,7.337242168
CHEMBL3112762,461.95,O=C(Nc1ccc(OC(F)(F)F)cc1)N[C@H]1CC[C@H](Oc2ccc(C(=O)NCCO)cc2)CC1,IC50,'=',46,nM,7.337242168
CHEMBL5199718,296.33,O=C(Nc1ccc2nccn2c1)N1CCN(Cc2cccc(Oc3ccc(Cl)cc3)c2)CC1,IC50,'=',46.77,nM,7.33003263
CHEMBL3958799,530.07,O=C(Nc1ccc(F)cc1)N1CCN(Cc2ccc3ccccc3n2)CC1,IC50,'=',47,nM,7.327902142
CHEMBL518812,434.5,Cc1cccc(NC(=O)N2CCN(Cc3ccc(Br)c(Br)c3)CC2)c1,IC50,'=',47.4,nM,7.324221658
CHEMBL576713,339.4,O=C(CCCC1CCN(C(=O)CC2CCCCC2)CC1)c1ncco1,IC50,'=',48,nM,7.318758763
CHEMBL3087170,296.33,O=C(O)c1cccc(-c2cnc(C(=O)CCCCCCc3ccccc3)o2)n1,IC50,'=',48,nM,7.318758763
CHEMBL3222180,453.01,CCCCCCNC(=O)Oc1cccc(-c2cc(C(=O)OCCC)nn2-c2ccccc2)c1,IC50,'=',48,nM,7.318758763
CHEMBL3087178,483.2,CCOC(=O)c1cc(-c2cccc(OC(=O)NC3CCCCC3)c2)n(CC)n1,IC50,'=',48,nM,7.318758763
CHEMBL4206149,433.55,O=C(Nc1cccnc1)N1C[C@@H]2CN(Cc3cccc(Oc4ccc(Cl)cc4)c3)[C@@H]2C1,IC50,'=',48.6,nM,7.313363731
CHEMBL2207355,393.48,Cc1cc(C(N)=O)c(-c2cccc(OC(=O)NCCCCCCc3ccccc3)c2)o1,IC50,'=',48.98,nM,7.309981219
CHEMBL3951775,407.43,O=C(Nc1ccc(-c2nccs2)cc1)C1CCN(S(=O)(=O)c2ccccc2Cl)CC1,IC50,'=',49,nM,7.30980392
CHEMBL3956448,393.48,CCOC(=O)c1cc(-c2cccc(OC(=O)NC3CCCCC3)c2)n(-c2ccc(OC)cc2)n1,IC50,'=',49,nM,7.30980392
CHEMBL270186,300.36,C/C(=N/NC(=O)Nc1ccc(S(C)(=O)=O)cc1)c1ccc(Br)cc1,IC50,'=',49,nM,7.30980392
CHEMBL219942,335.41,O=C(Nc1ccncn1)N1C[C@H]2CN(Cc3cccc(Oc4ccc(Cl)cc4)c3)C[C@H]2C1,IC50,'=',49,nM,7.30980392
CHEMBL3423132,400.49,Cc1nc(-c2ccccc2)c(-c2ccccc2)n1CCCCCC(NC(=O)Oc1ccccc1F)c1ccccc1,IC50,'=',50,nM,7.301029996
CHEMBL3422942,361.45,CSc1ccc(C(O)CNc2cc(-c3ccc(C(F)(F)F)c(Cl)c3)ncn2)cc1,IC50,'=',50,nM,7.301029996
CHEMBL4748887,441.53,O=C(Nc1ccccc1)N1CCN(Cc2cccc(S(=O)(=O)c3ccc(Cl)cc3)c2)CC1,IC50,'=',50,nM,7.301029996
CHEMBL2165094,401.88,O=C(Nc1noc2ccccc12)N1CCN(c2cc(-c3ccccc3)cs2)CC1,IC50,'=',50,nM,7.301029996
CHEMBL5083307,418.81,Cc1ccc(NC(=O)C2CCN(S(=O)(=O)c3ccccc3Cl)CC2)cc1,IC50,'=',50,nM,7.301029996
CHEMBL3422945,378.43,Clc1ccc(Sc2oc(C3CCOCC3)nc2-c2cnc3cc[nH]c3c2)cc1,IC50,'=',50,nM,7.301029996
CHEMBL5208247,363.38,COc1nn(C(C)c2ccc(N(c3ccccc3)c3ccccc3)cc2)c(=O)o1,IC50,'=',50,nM,7.301029996
CHEMBL4747098,530.03,Clc1ccc(Sc2oc(C3CCOCC3)nc2-c2ccc3ncnn3c2)cc1,IC50,'=',50,nM,7.301029996
CHEMBL393155,417.49,Clc1ccc(Sc2c[nH]nc2-c2ccc3c(c2)OCCO3)cc1,IC50,'=',50,nM,7.301029996
CHEMBL3121122,445.52,O=C(Nc1ccccn1)N1CCN(c2nc(-c3ccccc3)ns2)CC1,IC50,'=',50,nM,7.301029996
CHEMBL3944835,441.53,O=C(Nc1ccc(OC(F)(F)F)cc1)N[C@H]1CC[C@H](Oc2ccc(O)cc2)CC1,IC50,'=',50.12,nM,7.299988938
CHEMBL2326182,455.44,CCCCCCCCCCSCC(=O)C(F)(F)F,IC50,'=',50.4,nM,7.297569464
CHEMBL5089943,395.42,C=CCN1C(=O)/C(=N/NC(=O)Nc2ccc(S(C)(=O)=O)cc2)c2cc(Cl)ccc21,IC50,'=',51,nM,7.292429824
CHEMBL3923373,346.43,O=C(Nc1ccccc1)N1CCN(Cc2ccc(F)c(Br)c2)CC1,IC50,'=',52,nM,7.283996656
CHEMBL3087191,421.28,O=C(Nc1ccccc1)N1CCN(Cc2cccc(I)c2)CC1,IC50,'=',52,nM,7.283996656
CHEMBL3923895,370.49,CC(=O)Oc1ccc(O[C@H]2CC[C@H](NC(=O)Nc3ccc(OC(F)(F)F)cc3)CC2)cc1,IC50,'=',54,nM,7.26760624
CHEMBL3287926,335.41,CCCCOc1ccc(NC(=O)Oc2ccc(F)cc2)cc1,IC50,'=',54,nM,7.26760624
CHEMBL2326191,333.39,O=C(Nc1cccc(F)c1)N1CCN(Cc2cnc3ccccc3c2)CC1,IC50,'=',54,nM,7.26760624
CHEMBL4216368,363.44,Cn1ccc2cc(-c3ccc4oc(N5Cc6ccncc6C5)nc4c3)ccc21,IC50,'=',54,nM,7.26760624
CHEMBL270374,379.46,CCOC(=O)c1cc(-c2cccc(OC(=O)NC3CCCCC3)c2)n(-c2ccc(Cl)cc2Cl)n1,IC50,'=',55,nM,7.259637311
CHEMBL5184756,337.45,O=C(Nc1noc2ccccc12)N1CCC2(CC1)CN(Cc1cccc(Oc3ccc(Cl)cc3)c1)C2,IC50,'=',55,nM,7.259637311
CHEMBL3936942,393.8,O=C(Nc1cccnc1)N1CC2(CN(Cc3cccc(Oc4ccc(Cl)cc4)c3)C2)C1,IC50,'=',55,nM,7.259637311
CHEMBL3910058,393.48,Cc1ccncc1NC(=O)N1CC2(CCN(Cc3cccc(Oc4ccc(Cl)cc4)c3)CC2)C1,IC50,'=',56.23,nM,7.250031916
CHEMBL4211919,393.48,O=C(Nc1ccccc1)N1CCN(Cc2ccc(Cl)cc2)CC1,IC50,'=',57,nM,7.244125144
CHEMBL591826,401.51,Cc1cc(C(=O)O)c(-c2cccc(OC(=O)N3CCN(CCCc4ccccc4)CC3)c2)o1,IC50,'=',57,nM,7.244125144
CHEMBL3976425,418.81,CCOC(=O)CC(C)CCCCCn1c(C)nc(-c2ccccc2)c1-c1ccccc1,IC50,'=',57,nM,7.244125144
CHEMBL3217938,492.7,COc1ccc(CN2CCC(CCCC(=O)c3ncco3)CC2)cc1,IC50,'=',58,nM,7.236572006
CHEMBL3423103,432.53,O=C(O)CNC(=O)c1ccc(O[C@H]2CC[C@H](NC(=O)Nc3ccc(OC(F)(F)F)cc3)CC2)cc1,IC50,'=',58,nM,7.236572006
CHEMBL3112940,338.41,CCn1c(=O)n([C@H]2CCCN(c3ccnc(-c4ccccc4F)n3)C2)c2ccccc21,IC50,'=',58,nM,7.236572006
CHEMBL3112774,451.55,COc1ccccc1NC(=O)N1CCN(Cc2ccc(Br)c(Br)c2)CC1,IC50,'=',59,nM,7.229147988
CHEMBL3112956,446.23,O=C(Nc1ccc(Br)cc1)C1CCN(S(=O)(=O)c2ccccc2Cl)CC1,IC50,'=',59,nM,7.229147988
CHEMBL1895507,338.41,O=C(Nc1ccc(F)cc1)N1CCN(Cc2cnc3ccccc3c2)CC1,IC50,'=',59,nM,7.229147988
CHEMBL5440014,388.6,O=C(Nc1cccnc1)N1CCN(Cc2ccc3c(c2)OC(F)(F)O3)CC1,IC50,'=',59.6,nM,7.22475374
CHEMBL392067,346.86,O=C(Oc1cccc(N2CCS(=O)(=O)CC2)c1)N1CCC(c2ccncc2)CC1,IC50,'=',60,nM,7.22184875
CHEMBL403360,439.97,CCOC(=O)c1cc(-c2cccc(OC(=O)NC3CCCCC3)c2)n(-c2ccc(C(F)(F)F)cc2)n1,IC50,'=',60,nM,7.22184875
CHEMBL4211037,411.79,C/C(=N/NC(=O)Nc1ccc(S(C)(=O)=O)cc1)c1ccc(Br)cc1Br,IC50,'=',61,nM,7.214670165
CHEMBL1761293,346.43,CC(C)S(=O)(=O)N1CCC(CCCC(=O)c2ncco2)CC1,IC50,'=',61,nM,7.214670165
CHEMBL3944804,370.45,O=C(Nc1ccn2ccnc2n1)N1CCN(Cc2cccc(Oc3ccc(Cl)cc3)c2)CC1,IC50,'=',61,nM,7.214670165
CHEMBL5075955,364.42,O=C(Nc1ccc(-c2ncco2)cc1)C1CCN(S(=O)(=O)c2ccccc2Cl)CC1,IC50,'=',61,nM,7.214670165
CHEMBL3905681,506.05,O=C(Nc1cccnn1)N1CCN(c2cncc(-c3ccc(F)cc3F)c2)CC1,IC50,'=',61.67,nM,7.209926052
CHEMBL3940924,421.93,O=C(Nc1ccc(OC(F)(F)F)cc1)N[C@H]1CC[C@H](Oc2ccc(C(=O)O)cc2)CC1,IC50,'=',62,nM,7.207608311
CHEMBL4470750,408.54,CCOC(=O)N1CCN(C(=O)n2cncn2)CC1,IC50,'=',63,nM,7.200659451
CHEMBL3423101,408.51,O=C(Nc1ccc(C2Oc3ccccc3S2)cc1)C1CCN(S(=O)(=O)c2ccccc2Cl)CC1,IC50,'=',63,nM,7.200659451
CHEMBL5186939,532.64,O=C(Nc1cccc(F)c1)N1CCN(c2nc(-c3ccccc3)ns2)CC1,IC50,'=',63,nM,7.200659451
CHEMBL257893,295.38,C=CCNC(=S)N1C[C@@H]([C@@H](C)OC(=O)CCCc2ccccc2)C1=O,IC50,'=',63,nM,7.200659451
CHEMBL2207359,426.51,Clc1ccc(Sc2oc(C3CCOCC3)nc2-c2cn[nH]c2)cc1,IC50,'=',64,nM,7.193820026
CHEMBL5082030,438.57,O=C(Nc1ccc(-n2nccn2)nc1)N1CC2CC1CN2Cc1cccc(Oc2ccc(Cl)cc2)c1,IC50,'=',64,nM,7.193820026
CHEMBL3113267,426.52,Cc1noc(C2CCN(C(=O)Oc3cccc(N4CCS(=O)(=O)CC4)c3)CC2)n1,IC50,'=',64,nM,7.193820026
CHEMBL2397148,284.27,CCOc1ccc(NC(=O)O/N=C/c2cccnc2)cc1,IC50,'=',65,nM,7.187086643
CHEMBL3356962,364.28,O=C(Nc1cnc2[nH]ccc2c1)N1CC[C@@H]2CN(Cc3cccc(Oc4ccc(Cl)cc4)c3)C[C@@H]21,IC50,'=',65,nM,7.187086643
CHEMBL5086741,465.58,CCCCCCCC/C=C\CCCCCCCC(=O)c1ncc(-c2ccccn2)o1,IC50,'=',65,nM,7.187086643
CHEMBL472534,550.1,COc1ccc(NC(=O)N2CCN(c3nc(-c4ccccc4)ns3)CC2)cc1,IC50,'=',65.35,nM,7.184754408
CHEMBL2313950,346.86,COC(=O)Nc1cccc(OC(=O)Nc2cccc(C)c2)c1,IC50,'=',66,nM,7.180456064
CHEMBL3925110,502.02,O=C(Oc1ccc([N+](=O)[O-])cc1)N1CCN(S(=O)(=O)c2ccc(Oc3ccc(Cl)cc3)cc2)CC1,IC50,'=',66,nM,7.180456064
CHEMBL4799311,431.49,C[C@@H](OC(=O)CCc1ccccc1)[C@@H]1CN(C(=O)CCc2ccccc2)C1=O,IC50,'=',67,nM,7.173925197
CHEMBL4469144,534.1,CC(C)NC(=O)c1ccc(N2CCN(C(=O)n3nnc4ccccc43)CC2)c([N+](=O)[O-])c1,IC50,'=',67.48,nM,7.170824926
CHEMBL598343,412.9,CCOC(=O)c1cc(-c2ccc(OC(=O)NC3CCCCC3)cc2)nn1-c1ccc(OC)cc1,IC50,'=',67.56,nM,7.170310359
CHEMBL4780073,353.43,COc1nn(Cc2ccc(-c3ccccc3)cc2)c(=O)o1,IC50,'=',68,nM,7.167491087
CHEMBL426230,379.49,O=C(Nc1ccccc1)N1CCN(Cc2cccc(Oc3cccc(Cl)c3)c2)CC1,IC50,'=',69,nM,7.161150909
CHEMBL461942,434.93,O=C(Nc1ccc(Cl)cc1)C1CCN(S(=O)(=O)c2ccccc2Cl)CC1,IC50,'=',69,nM,7.161150909
CHEMBL1079421,461.95,Cc1cc(C(N)=O)c(-c2cccc(OC(=O)N3CCC(NCCCc4ccccc4)CC3)c2)o1,IC50,'=',69,nM,7.161150909
CHEMBL5203537,443.59,C[C@@H]1CN(c2nc3cc(-c4ccc5c(ccn5C)c4)ccc3o2)C[C@H](C)O1,IC50,'=',69,nM,7.161150909
CHEMBL583407,374.28,NC(=O)c1cc(-c2cccc(OC(=O)NC3CCCCC3)c2)n(-c2ccccc2)n1,IC50,'=',69,nM,7.161150909
CHEMBL2159785,356.41,O=C(Nc1ccccc1)N1CCN(Cc2ccc3cc(Cl)ccc3n2)CC1,IC50,'=',70,nM,7.15490196
CHEMBL3423127,432.54,C#CCCCCCCCCCNC(=O)Oc1cccc(-n2ccc(C(N)=O)c2)c1,IC50,'=',70,nM,7.15490196
CHEMBL3087174,331.42,CNC(=O)c1ccc(O[C@H]2CC[C@H](NC(=O)Nc3ccc(OC(F)(F)F)cc3)CC2)cc1,IC50,'=',70,nM,7.15490196
CHEMBL3925659,437.42,CCCOc1cccc(CN2CCN(C(=O)Nc3ccccc3)CC2)c1,IC50,'=',70,nM,7.15490196
CHEMBL5081733,447.54,O=C(Nc1ccc(Oc2ccc(C(=O)O)cc2)cc1)Nc1ccc(OC(F)(F)F)cc1,IC50,'=',70,nM,7.15490196
CHEMBL5419246,346.38,NC(=O)c1cc(-c2ccc(OC(=O)NC3CCCCC3)cc2)n(-c2ccc(Cl)cc2)n1,IC50,'=',70.79,nM,7.150028088
CHEMBL3222187,346.38,O=C(Oc1cccc(N2CCS(=O)(=O)CC2)c1)N1CCC(O)(c2ccccc2)CC1,IC50,'=',70.9,nM,7.149353765
CHEMBL3423109,404.47,COc1ccccc1NC(=O)N1CCN(c2nc(-c3ccccc3)ns2)CC1,IC50,'=',71,nM,7.148741651
CHEMBL3958207,347.46,O=C(Nc1cncc(F)c1)N1CC2(CCN(Cc3cccc(Oc4ccc(Cl)cc4)c3)CC2)C1,IC50,'=',72,nM,7.142667504
CHEMBL2165083,447.53,NC(=O)c1cc(-c2cccc(OC(=O)NC3CCCCC3)c2)n(-c2ccc(Cl)cc2)n1,IC50,'=',72.9,nM,7.137272472
CHEMBL2397138,411.79,O=C(Nc1noc2cccnc12)N1CC2(CCN(Cc3cccc(Oc4ccc(Cl)cc4)c3)CC2)C1,IC50,'=',73,nM,7.13667714
CHEMBL3931754,421.46,CCCCc1ccc(S(=O)(=O)N2CCN(C(=O)Oc3ccc([N+](=O)[O-])cc3)CC2)cc1,IC50,'=',73,nM,7.13667714
CHEMBL4203466,346.43,O=C(Nc1ccccc1)N1CCN(Cc2ccc3c(c2)CCC3)CC1,IC50,'=',73,nM,7.13667714
CHEMBL3423117,387.48,O=C(Nc1noc2ccncc12)N1CCN(Cc2cccc(Oc3ccc(Cl)cc3)c2)CC1,IC50,'=',74,nM,7.13076828
CHEMBL4438617,483.2,Cn1ccc2cc(-c3ccc4oc(Nc5ccccn5)nc4c3)ccc21,IC50,'=',75,nM,7.124938737
CHEMBL461380,492.02,CCCCCCCC/C=C\CCCCCCCC(=O)C(F)(F)F,IC50,'=',75.13,nM,7.124186611
CHEMBL3112955,366.47,Cc1cc(C(N)=O)c(-c2cccc(OC(=O)NC3CCN(CCc4ccccc4)CC3)c2)o1,IC50,'=',76,nM,7.119186408
CHEMBL3423110,326.4,O=C(N1CCCCC1)N1CC(OC(c2ccc(Cl)cc2)c2cccnc2Cl)C1,IC50,'=',77,nM,7.113509275
CHEMBL3112945,325.33,O=C(CCCCCCc1ccccc1)c1ncc(Br)o1,IC50,'=',77,nM,7.113509275
CHEMBL5200684,355.35,O=C(Nc1ccccc1)N1CCC(c2nc(C3=NOC(c4ccccc4)C3)cs2)CC1,IC50,'=',77.62,nM,7.110026362
CHEMBL3925992,478.51,O=C(Nc1cncc2ccccc12)N1C[C@@H]2CN(Cc3cccc(Oc4ccc(Cl)cc4)c3)C[C@@H]21,IC50,'=',78,nM,7.107905397
CHEMBL2207349,338.41,Cc1cccc(NC(=O)N2CCN(c3nc(-c4ccccc4)ns3)CC2)c1,IC50,'=',78,nM,7.107905397
CHEMBL3222182,420.31,Cc1cc(C(N)=O)c(-c2cccc(OC(=O)NC3CCN(CCc4ccccc4)CC3)c2)s1,IC50,'=',79,nM,7.102372909
CHEMBL422064,462.98,O=C(Nc1cnccc1Cl)N1C[C@H]2CN(Cc3cccc(Oc4ccc(Cl)cc4)c3)C[C@H]2C1,IC50,'=',80,nM,7.096910013
CHEMBL5403566,397.83,CCCCCCCC/C=C\CCCCCCCC(=O)c1nnc(-c2ccccc2)o1,IC50,'=',80,nM,7.096910013
CHEMBL561068,387.48,O=C(Nc1ccccc1)N1CCN(Cc2csc3ccccc23)CC1,IC50,'=',80,nM,7.096910013
CHEMBL373555,371.44,O=C(Nc1cccc(Cl)c1)N1CCN(Cc2cnc3ccccc3c2)CC1,IC50,'=',81,nM,7.091514981
CHEMBL3800583,284.32,Cc1cccc(NC(=O)N2CCN(Cc3cnc4ccccc4c3)CC2)c1,IC50,'=',81,nM,7.091514981
CHEMBL3220525,413.87,COc1cccc(NC(=O)N2CCN(Cc3cnc4ccccc4c3)CC2)c1,IC50,'=',81,nM,7.091514981
CHEMBL4783007,469.47,COCCOC(=O)N1CCC(c2nc(-c3ccc([S+](C)[O-])cc3)c(Sc3ccc(Cl)cn3)o2)CC1,IC50,'=',83,nM,7.080921908
CHEMBL518653,417.51,CCn1ccc2cc(-c3ccc4oc(NC5CCCCC5)nc4c3)ccc21,IC50,'=',83,nM,7.080921908
CHEMBL5403865,312.44,Cn1nc(C(N)=O)cc1-c1ccc(OC(=O)NC2CCCCC2)cc1,IC50,'=',84,nM,7.075720714
CHEMBL4800098,390.4,CC(C)COc1cccc(CN2CCN(C(=O)Nc3ccccc3)CC2)c1,IC50,'=',87,nM,7.060480747
CHEMBL362705,375.38,CCCOc1ccc(NC(=O)ON=C(C)C)cc1,IC50,'=',87,nM,7.060480747
CHEMBL3894445,412.45,Cn1ccc2cc(-c3ccc4oc(N5Cc6cccnc6C5)nc4c3)ccc21,IC50,'=',88,nM,7.055517328
CHEMBL3942596,435.52,NC(=O)Cn1ccc2cc(-c3ccc4oc(NC5CCCCC5)nc4c3)ccc21,IC50,'=',88,nM,7.055517328
CHEMBL3936987,366.38,CCOC(=O)c1cc(-c2ccc(OC(=O)NC3CCCCC3)cc2)n(CC)n1,IC50,'=',89,nM,7.050609993
CHEMBL3960887,413.48,CCOc1cccc(CN2CCN(C(=O)Nc3ccccc3)CC2)c1,IC50,'=',89,nM,7.050609993
CHEMBL3971405,312.44,CC(C)c1ccc(CN2CCN(C(=O)Nc3ccccc3)CC2)cc1,IC50,'=',89,nM,7.050609993
CHEMBL3222172,413.48,O=C(Nc1ccccc1)N1CCN(Cc2cccc(Oc3cccc(C(F)(F)F)c3)c2)CC1,IC50,'=',89.13,nM,7.049976093
CHEMBL3423115,262.31,O=C(Nc1ccc(F)cc1)C1CCN(S(=O)(=O)c2ccccc2Cl)CC1,IC50,'=',89.13,nM,7.049976093
CHEMBL3970307,262.31,O=C(Nc1nccs1)N1CCC(c2nc(C3=NOC(c4ccccc4)C3)cs2)CC1,IC50,'=',89.13,nM,7.049976093
CHEMBL609315,440.53,Cn1ccc2cc(-c3ccc4oc(Nc5cccnc5)nc4c3)ccc21,IC50,'=',89.3,nM,7.049148541
CHEMBL3217937,320.43,CCOC(=O)c1cc(-c2cccc(OC(=O)NC3CCCCC3)c2)nn1C,IC50,'=',90,nM,7.045757491
CHEMBL3222174,326.44,OC(CNc1cc(-c2ccc(C(F)(F)F)c(Cl)c2)ncn1)c1cccc(C(F)(F)F)c1,IC50,'=',90,nM,7.045757491
CHEMBL3423106,407.51,COc1ccc(-c2ccc3oc(NC4CCCCC4)nc3c2)cc1C,IC50,'=',91,nM,7.040958608
CHEMBL3944197,426.52,COc1ccc(OC(=O)NCCCCN2CCN(c3cccc(Cl)c3Cl)CC2)c2ccccc12.Cl,IC50,'=',91,nM,7.040958608
CHEMBL3955877,262.31,CCOC(=O)N1CCN(C(=O)n2nnc3cccnc32)CC1,IC50,'=',91,nM,7.040958608
CHEMBL3969150,262.31,Cn1ccc2cc(CN3CCN(C(=O)Nc4ccccc4)CC3)ccc21,IC50,'=',91,nM,7.040958608
CHEMBL5088092,407.51,COC(=O)c1cccc(NC(=O)N2CCN(Cc3cnc4ccccc4c3)CC2)c1,IC50,'=',91.2,nM,7.040005162
CHEMBL3800131,426.93,CCCCCCCCSCC(=O)C(F)(F)F,IC50,'=',92.22,nM,7.035174882
CHEMBL3217801,422.55,CC(C)NC(=O)c1cc(-c2cccc(OC(=O)NC3CCCCC3)c2)n(-c2ccccc2)n1,IC50,'=',93,nM,7.031517051
CHEMBL3423118,477.01,O=C(Nc1noc2ccccc12)N1CC[C@@H]2CN(Cc3cccc(Oc4ccc(Cl)cc4)c3)C[C@H]2C1,IC50,'=',93,nM,7.031517051
CHEMBL4587800,349.39,C[C@@H](OC(=O)Cc1ccc(-c2ccccc2)cc1)[C@@H]1CN(C(=O)CCCCc2ccccc2)C1=O,IC50,'=',93,nM,7.031517051
CHEMBL3121123,419.53,N#Cc1cccc(-c2ccc(-c3cc(C(=O)NC45CC6CC(CC(C6)C4)C5)no3)cc2)c1,IC50,'=',95,nM,7.022276395
CHEMBL3222167,383.45,COc1nn([C@H](C)c2ccc(CC(C)C)cc2)c(=O)o1,IC50,'=',96,nM,7.017728767
CHEMBL3798841,279.34,O=C(Nc1ccncc1)N1CCN(Cc2ccc(Br)c(Br)c2)CC1,IC50,'=',97.72,nM,7.010016542
CHEMBL3356961,279.34,O=C(Nc1cccc(Cl)c1)N1CCN(Cc2ccc(Br)c(Br)c2)CC1,IC50,'=',98,nM,7.008773924
CHEMBL3905329,387.44,O=C(NCCCCN1CCN(c2cccc(Cl)c2Cl)CC1)Oc1cccc2c1CCCC2,IC50,'=',98,nM,7.008773924
CHEMBL3949187,357.39,O=C(Nc1cccnc1Cl)N1CC2(CCN(Cc3cccc(Oc4ccc(Cl)cc4)c3)CC2)C1,IC50,'=',99,nM,7.004364805
CHEMBL89506,320.39,CC(C)C(=O)N1CCC(CCCC(=O)c2ncco2)CC1,IC50,'=',100,nM,7
CHEMBL3423112,298.3,Cc1nc(-c2ccccc2)c(-c2ccccc2)n1CCCCCC(NC(=O)Oc1ccccc1F)C(C)C,IC50,'=',100,nM,7
CHEMBL4794969,481.47,CCCCCCCCCCCCS(=O)(=O)CC(=O)C(F)(F)F,IC50,'=',100,nM,7
CHEMBL569879,461.95,O=C(Nc1ccc(F)cc1F)N1CCN(Cc2cnc3ccccc3c2)CC1,IC50,'=',100,nM,7
CHEMBL3800527,387.44,O=C(Nc1noc2ccccc12)N1C[C@H]2CN(Cc3cccc(Oc4ccc(Cl)cc4)c3)C[C@H]2C1,IC50,'=',100,nM,7
CHEMBL3087314,364.42,N#Cc1cncnc1NC(=O)N1CCN(c2nc(-c3ccccc3)ns2)CC1,IC50,'=',100,nM,7
CHEMBL3938086,375.38,O=C(Oc1cccc(-c2nn[nH]n2)c1)N1CCN(CCCc2ccccc2)CC1,IC50,'=',100,nM,7
CHEMBL3977441,467.21,Clc1ccc(Sc2oc(C3CCOCC3)nc2-c2cnn(CC3OCCO3)c2)cc1,IC50,'=',100,nM,7
CHEMBL3800575,346.47,O=C(Nc1cccc(Cl)c1)N1CCN(c2nc(-c3ccccc3)ns2)CC1,IC50,'=',100,nM,7
CHEMBL3112953,298.3,O=C(CCCC1CCN(Cc2ccccc2Cl)CC1)c1ncco1,IC50,'=',100,nM,7
CHEMBL257892,298.3,O=C(OC(C(F)(F)F)C(F)(F)F)N1CC(c2ccn(-c3ccccc3)n2)C1,IC50,'=',100,nM,7
CHEMBL233594,378.43,O=C(Nc1cccnn1)N1CC2(CCN(Cc3cccc(Oc4ccc(Cl)cc4)c3)CC2)C1,IC50,'=',100,nM,7
CHEMBL257071,298.3,O=C(Nc1cccnc1)N1C[C@@H]2CN(Cc3cccc(Oc4ccc(Cl)cc4)c3)C[C@@H]21,IC50,'=',100,nM,7
CHEMBL3924509,449.55,O=C(Nc1cccnc1)N1CC2(CCN(Cc3cccc(Oc4ccc(Cl)cc4)c3)CC2)C1,IC50,'=',101,nM,6.995678626
CHEMBL4777574,385.46,O=C(Nc1ncccn1)N1CCN(c2nc(-c3ccccc3)ns2)CC1,IC50,'=',101,nM,6.995678626
CHEMBL528107,434.93,CCOC(=O)c1cc(-c2ccc(OC(=O)NC3CCCCC3)cc2)n(-c2ccccc2)n1,IC50,'=',101,nM,6.995678626
CHEMBL5419615,420.51,CCn1c(=O)n(C2CCCN(c3cc(-c4cc5ccccc5o4)ncn3)C2)c2ncccc21,IC50,'=',102,nM,6.991399828
CHEMBL3912915,420.51,COc1ccc(NC(=O)N2CCN(Cc3cnc4ccccc4c3)CC2)cc1,IC50,'=',102,nM,6.991399828
CHEMBL461753,462,O=C(Nc1ccccc1)N1CCC(Cc2ccccc2)CC1,IC50,'=',102,nM,6.991399828
CHEMBL255803,463.53,OC(CNc1cc(-c2ccc(C(F)(F)F)c(Cl)c2)ncn1)c1cccc(OC(F)(F)F)c1,IC50,'=',103,nM,6.987162775
CHEMBL4059676,413.87,CN(C)C(=O)c1cccc(CN2CCN(C(=O)n3nnc4ccccc43)CC2)c1,IC50,'=',103,nM,6.987162775
CHEMBL3112950,410.29,O=C(Nc1cncc(Cl)c1)N1CC2(CCN(Cc3cccc(Oc4ccc(Cl)cc4)c3)CC2)C1,IC50,'=',103,nM,6.987162775
CHEMBL4763857,449.94,O=C(Nc1ccccc1)N1CCN(Cc2cccc(Br)c2)CC1,IC50,'=',108,nM,6.966576245
CHEMBL3112773,338.41,COc1ccc(Nc2nc3cc(-c4ccc5c(ccn5C)c4)ccc3o2)cc1,IC50,'=',109,nM,6.962573502
CHEMBL486673,338.41,CCc1ccc(CN2CCN(C(=O)Nc3ccccc3)CC2)cc1,IC50,'=',109,nM,6.962573502
CHEMBL3423107,547.67,O=C(Nc1ccc(-n2nccn2)nc1)N1CC[C@@H]2CN(Cc3cccc(Oc4ccc(Cl)cc4)c3)C[C@@H]21,IC50,'=',110,nM,6.958607315
CHEMBL1761290,439.89,CCOC(=O)c1cc(-c2ccc(OC(=O)NC3CCCCC3)cc2)n(-c2ccc(Cl)cc2)n1,IC50,'=',110,nM,6.958607315
CHEMBL3950147,469.99,O=C(N1CCN(C(c2ccc(F)cc2)c2ccc(F)cc2)CC1)n1cncn1,IC50,'=',110,nM,6.958607315
CHEMBL3968749,404.5,O=C(Nc1ccncn1)N1CCN(Cc2ccc(Br)c(Br)c2)CC1,IC50,'=',110,nM,6.958607315
CHEMBL3121124,392.91,O=C(Nc1ccc(-n2nccn2)nc1)N1C[C@@H]2CCN(Cc3cccc(Oc4ccc(Cl)cc4)c3)[C@@H]2C1,IC50,'=',110,nM,6.958607315
CHEMBL2159808,411.91,C[S+]([O-])c1ccc(-c2nc(C3CCN(S(C)(=O)=O)CC3)oc2Sc2ccc(Cl)cn2)cc1,IC50,'=',113,nM,6.946921557
CHEMBL3112954,387.44,O=C(NC1CCCCC1)Oc1cccc(-c2cc(C(=O)NC3CCCCC3)nn2-c2ccccc2)c1,IC50,'=',114.82,nM,6.939982457
CHEMBL3918979,412.9,COc1ccc(NC(=O)O/N=C/c2ccccc2)cc1,IC50,'=',117.8,nM,6.92885471
CHEMBL3222181,344.82,O=C(Nc1ccccc1)N1CCN(Cc2cc(Br)ccc2O)CC1,IC50,'=',119,nM,6.924453039
CHEMBL3984497,334.42,COc1ccc(-c2cc(NCC(O)c3ccccc3)ncn2)cc1,IC50,'=',119,nM,6.924453039
CHEMBL4787317,366.45,C[S+]([O-])c1ccc(-c2nc(C3CCOCC3)oc2Sc2ccc(Cl)cn2)cn1,IC50,'=',120,nM,6.920818754
CHEMBL3423108,410.39,O=C(Nc1cnc2ccccn12)N1CC2(CCN(Cc3cccc(Oc4ccc(Cl)cc4)c3)CC2)C1,IC50,'=',120,nM,6.920818754
CHEMBL1232635,284.39,CCOC(=O)c1cc(-c2cccc(OC(=O)NC3CCCCC3)c2)n(C)n1,IC50,'=',120,nM,6.920818754
CHEMBL3913613,432.89,C=CCCC(=O)N1C[C@@H]([C@@H](C)OC(=O)CCCc2ccncc2)C1=O,IC50,'=',120,nM,6.920818754
CHEMBL4760330,392.27,O=C(Nc1cccn2ccnc12)N1CCN(Cc2cccc(Oc3ccc(Cl)cc3)c2)CC1,IC50,'=',120,nM,6.920818754
CHEMBL3918230,387.44,O=C(CCCC1CCN(Cc2ccccc2)CC1)c1ncco1,IC50,'=',120,nM,6.920818754
CHEMBL3423113,421.28,O=C(CCCC1CCN(Cc2ccccc2Br)CC1)c1ncco1,IC50,'=',120,nM,6.920818754
CHEMBL599469,452.43,NC(=O)c1ccn(-c2cccc(OC(=O)NC3CCN(CCc4ccccc4)CC3)c2)c1,IC50,'=',120,nM,6.920818754
CHEMBL3970343,303.33,CCOC(=O)c1cc(-c2ccc(OC(=O)NC3CCCCC3)cc2)nn1C,IC50,'=',120,nM,6.920818754
CHEMBL3121139,364.42,OC(CNc1cc(-c2cccc(C(F)(F)F)c2)ncn1)c1ccccc1,IC50,'=',120,nM,6.920818754
CHEMBL3938677,420.31,O=C(Oc1ccc([N+](=O)[O-])cc1)N1CCN(S(=O)(=O)c2ccc(Oc3ccc(Cl)c(Cl)c3)cc2)CC1,IC50,'=',120,nM,6.920818754
CHEMBL3112946,366.42,O=C(Nc1nn[nH]n1)N1CCN(c2nc(-c3ccccc3)ns2)CC1,IC50,'=',121,nM,6.91721463
CHEMBL3422941,502.4,O=C(Nc1nc(-c2ccccc2)cs1)N1CCN(c2nc(-c3ccccc3)ns2)CC1,IC50,'=',123,nM,6.910094889
CHEMBL2313947,503,COC(=O)Cn1cc(-c2nc(C3CCOCC3)oc2Sc2ccc(Cl)cc2)cn1,IC50,'=',123,nM,6.910094889
CHEMBL2207353,434.93,O=C(Oc1ccc([N+](=O)[O-])cc1)N1CCN(S(=O)(=O)c2ccc(Oc3ccccc3)cc2)CC1,IC50,'=',125,nM,6.903089987
CHEMBL403903,477.01,O=C(NC1CCCCC1)Oc1ccc2ccccc2c1,IC50,'=',127,nM,6.896196279
CHEMBL271420,329.83,Cn1c(-c2ccc(NC(=O)C3CCN(S(=O)(=O)c4ccccc4Cl)CC3)cc2)nc2ccccc21,IC50,'=',128,nM,6.89279003
CHEMBL5427155,448.52,CCn1c2ccccc2c2cc(CN3CCN(C(=O)Nc4ccccc4)CC3)ccc21,IC50,'=',128,nM,6.89279003
CHEMBL3423123,418.58,CS(=O)(=O)c1ccc(NC(=O)NN=C(c2ccccc2)c2ccccc2)cc1,IC50,'=',130,nM,6.886056648
CHEMBL3121107,342.44,C/C(=N/NC(=O)Nc1ccc(S(C)(=O)=O)cc1)c1ccccc1,IC50,'=',130,nM,6.886056648
CHEMBL5199471,495.45,O=C(Nc1cnc2cccnn12)N1CC2(CCN(Cc3cccc(Oc4ccc(Cl)cc4)c3)CC2)C1,IC50,'=',130,nM,6.886056648
CHEMBL488868,417.49,O=C(Oc1ccc([N+](=O)[O-])cc1)N1CCN(S(=O)(=O)c2ccc(C3CCCCC3)cc2)CC1,IC50,'=',130,nM,6.886056648
CHEMBL487847,483.2,CCCCOc1ccc(NC(=O)Oc2ccccc2F)cc1,IC50,'=',130,nM,6.886056648
CHEMBL3984653,420.31,Nc1ccnc(-c2cnc(C(=O)CCCCCCc3ccccc3)o2)c1,IC50,'=',130,nM,6.886056648
CHEMBL5196383,457.78,C/C(=N/NC(=O)Nc1ccc(S(C)(=O)=O)cc1)c1ccc(Cl)cc1,IC50,'=',130,nM,6.886056648
CHEMBL77250,364.42,CS(=O)(=O)c1ccc(NC(=O)N/N=C\c2ccc(Cl)cc2)cc1,IC50,'=',130,nM,6.886056648
CHEMBL5072765,376.36,O=C(Nc1ccc(Cl)cc1)N1CCN(c2nc(-c3ccccc3)ns2)CC1,IC50,'=',130,nM,6.886056648
CHEMBL3921056,415.52,Cn1c(=O)n(C2CCCCN(c3nccc(-c4cc5ccccc5o4)n3)C2)c2ccccc21,IC50,'=',131.6,nM,6.880744111
CHEMBL5202899,501.51,NC(=O)c1cnc(C(=O)CCCCCCc2ccccc2)o1,IC50,'=',132,nM,6.879426069
CHEMBL5196732,489.19,O=C(Nc1ccccc1)N1CCN(Cc2cccc(C(F)(F)F)c2)CC1,IC50,'=',135,nM,6.869666232
CHEMBL3112593,328.43,Cn1ccc2ccc(CN3CCN(C(=O)Nc4ccccc4)CC3)cc21,IC50,'=',140,nM,6.853871964
CHEMBL5195651,462.94,O=C(Nc1ccccc1)N1CCN(Cc2ccc3c(c2)OCO3)CC1,IC50,'=',140,nM,6.853871964
CHEMBL597924,445.93,CCOC(=O)c1cc(-c2cccc(OC(=O)NC3CCCCC3)c2)nn1-c1ccc(Cl)cc1,IC50,'=',140,nM,6.853871964
CHEMBL220686,396.4,O=C(Nc1ccc(Cl)cc1)N1CCN(Cc2cnc3ccccc3c2)CC1,IC50,'=',140,nM,6.853871964
CHEMBL5182004,438.4,O=C(Nc1ccccn1)N1CCN(Cc2ccc(Br)c(Br)c2)CC1,IC50,'=',140,nM,6.853871964
CHEMBL5192320,253.26,O=C(Nc1ccccc1)c1cc(N2CCN(C(=O)n3nnc4ccccc43)CC2)ccc1[N+](=O)[O-],IC50,'=',141,nM,6.850780887
CHEMBL461752,253.26,O=C(Nc1ccccc1)N1CCN(C2CCc3cc(Br)ccc3C2)CC1,IC50,'=',141.25,nM,6.850011544
CHEMBL1761287,515.06,O=C(Nc1ccc(Cl)nn1)N1C[C@H]2CN(Cc3cccc(Oc4ccc(Cl)cc4)c3)C[C@H]2C1,IC50,'=',142,nM,6.847711656
CHEMBL219675,383.45,O=C(Nc1cnc2[nH]ccc2c1)N1C[C@@H]2CCN(Cc3cccc(Oc4ccc(Cl)cc4)c3)[C@@H]2C1,IC50,'=',143,nM,6.844663963
CHEMBL2164590,360.48,O=C(Oc1ccc([N+](=O)[O-])cc1)N1CCN(S(=O)(=O)c2ccc(Oc3cccc(Cl)c3)cc2)CC1,IC50,'=',144.54,nM,6.84001195
CHEMBL3907927,361.85,O=C(Nc1ccccc1)N1CCN(Cc2cccc(OS(=O)(=O)c3ccc(Cl)cc3)c2)CC1,IC50,'=',145.5,nM,6.837137007
CHEMBL1585451,360.48,O=C(Nc1cccnc1)N1CCN(Cc2ccc3c(c2)OCO3)CC1,IC50,'=',145.8,nM,6.836242476
CHEMBL3423121,501.98,O=C(Oc1ccc([N+](=O)[O-])cc1)N1CCN(S(=O)(=O)c2ccc(-c3ccc(Cl)c(Cl)c3)cc2)CC1,IC50,'=',146,nM,6.835647144
CHEMBL3957629,420.49,CCOC(=O)CNC(=O)N1CCC(c2nc(C3=NOC(c4ccccc4)C3)cs2)CC1,IC50,'=',147.4,nM,6.831502516
CHEMBL3901099,285.3,N#Cc1ccncc1NC(=O)N1CC2(CCN(Cc3cccc(Oc4ccc(Cl)cc4)c3)CC2)C1,IC50,'=',150,nM,6.823908741
CHEMBL2159795,487.99,NS(=O)(=O)c1cccc(-c2cnc(C(=O)CCCCCCc3ccccc3)o2)c1,IC50,'=',150,nM,6.823908741
CHEMBL3894722,410.6,CC(C)OC(=O)c1ccc(O[C@H]2CC[C@H](NC(=O)Nc3ccc(OC(F)(F)F)cc3)CC2)cc1,IC50,'=',150,nM,6.823908741
CHEMBL4748150,395.49,Cc1ccc(CN2CCC(CCCC(=O)c3ncco3)CC2)cc1,IC50,'=',152,nM,6.818156412
CHEMBL4799001,300.31,COc1cc(-c2cnc(C(=O)CCCCCCc3ccccc3)o2)nc(OC)n1,IC50,'=',152,nM,6.818156412
CHEMBL5175430,388.6,CCOC(=O)c1cc(-c2cccc(OC(=O)NC3CCCCC3)c2)nn1-c1ccc(OC)cc1,IC50,'=',153,nM,6.815308569
CHEMBL3937599,517.95,Cc1cc(C(N)=O)c(-c2cccc(OC(=O)NC3CCN(CCCc4ccccc4)CC3)c2)o1,IC50,'=',153,nM,6.815308569
CHEMBL3914998,379.46,COc1nn(Cc2ccc(OCc3ccccc3)cc2)c(=O)o1,IC50,'=',157,nM,6.804100348
CHEMBL5191472,437.46,O=C(Nc1ccccc1)N1CCN(Cc2cccc(-c3ccccc3)c2)CC1,IC50,'=',158,nM,6.801342913
CHEMBL3797652,379.46,O=C(OC(C(F)(F)F)C(F)(F)F)N1CC(c2nc(-c3ccccc3)no2)C1,IC50,'=',158.49,nM,6.799998135
CHEMBL3112759,463.53,CC1CCN(C(=O)N2CC(OC(c3ccc(Cl)cc3)c3cccnc3Cl)C2)CC1,IC50,'=',159,nM,6.798602876
CHEMBL374895,282.3,O=C(Oc1ccc([N+](=O)[O-])cc1)N1CCN(S(=O)(=O)c2ccc(-c3ccccc3)cc2)CC1,IC50,'=',160,nM,6.795880017
CHEMBL4213817,421.93,CCCCCCCCCCCC[S+]([O-])CC(=O)C(F)(F)F,IC50,'=',160,nM,6.795880017
CHEMBL428776,282.3,Cc1ccc(-c2cc(NC[C@H](O)c3ccccc3)ncn2)cc1,IC50,'=',160,nM,6.795880017
CHEMBL220449,413.33,C[C@@H](OC(=O)CCCc1ccccc1)[C@@H]1CN(C(=O)CCCCc2ccccc2)C1=O,IC50,'=',160,nM,6.795880017
CHEMBL3423122,282.3,O=C(N1CCN(C(c2ccccc2)c2ccccc2)CC1)n1cncn1,IC50,'=',162.18,nM,6.790002704
CHEMBL5396366,282.3,CCN(CC)C(=O)c1cc(-c2cccc(OC(=O)NC3CCCCC3)c2)n(-c2ccccc2)n1,IC50,'=',162.18,nM,6.790002704
CHEMBL3613663,461.56,O=C(CCCCCCc1ccccc1)c1ncc(C(=O)N2CCCCC2)o1,IC50,'=',165,nM,6.782516056
CHEMBL3950111,361.45,CCNC(=O)N1CCN(CCCC(c2ccc(F)cc2)c2ccc(F)cc2)CC1,IC50,'=',168,nM,6.774690718
CHEMBL4467998,404.47,COc1nn(Cc2ccc(N(c3ccccc3)c3ccccc3)cc2)c(=O)o1,IC50,'=',169,nM,6.772113295
CHEMBL4089505,380.88,O=C(NC12CC3CC(CC(C3)C1)C2)c1cc(-c2ccccc2)on1,IC50,'=',170,nM,6.769551079
CHEMBL1952091,395.5,O=C(Nc1ccccc1Cl)N1CCN(Cc2ccc(Br)c(Br)c2)CC1,IC50,'=',170,nM,6.769551079
CHEMBL5169936,284.39,O=C(Nc1ccccc1)N1CCN(Cc2ccc3c(c2)OCCO3)CC1,IC50,'=',170,nM,6.769551079
CHEMBL273138,451.45,O=C(NC1CCCCC1)Oc1cccc(-c2cc(CO)nn2-c2ccccc2)c1,IC50,'=',170,nM,6.769551079
CHEMBL3121134,353.47,COc1ccc(CN2CCN(C(=O)Nc3ccccc3)CC2)cc1,IC50,'=',170,nM,6.769551079
CHEMBL569878,432.35,Cc1ccc(NC(=O)N2CCN(Cc3ccc(Br)c(Br)c3)CC2)cc1,IC50,'=',170,nM,6.769551079
CHEMBL3356956,438.92,Cc1ccc(-c2cc(NCC(O)c3ccccc3)ncn2)cc1C,IC50,'=',172,nM,6.764471553
CHEMBL3423114,430.53,c1ccc(CN2CCc3c(ccnc3Nc3ccc4ncccc4c3)C2)cc1,IC50,'=',172.2,nM,6.763966853
CHEMBL376417,395.49,Cc1cc(CN2CCN(C(=O)Nc3ccccc3)CC2)c(C)n1-c1cccc(C(F)(F)F)c1,IC50,'=',173,nM,6.761953897
CHEMBL4517445,480.97,C[S+]([O-])c1ccc(-c2nc(C3CCN(C(=O)OCCN4CCOCC4)CC3)oc2Sc2ccc(Cl)cn2)cc1,IC50,'=',173,nM,6.761953897
CHEMBL1079935,438.92,Cn1ccc2cc(-c3ccc4oc(Cc5ccccc5)nc4c3)ccc21,IC50,'=',174,nM,6.759450752
CHEMBL3087179,503.99,O=C(NCCCc1ccccc1)c1cc(-c2ccc(-c3ccccc3)cc2)on1,IC50,'=',177,nM,6.752026734
CHEMBL2414015,447.51,O=C(Nc1ccc(Cl)cc1)N1CCN(Cc2ccc(Br)c(Br)c2)CC1,IC50,'=',179,nM,6.747146969
CHEMBL3953529,335.45,N#Cc1ccc(-c2cc(NC[C@H](O)c3ccccc3)ncn2)cc1,IC50,'=',180,nM,6.744727495
CHEMBL3895705,463.93,CCOC(=O)c1cc(-c2cccc(OC(=O)NC3CCCCC3)c2)nn1CC,IC50,'=',180,nM,6.744727495
CHEMBL3423133,453.18,O=C(NC1CCC(=Cc2cccc(Oc3ccc(C(F)(F)F)cn3)c2)CC1)c1ccccn1,IC50,'=',180,nM,6.744727495
CHEMBL2164593,340.39,O=C(Nc1ccccc1)C1CCN(S(=O)(=O)c2ccccc2Cl)CC1,IC50,'=',186,nM,6.730487056
CHEMBL3982240,334.47,C#CCN1C(=O)/C(=N/NC(=O)Nc2ccc(S(C)(=O)=O)cc2)c2ccccc21,IC50,'=',187,nM,6.728158393
CHEMBL3121110,447.54,CN(CCCOc1ccc2c(=O)c3cccnc3oc2c1)Cc1cccc(OC(=O)NCCCCCc2ccccc2)c1,IC50,'=',188,nM,6.725842151
CHEMBL3220520,420.34,COCCOCC(=O)N1CCC(c2nc(-c3ccc([S+](C)[O-])cc3)c(Sc3ccc(Cl)cn3)o2)CC1,IC50,'=',188,nM,6.725842151
CHEMBL3907492,336.23,Cc1c(-c2ccc(F)cc2)cc(C(=O)NC2CCCCCC2)c(=O)n1Cc1ccc(F)cc1,IC50,'=',190,nM,6.721246399
CHEMBL3980513,432.55,O=C(N1CCC(Cc2ccccc2)CC1)N1CC(OC(c2ccc(Cl)cc2)c2cccnc2Cl)C1,IC50,'=',190,nM,6.721246399
CHEMBL3222178,416.51,CCOC(=O)c1cc(-c2cccc(OC(=O)NC3CCCCC3)c2)nn1-c1ccccc1,IC50,'=',190,nM,6.721246399
CHEMBL2159794,484.99,COc1ccccc1NC(=O)N1CCN(Cc2cnc3ccccc3c2)CC1,IC50,'=',190,nM,6.721246399
CHEMBL1798041,379.49,O=C(Nc1cnccc1C(F)(F)F)N1CC2(CCN(Cc3cccc(Oc4ccc(Cl)cc4)c3)CC2)C1,IC50,'=',193,nM,6.714442691
CHEMBL271660,463.6,Cc1c(-c2ccccc2)cc(C(=O)NC2CCCCCC2)c(=O)n1Cc1ccc(F)cc1,IC50,'=',194,nM,6.71219827
CHEMBL3965409,410.6,CCCCOc1ccc(CNC(=O)ON=C(C)C)cc1,IC50,'=',200,nM,6.698970004
CHEMBL3121104,483.4,c1cc2c(ccn2C2COC2)cc1-c1ccc2oc(NC3CCCCC3)nc2c1,IC50,'=',200,nM,6.698970004
CHEMBL3423119,410.6,CCOC(=O)c1cc(-c2ccc(OC(=O)NC3CCCCC3)cc2)nn1-c1ccc(Cl)cc1,IC50,'=',200,nM,6.698970004
CHEMBL4537201,351.48,CC(=O)c1cccc(-c2ccc(-c3cc(C(=O)NC45CC6CC(CC(C6)C4)C5)no3)cc2)c1,IC50,'=',200,nM,6.698970004
CHEMBL5076877,380.88,C=Cc1cccc(CN2CCN(C(=O)Nc3ccccc3)CC2)c1,IC50,'=',200,nM,6.698970004
CHEMBL5178997,360.46,CCOC(=O)c1cc(-c2ccc(OC(=O)NC3CCCCC3)cc2)nn1-c1ccccc1,IC50,'=',200,nM,6.698970004
CHEMBL2047530,376.46,OC(CNc1cc(-c2cccc(Cl)c2)ncn1)c1ccccc1,IC50,'=',200,nM,6.698970004
CHEMBL3921549,536.08,O=C(CCCC1CCN(S(=O)(=O)Cc2ccccc2)CC1)c1ncco1,IC50,'=',200.5,nM,6.697885623
CHEMBL4757488,359.47,CCCCCCCC/C=C\CCCCOC(=O)CC(=O)CBr,IC50,'=',207,nM,6.684029655
CHEMBL1952093,342.4,Cc1ccccc1NC(=O)N1CCC(c2nc(C3=NOC(c4ccccc4)C3)cs2)CC1,IC50,'=',209,nM,6.679853714
CHEMBL3423120,367.49,CCCCCCCCCCOC(=O)c1c(O)c(-c2ccc(O)cc2)c[nH]c1=O,IC50,'=',210,nM,6.677780705
CHEMBL3930126,250.3,CCOC(=O)c1cc(-c2ccc(OC(=O)NC3CCCCC3)cc2)nn1CC,IC50,'=',210,nM,6.677780705
CHEMBL3112758,420.31,COc1nn(Cc2ccc(NC(=O)c3ccccc3)cc2)c(=O)o1,IC50,'=',210,nM,6.677780705
CHEMBL4782654,366.42,O=C(Nc1ccccc1)N1CCN(Cc2ccc3c(c2)CCO3)CC1,IC50,'=',211,nM,6.675717545
CHEMBL597131,388.47,Cc1ccc(CN2CCN(C(=O)Nc3ccccc3)CC2)cc1C,IC50,'=',214,nM,6.669586227
CHEMBL3222173,385.46,O=C(COc1ccc(-c2ccccc2)cc1)Nc1cccc(-c2nc3ncccc3o2)c1,IC50,'=',214,nM,6.669586227
CHEMBL3423126,339.44,Cc1cccnc1NC(=O)[C@H](C)c1ccc(-c2ccccc2)c(F)c1,IC50,'=',220,nM,6.657577319
CHEMBL3798759,337.47,COC(=O)c1ccc(NC(=O)N2CCN(Cc3cnc4ccccc4c3)CC2)cc1,IC50,'=',220,nM,6.657577319
CHEMBL3982688,364.42,CN(C)C(=O)[C@H]1C[C@@H]1c1ccc(-c2nc[nH]c2Sc2ccc(Cl)cn2)cc1,IC50,'=',220,nM,6.657577319
CHEMBL3423125,455.48,O=C(Nc1cccnc1)N1C[C@@H]2CCN(Cc3cccc(Oc4ccc(Cl)cc4)c3)[C@@H]2C1,IC50,'=',220,nM,6.657577319
CHEMBL3121106,396.87,COC(=O)COc1ccc(-n2cnc(-c3ccccc3)c2-c2ccccc2)cc1,IC50,'=',220,nM,6.657577319
CHEMBL255145,439.57,Cn1ccc2cc(-c3ccc4oc(N5CCCC5)nc4c3)ccc21,IC50,'=',222,nM,6.653647026
CHEMBL414450,340.39,O=C(CCCCCCc1ccccc1)c1ncc(-c2c[nH]c(=O)[nH]c2=O)o1,IC50,'=',226,nM,6.645891561
CHEMBL3798464,371.44,O=C(Nc1ccc(Cl)cc1)N[C@H]1CC[C@H](Oc2ccc(C(=O)O)cc2)CC1,IC50,'=',227,nM,6.643974143
CHEMBL4072432,482.51,Cc1ccc(NC(=O)N2CCN(Cc3cnc4ccccc4c3)CC2)cc1,IC50,'=',227,nM,6.643974143
CHEMBL3423124,461.79,CCCCCC[C@@H](C)OC(=O)CC(=O)CCl,IC50,'=',228,nM,6.642065153
CHEMBL3613661,336.44,CCCCCCCC(=O)c1c(O)c(-c2ccc(O)cc2)c[nH]c1=O,IC50,'=',228,nM,6.642065153
CHEMBL3900438,538.9,CS(=O)(=O)c1ccc(NC(=O)N/N=C\c2ccc(F)cc2)cc1,IC50,'=',229,nM,6.640164518
CHEMBL3952481,304.31,CC(=O)O[C@@H]1[C@@H]([C@@H](C)OC(=O)Cc2ccc(-c3ccccc3)cc2)C(=O)N1C(=O)CCCc1ccccc1,IC50,'=',229.09,nM,6.639993868
CHEMBL4446866,348.45,O=C(N1CCN(Cc2ccc(Oc3ccccc3)cc2)CC1)n1nnc2ccccc21,IC50,'=',230,nM,6.638272164
CHEMBL4159451,404.47,CCCCCCOc1ccc(NC(=O)Oc2ccccc2F)cc1,IC50,'=',230,nM,6.638272164
CHEMBL3976044,334.42,CS(=O)(=O)c1ccc(NC(=O)N/N=C\c2ccccc2O)cc1,IC50,'=',230,nM,6.638272164
CHEMBL2386560,256.33,COc1cccc(-c2ccc(-c3cc(C(=O)NC45CC6CC(CC(C6)C4)C5)no3)cc2)c1,IC50,'=',230,nM,6.638272164
CHEMBL4759171,304.31,CCOc1ccc(NC(=O)ON=C(C)C)cc1,IC50,'=',231,nM,6.63638802
CHEMBL401425,446.55,COc1ccc(-n2nc(C(N)=O)cc2-c2cccc(OC(=O)NC3CCCCC3)c2)cc1,IC50,'=',232,nM,6.634512015
CHEMBL3222185,503,COCCOCCOCC(=O)N1CCC(c2nc(-c3ccc([S+](C)[O-])cc3)c(Sc3ccc(Cl)cn3)o2)CC1,IC50,'=',233,nM,6.632644079
CHEMBL220731,469.58,CCCCCCCCCC[S+]([O-])CC(=O)C(F)(F)F,IC50,'=',234.42,nM,6.630005338
CHEMBL4212165,469.58,CS(=O)(=O)c1ccc(NC(=O)N/N=C\c2ccc(O)cc2)cc1,IC50,'=',236,nM,6.627087997
CHEMBL3921178,423.52,OC(CNc1cc(-c2ccc(Cl)cc2)ncn1)c1ccccc1,IC50,'=',240,nM,6.619788758
CHEMBL345382,276.34,Cn1ccc2cc(-c3ccc4oc(N5CCOCC5)nc4c3)ccc21,IC50,'=',240,nM,6.619788758
CHEMBL4072884,454.17,CCCCCCCCCCCC(=O)c1c(O)c(-c2ccc(O)cc2)c[nH]c1=O,IC50,'=',240,nM,6.619788758
CHEMBL5207742,487.62,O=C1O/C(=C/Br)CCC1c1cccc2ccccc12,IC50,'=',240,nM,6.619788758
CHEMBL565669,476.45,CCc1ccc(-c2ccc(NC(=O)Oc3ccccc3F)cc2)cc1,IC50,'=',244,nM,6.612610174
CHEMBL3356979,276.34,CC(=O)O[C@@H]1[C@@H]([C@@H](C)OC(=O)Cc2ccc(-c3ccccc3)cc2)C(=O)N1C(=O)CCc1ccccc1,IC50,'=',245.47,nM,6.610001577
CHEMBL590243,497.43,O=C(NC12CC3CC(CC(C3)C1)C2)c1cc(-c2ccc(-c3cccc(CN4CCOCC4)c3)cc2)on1,IC50,'=',247,nM,6.607303047
CHEMBL5169932,292.38,CCCCCCCNC(=O)Oc1cccc(CN(C)CCCCCOc2ccc3[nH]c(=O)ccc3c2)c1,IC50,'=',250,nM,6.602059991
CHEMBL3798196,513.66,O=C(Nc1ccccc1)N1CCN(c2nc(-c3ccc(F)cc3)ns2)CC1,IC50,'=',250,nM,6.602059991
CHEMBL591682,344.44,CN(C)C(=O)[C@H]1C[C@@H]1c1ccc(-c2c(Sc3ccc(Cl)cn3)ncn2C)cc1,IC50,'=',250,nM,6.602059991
CHEMBL3423111,382.41,CC(=O)N1CCC(c2nc(-c3ccc([S+](C)[O-])cc3)c(Sc3ccc(Cl)cn3)o2)CC1,IC50,'=',250,nM,6.602059991
CHEMBL3948468,488.98,O=C(Nc1cccc2nonc12)N1CC2(CCN(Cc3cccc(Oc4ccc(Cl)cc4)c3)CC2)C1,IC50,'=',252,nM,6.598599459
CHEMBL269931,392.45,O=C(Nc1ccccc1)N1CCN(Cc2cnc3ccccc3n2)CC1,IC50,'=',253,nM,6.596879479
CHEMBL5193719,392.46,O=C(Nc1ccccc1)N1CCN(Cc2cccc(Cl)c2)CC1,IC50,'=',253,nM,6.596879479
CHEMBL3121102,447.94,O=C(O)c1ccc(-c2cnc(C(=O)CCCCCCc3ccccc3)o2)o1,IC50,'=',255.4,nM,6.592779107
CHEMBL3222186,399.91,CN(Cc1ccccc1)C(=O)N1CC(O[C@@H](c2ccc(Cl)cc2)c2cccnc2Cl)C1,IC50,'=',257,nM,6.590066877
CHEMBL4071145,346.86,O=C(Nc1noc2ccccc12)N1CC2(CCN(Cc3cccc(Oc4ccc(Cl)cc4)c3)CC2)C1,IC50,'=',260,nM,6.585026652
CHEMBL6206,393.29,CCCCC/C=C\C/C=C\C/C=C\C/C=C\CCCC(=O)NCCCl,IC50,'=',260,nM,6.585026652
CHEMBL599180,463.97,COc1ccccc1-c1cc(C(=O)NC23CC4CC(CC(C4)C2)C3)no1,IC50,'=',260,nM,6.585026652
CHEMBL584965,438.4,CS(=O)(=O)c1ccc(-c2nc(C3CCNCC3)oc2Sc2ccc(Cl)cn2)cc1,IC50,'=',260,nM,6.585026652
CHEMBL3799982,434.93,O=C(Nc1cccnc1)N1CC[C@@H]2CN(Cc3cccc(Oc4ccc(Cl)cc4)c3)C[C@H]2C1,IC50,'=',260,nM,6.585026652
CHEMBL5208806,338.41,CN(Cc1ccccc1)C(=S)Sc1ccc([N+](=O)[O-])cc1[N+](=O)[O-],IC50,'=',260,nM,6.585026652
CHEMBL472529,462.98,C=CCNC(=S)N1C[C@@H]([C@@H](C)OC(=O)NCCc2ccccc2)C1=O,IC50,'=',265,nM,6.576754126
CHEMBL2386559,345.45,C/C(=N/NC(=O)Nc1ccc(S(C)(=O)=O)cc1)c1ccc([N+](=O)[O-])cc1,IC50,'=',265,nM,6.576754126
CHEMBL3914628,367.44,CC(=O)O[C@@H]1[C@@H]([C@@H](C)OC(=O)CCCc2ccccc2)C(=O)N1C(=O)CCc1ccccc1,IC50,'=',266,nM,6.575118363
CHEMBL3112947,433.51,O=C(OCC(F)(F)F)N1C[C@@H]2[C@H](C1)[C@H]2c1ccn(-c2ccc(F)cc2)n1,IC50,'=',268,nM,6.571865206
CHEMBL3946256,440.51,Cc1nc(-c2ccccc2)c(-c2ccccc2)n1CCCCCCC(=O)N(C)C,IC50,'=',270,nM,6.568636236
CHEMBL2164585,376.46,O=C(O)c1cnc(C(=O)CCCCCCc2ccccc2)o1,IC50,'=',270,nM,6.568636236
CHEMBL219818,453.18,O=C(N1CCN(C(c2ccccc2)c2ccccc2)CC1)n1nnc2cccnc21,IC50,'=',270,nM,6.568636236
CHEMBL1952280,294.4,COc1nn(Cc2cccc(Oc3ccccc3)c2)c(=O)o1,IC50,'=',270,nM,6.568636236
CHEMBL3112944,477.79,CS(=O)(=O)Oc1cccc(CN2CCN(C(=O)Nc3ccccc3)CC2)c1,IC50,'=',271,nM,6.567030709
CHEMBL151167,392.46,O=C(Nc1ccncn1)N1CCN(Cc2ccc3c(c2)OC(F)(F)O3)CC1,IC50,'=',275,nM,6.560667306
CHEMBL3222169,497.43,O=C(Nc1ccccc1)N1CCN(Cc2ccc(OC3CCCCC3)cc2)CC1,IC50,'=',275,nM,6.560667306
CHEMBL2414018,344.44,CCCCCCCC/C=C\CCCCCCCC(=O)CBr,IC50,'=',280,nM,6.552841969
CHEMBL3933126,374.28,CC(C)c1ccc(C(=O)C2CCN(C(=O)c3ccc(F)c(O)c3)CC2)cc1,IC50,'=',280,nM,6.552841969
CHEMBL4790902,369.42,O=C(Nc1cc(-c2ccccc2)n[nH]1)N1CCN(c2nc(-c3ccccc3)ns2)CC1,IC50,'=',280,nM,6.552841969
CHEMBL2158928,323.44,C=CCNC(=S)N1C[C@@H]([C@@H](C)OC(=O)COCc2ccccc2)C1=O,IC50,'=',280,nM,6.552841969
CHEMBL2313946,516.01,Cc1cc(C(N)=O)c(-c2cccc(OC(=O)NCCCCCCN3CCN(C)CC3)c2)o1,IC50,'=',280,nM,6.552841969
CHEMBL5191261,467.95,CS(=O)(=O)c1ccc(NC(=O)N/N=C\c2cccc(Cl)c2Cl)cc1,IC50,'=',281,nM,6.55129368
CHEMBL568274,383.4,CSc1ccccc1NC(=O)N1CCN(c2nc(-c3ccccc3)ns2)CC1,IC50,'=',281.84,nM,6.54999737
CHEMBL4104811,383.4,O=C(N1CCN(Cc2ccccc2)CC1)N1CC(OC(c2ccc(Cl)cc2)c2cccnc2Cl)C1,IC50,'=',282,nM,6.549750892
CHEMBL445160,455.15,O=C(Nc1ccccc1)N1CCN(Cc2cccc3ccccc23)CC1,IC50,'=',282,nM,6.549750892
CHEMBL220729,516.01,O=C(Nc1ccc(OC(F)(F)F)cc1)N[C@H]1CC[C@H](Oc2ccc(C(=O)NCc3ccccc3)cc2)CC1,IC50,'=',287,nM,6.542118103
CHEMBL3356957,512.08,COc1cccc(CN2CCN(C(=O)Nc3ccccc3)CC2)c1,IC50,'=',287.3,nM,6.541664374
CHEMBL3087177,486.62,O=Cc1ccc(O[C@H]2CC[C@H](NC(=O)Nc3ccc(OC(F)(F)F)cc3)CC2)cc1,IC50,'=',288,nM,6.540607512
CHEMBL3907775,270.29,CN1CCN(Cc2cccc(-c3ccc(-c4cc(C(=O)NC56CC7CC(CC(C7)C5)C6)no4)cc3)c2)CC1,IC50,'=',290,nM,6.537602002
CHEMBL3902729,390.28,O=[N+]([O-])c1ccc(SC(=S)N2CCN(Cc3ccc(Br)cc3)CC2)c([N+](=O)[O-])c1,IC50,'=',290,nM,6.537602002
CHEMBL3959218,376.36,CCCCCCCCCCCCCCN1C(=O)C(c2ccccc2)(c2ccccc2)NC1=S,IC50,'=',290,nM,6.537602002
CHEMBL157736,375.38,O=C(Oc1ccc([N+](=O)[O-])cc1)N1CCN(S(=O)(=O)c2ccc(Oc3ccccc3Cl)cc2)CC1,IC50,'=',290,nM,6.537602002
CHEMBL4534867,420.34,O=C(Nc1ccn[nH]1)N1CCN(c2nc(-c3ccccc3)ns2)CC1,IC50,'=',291,nM,6.536107011
CHEMBL528547,321.38,COc1nn(C(C)c2cccc(-c3ccccc3)c2)c(=O)o1,IC50,'=',291,nM,6.536107011
CHEMBL2313942,435.96,Cc1ccccc1CN1CCC(CCCC(=O)c2ncco2)CC1,IC50,'=',293.1,nM,6.532984182
CHEMBL5416058,256.33,CCCCC/C=C\C/C=C\C/C=C\C/C=C\CCCC(=O)Nc1cccnc1,IC50,'=',300,nM,6.522878745
CHEMBL5190335,502.02,CCC(C)/C=C(C)/C=C/C=C/C=C/C(=O)c1c(O)c(-c2ccc(O)cc2)c[nH]c1=O,IC50,'=',300,nM,6.522878745
CHEMBL512882,371.44,CCCCCCCCCCC(=O)C(F)(F)F,IC50,'=',303,nM,6.518557371
CHEMBL1952094,344.41,C=CCN1C(=O)/C(=N/NC(=O)Nc2ccc(S(C)(=O)=O)cc2)c2ccccc21,IC50,'=',309.03,nM,6.509999358
CHEMBL3976543,461.95,O=C(Nc1cccc2cn[nH]c12)N1CCN(Cc2cccc(Oc3ccc(Cl)cc3)c2)CC1,IC50,'=',310,nM,6.508638306
CHEMBL4214503,344.41,O=C(Nc1ccc(Oc2ccccc2)cc1)Oc1ccccc1F,IC50,'=',310.1,nM,6.508498234
CHEMBL2164592,312.41,Cc1ccc(NC(=O)N2CCN(c3nc(-c4ccccc4)ns3)CC2)cc1,IC50,'=',315,nM,6.501689446
CHEMBL4204023,391.31,Cc1ccc(CN2CCN(C(=O)Nc3ccccc3)CC2)cc1,IC50,'=',315,nM,6.501689446
CHEMBL3797960,432.52,O=C(Nc1cccnc1)N1CCC2(CCCN2Cc2cccc(Oc3ccc(Cl)cc3)c2)CC1,IC50,'=',315,nM,6.501689446
CHEMBL2158988,371.44,COc1ccc(-c2cn(Cc3ccc(F)cc3)c(=O)c(C(=O)NC3CCCCCC3)c2C)cc1,IC50,'=',316,nM,6.500312917
CHEMBL381905,359.35,O=C(Nc1ccccc1)N1CCN(Cc2ccccc2O)CC1,IC50,'=',317,nM,6.498940738
CHEMBL5198843,552.39,O=C(Nc1cccnc1)N1CCC2(CCN(Cc3cccc(Oc4ccc(Cl)cc4)c3)CC2)C1,IC50,'=',317,nM,6.498940738
CHEMBL488686,357.4,O=C(Nc1cncc2ccccc12)N1C[C@H]2CN(Cc3cccc(Oc4ccc(Cl)cc4)c3)C[C@H]2C1,IC50,'=',320,nM,6.494850022
CHEMBL3087184,448.58,CN1CCN(C(=O)c2cccc(CN3CCN(C(=O)n4nnc5ccccc54)CC3)c2)CC1,IC50,'=',320,nM,6.494850022
CHEMBL272081,433.92,CC(C)Cc1ccc(C(C)C(=O)C2SCCCS2)cc1,IC50,'=',320.2,nM,6.494578672
CHEMBL458601,483.5,O=C(O)c1cccc(-c2cnc(C(=O)CCCCCCc3ccccc3)o2)c1,IC50,'=',322,nM,6.492144128
CHEMBL485462,269.34,CCCCC/C=C\C/C=C\C/C=C\C/C=C\CCCC(=O)NCC1CC1,IC50,'=',324,nM,6.48945499
CHEMBL86668,509.03,C[S+]([O-])c1ccc(-c2nc(C3CCNCC3)oc2Sc2ccc(Cl)cn2)cc1,IC50,'=',330,nM,6.48148606
CHEMBL5192976,390.28,COc1cccc(-c2cc(NC[C@H](O)c3ccccc3)ncn2)c1,IC50,'=',330,nM,6.48148606
CHEMBL2207341,412.54,C/C(=N/NC(=O)Nc1ccc(S(C)(=O)=O)cc1)c1ccc(O)cc1,IC50,'=',330,nM,6.48148606
CHEMBL599179,393.47,O=C1/C(=N/c2nc3ccccc3[nH]2)c2ccccc2N1C(=O)c1ccc(Cl)cc1Cl,IC50,'=',330,nM,6.48148606
CHEMBL461569,331.4,CCCCCCCOC(=O)CC(=O)CBr,IC50,'=',330,nM,6.48148606
CHEMBL3981262,503.01,CCCOc1ccc(CN2CCN(C(=O)Nc3ccccc3)CC2)cc1,IC50,'=',333,nM,6.477555766
CHEMBL3112765,473.55,COc1nn(Cc2cccc(OCc3ccccc3)c2)c(=O)o1,IC50,'=',333,nM,6.477555766
CHEMBL4175177,303.33,O=C(Nc1noc2ccccc12)N1CC[C@@H]2CN(Cc3cccc(Oc4ccc(Cl)cc4)c3)C[C@@H]21,IC50,'=',340,nM,6.468521083
CHEMBL3979543,349.43,O=C(Nc1ccc(F)cc1)N1CCN(Cc2ccc3c(c2)OCO3)CC1,IC50,'=',340,nM,6.468521083
CHEMBL3112763,365.84,COc1ccc2cc(CN3CCN(C(=O)Nc4ccccc4)CC3)ccc2c1,IC50,'=',340,nM,6.468521083
CHEMBL4752241,351.82,O=C(Nc1ccccc1Cl)N1CCN(Cc2cnc3ccccc3c2)CC1,IC50,'=',340,nM,6.468521083
CHEMBL2159810,399.91,O=C(N1CCC(C(O)(c2ccc3c(c2)OCO3)c2ccc3c(c2)OCO3)CC1)n1cncn1,IC50,'=',347,nM,6.459670525
CHEMBL1241251,439.52,CC1CCCN(C(=O)N2CC(OC(c3ccc(Cl)cc3)c3cccnc3Cl)C2)C1,IC50,'=',350,nM,6.455931956
CHEMBL441556,300.36,CNC(=O)CCCCCCn1c(C)nc(-c2ccccc2)c1-c1ccccc1,IC50,'=',350,nM,6.455931956
CHEMBL457976,363.38,O=C(Nc1ccccc1)N1CCN(CCCc2ccccc2)CC1,IC50,'=',350,nM,6.455931956
CHEMBL3907086,346.43,O=C(Nc1ccncc1)N1CCN(Cc2ccc3c(c2)OC(F)(F)O3)CC1,IC50,'=',350,nM,6.455931956
CHEMBL3121108,348.45,CN1CCC(c2nc(-c3ccc([S+](C)[O-])cc3)c(Sc3ccc(Cl)cn3)o2)CC1,IC50,'=',350,nM,6.455931956
CHEMBL5193249,364.28,O=C(Nc1ccc(-n2nccn2)nc1)N1C[C@@H]2CCN(Cc3cccc(Oc4ccc(Cl)cc4)c3)C[C@H]2C1,IC50,'=',350,nM,6.455931956
CHEMBL4745765,339.4,O[C@@H](CNc1cc(-c2ccc(F)cc2)ncn1)c1ccccc1,IC50,'=',350,nM,6.455931956
CHEMBL155928,467.95,O=C(Nc1ccc(OC(F)(F)F)cc1)NN1CCC(Oc2ccc(C(=O)O)cc2)CC1,IC50,'=',353,nM,6.452225295
CHEMBL3931939,380.88,O=C(Nc1ccccn1)N1CCN(Cc2cnc3ccccc3c2)CC1,IC50,'=',360,nM,6.443697499
CHEMBL3613662,454.17,CC(C)COc1ccc(CN2CCN(C(=O)Nc3ccccc3)CC2)cc1,IC50,'=',360,nM,6.443697499
CHEMBL4788479,471.48,COc1cccc(NC(=O)N2CCN(c3nc(-c4ccccc4)ns3)CC2)c1,IC50,'=',363,nM,6.440093375
CHEMBL3892190,414.35,CS(=O)(=O)c1ccc(NC(=O)N/N=C\c2ccccc2Cl)cc1,IC50,'=',370,nM,6.431798276
CHEMBL3922842,364.42,C=CCCC(=O)O[C@H](C)[C@H]1C(=O)N(C(=O)CCC=C)[C@@H]1OC(C)=O,IC50,'=',370,nM,6.431798276
CHEMBL3968670,484.39,O=C(O[C@H](CF)C(F)(F)F)N1C[C@@H]2[C@H](C1)[C@H]2c1ccn(-c2ccc(F)cc2)n1,IC50,'=',371,nM,6.43062609
CHEMBL3356985,487.99,Cc1cccnc1NC(=O)C(C)c1ccc(Nc2ccnc(C(F)(F)F)c2)cc1,IC50,'=',373,nM,6.428291168
CHEMBL1952090,300.31,CN(C)CCOC(=O)N1CCC(c2nc(-c3ccc([S+](C)[O-])cc3)c(Sc3ccc(Cl)cn3)o2)CC1,IC50,'=',377,nM,6.42365865
CHEMBL232992,517.95,COC[C@@H](OC(=O)N1C[C@@H]2[C@H](C1)[C@H]2c1ccn(-c2ccc(F)cc2)n1)C(F)(F)F,IC50,'=',380,nM,6.420216403
CHEMBL3897595,337.47,O=C(c1ccc(N2CCN(C(=O)n3nnc4ccccc43)CC2)c([N+](=O)[O-])c1)N1CCOCC1,IC50,'=',380,nM,6.420216403
CHEMBL3903919,485.99,CCCCCCSCC(=O)C(F)(F)F,IC50,'=',380,nM,6.420216403
CHEMBL3893762,340.38,O=[N+]([O-])c1ccc(SC(=S)N2CCC(Cc3ccccc3)CC2)c([N+](=O)[O-])c1,IC50,'=',380,nM,6.420216403
CHEMBL4757515,536.39,CCCCCCCC/C=C\CCCCCCCC(=O)c1ncco1,IC50,'=',382,nM,6.417936637
CHEMBL3121103,442.54,Cc1ccccc1NC(=O)N1CCN(c2nc(-c3ccccc3)ns2)CC1,IC50,'=',382,nM,6.417936637
CHEMBL4208326,487.99,Cc1cccc(C)c1OC(=O)N1CCC(c2nc(C3=NOC(c4ccccc4)C3)cs2)CC1,IC50,'=',393,nM,6.40560745
CHEMBL3964221,412.51,COc1ccc(-c2cc(C(=O)NC3CCCCCC3)c(=O)n(Cc3ccc(F)cc3)c2C)cc1,IC50,'=',400,nM,6.397940009
CHEMBL3917351,480.48,O=C(Nc1ccccc1)N1CCN(Cc2cccc(OCCCN3CCCCC3)c2)CC1,IC50,'=',400,nM,6.397940009
CHEMBL516650,326.44,O=C(Nc1ccncc1)N1CCN(Cc2cnc3ccccc3c2)CC1,IC50,'=',400,nM,6.397940009
CHEMBL5169919,395.46,O=C(CCCCCCCc1ccccc1)C(F)(F)F,IC50,'=',400,nM,6.397940009
CHEMBL560889,463.53,O=C(Nc1ccccc1)N1CCN(Cc2cccc(OCCN3CCCCC3)c2)CC1,IC50,'=',407,nM,6.390405591
CHEMBL4086931,461.56,CCOc1ccc(CN2CCN(C(=O)Nc3ccccc3)CC2)cc1,IC50,'=',407,nM,6.390405591
CHEMBL4173207,312.32,CN(C)CCCOc1cccc(CN2CCN(C(=O)Nc3ccccc3)CC2)c1,IC50,'=',407.38,nM,6.390000296
CHEMBL3914237,371.48,Cc1cccc(CN2CCN(C(=O)Nc3ccccc3)CC2)c1,IC50,'=',410,nM,6.387216143
CHEMBL4068209,390.28,O=C(Nc1ccccc1)N1CCN(Cc2ccccc2)CC1,IC50,'=',410,nM,6.387216143
CHEMBL2159786,312.32,CC(=O)O[C@@H]1[C@@H]([C@@H](C)OC(=O)CCc2ccccc2)C(=O)N1C(=O)CCc1ccccc1,IC50,'=',410,nM,6.387216143
CHEMBL440542,453.46,CC(C)NC(=O)c1cc(N2CCN(C(=O)n3nnc4ccccc43)CC2)ccc1[N+](=O)[O-],IC50,'=',414,nM,6.382999659
CHEMBL2158984,395.26,CN(Cc1ccccc1)C(=O)N1CC(OC(c2ccc(Cl)cc2)c2cccnc2Cl)C1,IC50,'=',420,nM,6.37675071
CHEMBL39412,434.37,O=C(Nc1ccc(Cl)cc1)Nc1cccc(-c2cccc(N3CCCC3)n2)c1,IC50,'=',423,nM,6.373659633
CHEMBL518657,363.44,FC(F)(F)c1ccc(Nc2nccc3c2CCN(Cc2ccccc2)C3)cn1,IC50,'=',430,nM,6.366531544
CHEMBL3799823,467.5,C[S+]([O-])c1ccc(-c2nc(C3CCN(C(=O)OCCNCCO)CC3)oc2Sc2ccc(Cl)cn2)cc1,IC50,'=',437,nM,6.359518563
CHEMBL4781965,328.44,CCCCC/C=C\C/C=C\C/C=C\C/C=C\CCCCN1C(=O)CCC1=O,IC50,'=',440,nM,6.356547324
CHEMBL2164595,305.38,CCCCCCCCCCS(=O)(=O)CC(=O)C(F)(F)F,IC50,'=',445,nM,6.351639989
CHEMBL3901525,421.54,Clc1ccc(Sc2oc(C3CCOCC3)nc2C2CCNCC2)nc1,IC50,'=',446.68,nM,6.350003493
CHEMBL3927521,347.42,O=C(N1CCC(F)CC1)N1CC(OC(c2ccc(Cl)cc2)c2cccnc2Cl)C1,IC50,'=',446.68,nM,6.350003493
CHEMBL91417,460.58,CN(CCCOc1ccc2ccc(=O)oc2c1)Cc1cccc(OC(=O)NCCCCCc2ccccc2)c1,IC50,'=',448,nM,6.348721986
CHEMBL3963369,421.54,COc1ccncc1NC(=O)N1C[C@H]2CN(Cc3cccc(Oc4ccc(Cl)cc4)c3)C[C@H]2C1,IC50,'=',449,nM,6.347753659
CHEMBL3952458,368.48,O=C(NC1CCCCC1)Oc1cccc(-c2cc(C(=O)O)nn2-c2ccccc2)c1,IC50,'=',450,nM,6.346787486
CHEMBL3951708,468.48,O=C(N1CCN(C(c2ccccc2)c2ccccc2)CC1)n1ccnc1,IC50,'=',450,nM,6.346787486
CHEMBL3948352,347.42,O=C(c1cc(N2CCN(C(=O)n3nnc4ccccc43)CC2)ccc1[N+](=O)[O-])N1CCCCC1,IC50,'=',452,nM,6.344861565
CHEMBL1619418,401.5,Cc1c(Br)cn(Cc2ccc(F)cc2)c(=O)c1C(=O)NC1CCCCCC1,IC50,'=',455,nM,6.341988603
CHEMBL565483,373.41,Cc1cccc(NC(=O)N2CCC(Cc3ccccc3)CC2)c1,IC50,'=',457.09,nM,6.33999828
CHEMBL2159793,322.41,CCCCCOc1ccccc1-c1cc(C(=O)NC2CCCCCCC2)no1,IC50,'=',459,nM,6.338187314
CHEMBL1952269,487.62,COc1ccc(Oc2cccc(CN3C[C@@H]4CN(C(=O)Nc5noc6ccccc56)C[C@@H]4C3)c2)cc1,IC50,'=',460,nM,6.337242168
CHEMBL3341861,353.42,O=C(Nc1ccccc1)N1CCN(Cc2cccc(F)c2)CC1,IC50,'=',460,nM,6.337242168
CHEMBL3220522,391.47,O=C(OC(C(F)(F)F)C(F)(F)F)N1CC(N2CCN(c3ncccn3)CC2)C1,IC50,'=',462,nM,6.335358024
CHEMBL3975189,373.41,O=C(Nc1ccccc1)N1CCN(Cc2ccccc2Br)CC1,IC50,'=',470,nM,6.327902142
CHEMBL571495,325.41,CCCCCCCCCCCCCCCC(=O)NCCCCl,IC50,'=',470,nM,6.327902142
CHEMBL272075,467.21,O=C(Nc1noc2ccccc12)N1C[C@H]2CN(Cc3cccc(Oc4cccc(C(F)(F)F)c4)c3)C[C@H]2C1,IC50,'=',470,nM,6.327902142
CHEMBL3907966,319.41,O=C(Nc1cccnn1)N1C[C@H]2CN(Cc3cccc(Oc4ccc(Cl)cc4)c3)C[C@H]2C1,IC50,'=',477,nM,6.321481621
CHEMBL1952265,366.47,O=[N+]([O-])c1ccc(SC(=S)N2CCN(Cc3ccc(-c4ccccc4)cc3)CC2)c([N+](=O)[O-])c1,IC50,'=',479,nM,6.319664487
CHEMBL2047528,456.51,CCCCCC[C@@H](C)OC(=O)CC(=O)CBr,IC50,'=',480,nM,6.318758763
CHEMBL4796192,591.16,O=C(Nc1cccnc1)N1CCC2(CCN(Cc3cccc(Oc4ccc(Cl)cc4)c3)C2)C1,IC50,'=',481.5,nM,6.317403709
CHEMBL3423129,338.41,CCCCCCCCCCCCCCCC(=O)NCCCl,IC50,'=',488,nM,6.311580178
CHEMBL3356958,325.41,O=C(Nc1nccnn1)N1CCN(c2nc(-c3ccccc3)ns2)CC1,IC50,'=',490,nM,6.30980392
CHEMBL2159790,477.53,NC(=O)c1cccc(-c2cnc(C(=O)CCCCCCc3ccccc3)o2)c1,IC50,'=',490,nM,6.30980392
CHEMBL4164954,382.46,O=[N+]([O-])c1ccc(SC(=S)N2CCN(c3ccccc3)CC2)c([N+](=O)[O-])c1,IC50,'=',500,nM,6.301029996
CHEMBL3942175,340.42,O=C(Nc1ccccc1)N1CCN(Cc2ccc(F)cc2)CC1,IC50,'=',500,nM,6.301029996
CHEMBL2414036,487.62,O=C(Nc1ccc(OC(F)(F)F)cc1)N[C@H]1CC[C@@H](Oc2ccc(C(=O)O)cc2)CC1,IC50,'=',500,nM,6.301029996
CHEMBL4764954,316.36,O=C(N/N=C/c1ccc(OCc2cccc(F)c2)cc1)c1nc2ccccc2[nH]1,IC50,'=',505,nM,6.296708622
CHEMBL2164586,385.46,O=C1[C@H](c2ccc(F)cc2)[C@@H](c2ccc3c(c2)OCO3)N1C1CCN(C(=O)n2cncn2)CC1,IC50,'=',507,nM,6.294992041
CHEMBL4081625,453.46,COc1nn([C@H](C)c2ccc(-c3ccccc3)cc2)c(=O)o1,IC50,'=',508,nM,6.294136288
CHEMBL3984457,378.88,C=CCCC(=O)N1CC([C@@H](C)OCCCCc2ccccc2)C1,IC50,'=',510,nM,6.292429824
CHEMBL32433,396.43,O=C(Oc1ccc([N+](=O)[O-])cc1)N1CCN(S(=O)(=O)c2ccc(Oc3ncc(C(F)(F)F)cc3Cl)cc2)CC1,IC50,'=',520,nM,6.283996656
CHEMBL4755090,579.7,O=C(Nc1cccnc1)N1CC[C@@H]2CN(Cc3cccc(Oc4ccc(Cl)cc4)c3)C[C@@H]21,IC50,'=',520,nM,6.283996656
CHEMBL4741617,550.1,O=C(Nc1ccncc1)N1CCN(Cc2ccc3c(c2)OCO3)CC1,IC50,'=',525.4,nM,6.279509932
CHEMBL2158987,450.53,O=C(Nc1ccccc1)N1CCN(Cc2cccc(Oc3cc4ccccc4c4ccccc34)c2)CC1,IC50,'=',530,nM,6.27572413
CHEMBL347894,510.47,O=C(Nc1ccccc1)N1CCN(Cc2ccnc3ccccc23)CC1,IC50,'=',537,nM,6.270025714
CHEMBL3112764,433.51,CN1CCN(CCOC(=O)N2CCC(c3nc(-c4ccc([S+](C)[O-])cc4)c(Sc4ccc(Cl)cn4)o3)CC2)CC1,IC50,'=',539,nM,6.268411235
CHEMBL33355,376.46,O=C(O[C@H](CO)C(F)(F)F)N1C[C@@H]2[C@H](C1)[C@H]2c1ccn(-c2ccc(F)cc2)n1,IC50,'=',540,nM,6.26760624
CHEMBL488523,530.98,CC(=O)O[C@@H]1[C@@H]([C@@H](C)OC(=O)CCCc2ccccc2)C(=O)N1C(=O)CCCc1ccccc1,IC50,'=',553,nM,6.257274869
CHEMBL223406,432.54,CCCCc1ccc(C(=O)C2CCN(C(=O)c3ccc(F)c(O)c3)CC2)cc1,IC50,'=',560,nM,6.251811973
CHEMBL2158982,278.35,O=C(Nc1nn[nH]n1)N1CC2(CCN(Cc3cccc(Oc4ccc(Cl)cc4)c3)CC2)C1,IC50,'=',570,nM,6.244125144
CHEMBL2164587,387.48,O=C(N1CCCCC1)N1CC(OC(c2ccc3c(c2)OCO3)c2cccnc2Cl)C1,IC50,'=',579,nM,6.237321436
CHEMBL1552108,467.95,O=C(Nc1noc2ccccc12)N1C[C@@H]2CCN(Cc3cccc(Oc4ccc(Cl)cc4)c3)C[C@H]2C1,IC50,'=',586,nM,6.232102384
CHEMBL4634935,440.54,Cc1cccc(-c2cc(NCC(O)c3ccccc3)ncn2)c1,IC50,'=',590,nM,6.229147988
CHEMBL3785379,321.42,C=CCNC(=O)CCCCCCCCCCCCCCC,IC50,'=',590,nM,6.229147988
CHEMBL3087169,433.51,O=C(NC12CC3CC(CC(C3)C1)C2)c1ccccc1OCC1CCCCC1,IC50,'=',592,nM,6.227678293
CHEMBL2151435,345.45,CCCCC/C=C\C/C=C\C/C=C\C/C=C\CCCC(=O)NCCO,IC50,'=',595,nM,6.225483034
CHEMBL5173617,325.8,CC(C)Oc1ccc(CN2CCN(C(=O)Nc3ccccc3)CC2)cc1,IC50,'=',598,nM,6.223298816
CHEMBL4747310,376.48,CCCCCCCCCCCCCCCC(=O)NCCBr,IC50,'=',600,nM,6.22184875
CHEMBL3929774,375.35,CCCCCCCCCCCCCCCC(=O)NCC,IC50,'=',600,nM,6.22184875
CHEMBL3908902,446.58,CC(C)Cc1ccc(C(C)C(=O)CCl)cc1,IC50,'=',600,nM,6.22184875
CHEMBL3984041,328.44,O=C(ON1C(=O)CCC1=O)N1C[C@@H]2[C@H](C1)[C@H]2c1ccn(-c2ccc(F)cc2)n1,IC50,'=',600,nM,6.22184875
CHEMBL3955024,387.48,O=C(Nc1cnccc1Cl)N1C[C@@H]2CN(Cc3cccc(Oc4ccc(Cl)cc4)c3)C[C@@H]21,IC50,'=',600,nM,6.22184875
CHEMBL4079080,334.47,Cc1nc(C)c(-c2ccc(C3CCC(CC(=O)O)CC3)cc2)nc1C(N)=O,IC50,'=',600,nM,6.22184875
CHEMBL571504,385.46,CCCCCCCCCCCCCCCC(=O)NCCCO,IC50,'=',603,nM,6.219682688
CHEMBL4466342,419.53,COc1nn(Cc2ccc3ccccc3c2)c(=O)o1,IC50,'=',610,nM,6.214670165
CHEMBL3112949,325.32,CCCCCC[C@H](C)OC(=O)CC(=O)CBr,IC50,'=',616.6,nM,6.20999648
CHEMBL1952077,325.32,COc1ccccc1CN1CCC(CCCC(=O)c2ncco2)CC1,IC50,'=',620,nM,6.207608311
CHEMBL4792417,337.42,O=C(NC1C2CC3CC(C2)CC1C3)c1cc(-c2ccccc2)on1,IC50,'=',620,nM,6.207608311
CHEMBL3121105,323.44,O=C(Nc1ccccc1)N1CCN(Cc2ccc3[nH]ccc3c2)CC1,IC50,'=',630,nM,6.200659451
CHEMBL32650,421.46,O=C(c1ccc2c(ccn2-c2ccc(F)cc2)c1)N1CC(N2CCN(C(=O)c3nccs3)CC2)C1,IC50,'=',630,nM,6.200659451
CHEMBL5441096,334.39,O=C(Nc1ccncn1)N1CCN(Cc2cnc3ccccc3c2)CC1,IC50,'=',650,nM,6.187086643
CHEMBL15848,404.47,O=C(Nc1ccccc1Cl)N1CCC(Cc2ccccc2)CC1,IC50,'=',650,nM,6.187086643
CHEMBL3976010,398.92,COc1ccc(CN2CCN(C(=O)Nc3ccccc3)CC2)cc1OC,IC50,'=',650,nM,6.187086643
CHEMBL33716,448.95,O=C(Oc1ccc([N+](=O)[O-])cc1)N1CCC(C(O)(c2ccc3c(c2)OCO3)c2ccc3c(c2)OCO3)CC1,IC50,'=',663,nM,6.178486472
CHEMBL32886,384.44,O=C(Nc1cccnc1)N1CCN(Cc2cnc3ccccc3c2)CC1,IC50,'=',670,nM,6.173925197
CHEMBL1241281,317.39,O=C(Nc1ccccn1)N1CCN(Cc2ccc3c(c2)OCO3)CC1,IC50,'=',674,nM,6.171340103
CHEMBL4076777,367.4,O=C(N/N=C/c1ccc2[nH]ccc2c1)c1nc2ccccc2[nH]1,IC50,'=',680,nM,6.167491087
CHEMBL4749360,388.85,CCCCC/C=C\C/C=C\CCCCCCCC(=O)NCc1ccccc1,IC50,'=',680,nM,6.167491087
CHEMBL4297354,360.46,CCCCCCCCCCC/C(=N\O)c1cc(-c2ccc(O)c(F)c2)ccc1O,IC50,'=',690,nM,6.161150909
CHEMBL32174,248.75,O=C(N/N=C/c1ccc(OCc2ccccc2)cc1)c1nc2ccccc2[nH]1,IC50,'=',700,nM,6.15490196
CHEMBL3612998,329.4,O=C(OC(C(F)(F)F)C(F)(F)F)N1C[C@@H]2[C@H](C1)[C@H]2c1ccn(-c2ccc(F)cc2)n1,IC50,'=',700,nM,6.15490196
CHEMBL157232,334.39,O=C(Nc1cccnc1)N1C[C@H]2CN(Cc3cccc(Oc4ccc(Cl)cc4)c3)C[C@H]2C1,IC50,'=',700,nM,6.15490196
CHEMBL257225,335.36,O=C(Nc1nn[nH]n1)N1C[C@H]2CN(Cc3cccc(Oc4ccc(Cl)cc4)c3)C[C@H]2C1,IC50,'=',700,nM,6.15490196
CHEMBL2414016,513.59,O=C(Nc1ccccc1)N1CCN(Cc2ccc(-c3ccccc3)cc2)CC1,IC50,'=',707.95,nM,6.149997414
CHEMBL3933715,413.48,C=CCCCC1CN(C(=O)CCC=C)C1=O,IC50,'=',707.95,nM,6.149997414
CHEMBL5421995,513.59,Clc1ccc(Sc2oc(C3CCOCC3)nc2C2=CCCNC2)cc1,IC50,'=',708,nM,6.149966742
CHEMBL3658400,413.48,O=C(Nc1ccc(F)cc1)N[C@H]1CC[C@H](Oc2ccc(C(=O)O)cc2)CC1,IC50,'=',708,nM,6.149966742
CHEMBL3931908,331.39,N#Cc1ccc(CN2CCN(C(=O)Nc3ccccc3)CC2)cc1,IC50,'=',710,nM,6.148741651
CHEMBL3910161,333.37,O=C(Nc1ccccc1)N1CCN(Cc2ccccc2Cl)CC1,IC50,'=',720,nM,6.142667504
CHEMBL3890932,428.53,CN(C(=S)SSC(=S)N(C)C1CCCCC1)C1CCCCC1,IC50,'=',720,nM,6.142667504
CHEMBL576786,236.27,O=C(N1CCC(C(c2ccc3c(c2)OCO3)c2ccc3c(c2)OCO3)CC1)n1cncn1,IC50,'=',730,nM,6.13667714
CHEMBL3900607,434.5,CC(=O)O[C@@H]1[C@@H]([C@@H](C)OC(=O)CCc2ccccc2)C(=O)N1C(=O)CCCc1ccccc1,IC50,'=',743,nM,6.129011186
CHEMBL3909434,594.16,O=[N+]([O-])c1ccc(SC(=S)N2CCN(C/C=C/c3ccccc3)CC2)c([N+](=O)[O-])c1,IC50,'=',747.7,nM,6.126272619
CHEMBL4639317,300.39,O=C(CCCCCCc1ccccc1)C(F)(F)F,IC50,'=',760,nM,6.119186408
CHEMBL2415106,333.37,CC(C)Cc1ccc(C(C)C(=O)NCCc2c[nH]c3ccc(O)cc23)cc1,IC50,'=',780,nM,6.107905397
CHEMBL4284088,325.8,O=C(Nc1ccc(OC(F)(F)F)cc1)N1CCN(c2nc(-c3ccccc3)ns2)CC1,IC50,'=',783,nM,6.106238238
CHEMBL4645907,333.39,O=C(Nc1ccccc1)N1CCN(Cc2cccc(Oc3cc(Cl)cc(Cl)c3)c2)CC1,IC50,'=',784,nM,6.105683937
CHEMBL4075310,385.5,O=C(CCCCCc1ccccc1)C(F)(F)F,IC50,'=',800,nM,6.096910013
CHEMBL4748503,317.18,CCCCCCCC/C=C/CCCCCCCC(=O)C(F)(F)F,IC50,'=',800,nM,6.096910013
CHEMBL4743419,335.38,O=C(O)c1cccc(NC(=O)N2CCN(Cc3cnc4ccccc4c3)CC2)c1,IC50,'=',810,nM,6.091514981
CHEMBL3946699,499.56,CCCCCCCC/C=C\CCCCCCCC(=O)c1ncc(-c2ccccc2)o1,IC50,'=',826,nM,6.083019953
CHEMBL487449,497.64,O=C(N1CCCCC1)N1CC(OC(c2cccc(Cl)c2)c2cccnc2Cl)C1,IC50,'=',830,nM,6.080921908
CHEMBL3902550,507.68,CN(C)C(=O)c1cc(N2CCN(C(=O)n3nnc4ccccc43)CC2)ccc1[N+](=O)[O-],IC50,'=',830,nM,6.080921908
CHEMBL4204930,499.56,O=C(N1CCCCC1)N1CC(OC(c2ccc(F)cc2)c2cccnc2Cl)C1,IC50,'=',831.76,nM,6.080001969
CHEMBL2164589,383.45,CC1CCCCN1C(=O)N1CC(OC(c2ccc(Cl)cc2)c2cccnc2Cl)C1,IC50,'=',833,nM,6.079354999
CHEMBL2164606,412.95,O=C(N1CCC(F)(F)CC1)N1CC(OC(c2ccc(Cl)cc2)c2cccnc2Cl)C1,IC50,'=',839,nM,6.076238039
CHEMBL576697,476.02,COc1nn(C(C)c2cccc(Oc3ccccc3)c2)c(=O)o1,IC50,'=',839.2,nM,6.076134525
CHEMBL3087181,503.99,CCN(Cc1ccccc1)C(=S)Sc1ccc([N+](=O)[O-])cc1[N+](=O)[O-],IC50,'=',840,nM,6.075720714
CHEMBL571503,347.42,Cc1nnc(-c2ccc(O[C@H]3CC[C@H](NC(=O)Nc4ccc(OC(F)(F)F)cc4)CC3)cc2)o1,IC50,'=',840,nM,6.075720714
CHEMBL2158985,329.83,O=C(Nc1noc2ccccc12)N1C[C@H]2CN(Cc3ccc(Oc4ccccc4)cc3)C[C@H]2C1,IC50,'=',840,nM,6.075720714
CHEMBL91416,367.4,O=C(Nc1noc2ccccc12)N1C[C@H]2CN(Cc3ccc(Oc4ccc(Cl)cc4)cc3)C[C@H]2C1,IC50,'=',850,nM,6.070581074
CHEMBL3359452,456.37,CCCCCOc1ccccc1-c1cc(C(=O)NC2CCCCCC2)no1,IC50,'=',887,nM,6.05207638
CHEMBL470107,503,CCCCC/C=C\C/C=C\C/C=C\C/C=C\CCCC(=O)NCCc1c[nH]c2ccc(O)cc12,IC50,'=',900,nM,6.045757491
CHEMBL3942561,365.99,O=C(Nc1cccc(-c2ccccc2)c1)OC1CCCCC1,IC50,'=',900,nM,6.045757491
CHEMBL413727,345.45,O=C(Nc1noc2ccccc12)N1C[C@H]2CN(Cc3cccc(-c4ccccc4)c3)C[C@H]2C1,IC50,'=',911,nM,6.040481623
CHEMBL329187,352.43,O=C(CCCC1CCNCC1)c1ncco1,IC50,'=',912,nM,6.040005162
CHEMBL3928576,449.99,O=C(N/N=C/c1ccc2ccccc2c1)c1nc2ccccc2[nH]1,IC50,'=',925.4,nM,6.033670505
CHEMBL426410,462.98,O=C(Nc1ccc(OC(F)(F)F)cc1)N[C@H]1CC[C@H](Oc2ccc(CO)cc2)CC1,IC50,'=',933,nM,6.030118356
CHEMBL1952072,363.42,O=C(Nc1cc[nH]n1)N1CC2(CCN(Cc3cccc(Oc4ccc(Cl)cc4)c3)CC2)C1,IC50,'=',933.25,nM,6.030002001
CHEMBL2159789,361.47,O=C1C=CC(=O)N1c1ccc(-c2ccccc2)cc1,IC50,'=',954.99,nM,6.020001176
CHEMBL1952070,361.47,O=C(c1cccc(O)c1)N1CCC(Cc2cccc(Oc3ccc(C(F)(F)F)cn3)c2)CC1,IC50,'=',959,nM,6.018181393
CHEMBL1952089,376.39,Cc1c(Cl)cc(C(=O)NC2CCCCCC2)c(=O)n1Cc1ccc(F)cc1,IC50,'=',960,nM,6.017728767
CHEMBL1952266,451.52,Cc1c(Br)cc(C(=O)NC2CCCCCC2)c(=O)n1Cc1ccc(F)cc1,IC50,'=',960,nM,6.017728767
CHEMBL3087186,369.32,Cc1ccccc1NC(=O)N1CCN(Cc2cnc3ccccc3c2)CC1,IC50,'=',970,nM,6.013228266
CHEMBL2158929,389.54,O=C(Nc1ccccc1)N1CCN(Cc2cccc3c2OCO3)CC1,IC50,'=',970,nM,6.013228266
CHEMBL4214874,301.34,O=C(Nc1ccncn1)N1CC2(CCN(Cc3cccc(Oc4ccc(Cl)cc4)c3)CC2)C1,IC50,'=',970,nM,6.013228266
CHEMBL4761088,398.47,O=C(Nc1ccccc1)N1CCN(Cc2ccc(/C=C/c3ccccc3)cc2)CC1,IC50,'=',971,nM,6.01278077
CHEMBL4754437,398.47,COc1nn(C(C)c2ccccc2)c(=O)o1,IC50,'=',977.24,nM,6.009998765
CHEMBL2414035,298.3,O=C(Nc1noc2ccccc12)N1C[C@H]2CN(Cc3ccc4ccccc4c3)C[C@H]2C1,IC50,'=',977.24,nM,6.009998765
CHEMBL191534,298.3,CC(C)(C)c1ccc(Oc2cccc(CN3C[C@@H]4CN(C(=O)Nc5noc6ccccc56)C[C@@H]4C3)c2)cc1,IC50,'=',977.24,nM,6.009998765
CHEMBL77767,298.3,O=C(Nc1ccccc1)N1CCN(Cc2cccc(Br)n2)CC1,IC50,'=',980,nM,6.008773924
CHEMBL4764497,298.3,COc1nn([C@H](C)c2ccc(N(c3ccccc3)c3ccccc3)cc2)c(=O)o1,IC50,'=',980,nM,6.008773924
CHEMBL270404,338.41,O=C(Nc1nocc1Cl)N1C[C@H]2CN(Cc3cccc(Oc4ccc(Cl)cc4)c3)C[C@H]2C1,IC50,'=',986,nM,6.006123085
CHEMBL4635739,346.43,COc1ncccc1C(OC1CN(C(=O)N2CCCCC2)C1)c1ccc(Cl)cc1,IC50,'=',991,nM,6.003926346
CHEMBL4203223,389.48,CCCCCOc1ccccc1C(=O)NC12CC3CC(CC(C3)C1)C2,IC50,'=',1000,nM,6
CHEMBL3112948,377.35,CN(C)c1ncccc1C(OC1CN(C(=O)N2CCCCC2)C1)c1ccc(Cl)cc1,IC50,'=',1000,nM,6
CHEMBL567545,393.53,CCCCOc1cccc(NC(=O)ON=C(C)C)c1,IC50,'=',1000,nM,6
CHEMBL5179066,359.39,COc1nn(Cc2ccccc2Oc2ccccc2)c(=O)o1,IC50,'=',1000,nM,6
