Smiles,pIC50
CC(C)(C)OC(=O)N1C[C@H]2C[C@@H]1CN2c1ccc2nc(O)c3ccccc3c2n1,9.161150909
O=c1cc(-c2ccc(O)c(-c3c(O)cc(O)c4c(=O)cc(-c5ccc(O)cc5)oc34)c2)oc2cc(O)cc(O)c12,7.417936637
NC(=O)c1cccc2nc(-c3ccc(Cl)cc3)cnc12,8.337242168
CNCc1ccc(-n2cc3cccc(C(N)=O)c3n2)cc1,6.739928612
CN(C)C(=O)CCC(=O)N1CCc2cccc3c2C1CNC3=O,9.325138859
CN(C)c1cccc(C(N)=O)c1,10.04575749
NC(=O)c1cccc2ncc(-c3ccc(C(F)(F)F)cc3)nc12,8.886056648
CCc1cc2cc(C(CCN3CCCCC3)Cc3ccc4c(c3)OCCO4)ccc2[nH]c1=O,7.850780887
O=C(CCc1nc2ccccc2c(=O)[nH]1)N[C@@H]1CCc2ccccc21,7.872895202
CC(C)(C)OC(=O)N1CC[C@H](C(=O)Nc2cc(Cn3c(=O)[nH]c(=O)c4ccccc43)cnc2F)C1,9.522878745
NC(=O)c1cccc2c1O/C(=C\c1ccc(-n3cncn3)cc1)C2=O,9.455931956
C=CCC1c2nnc(C(F)(F)F)n2C(C)CN1C(=O)c1cc(Cc2n[nH]c(=O)c3ccccc23)ccc1F,8.301029996
CC(C)(C)NCc1ccc(-c2nc3cncc4c3n2CCNC4=O)cc1,7.618902978
Nc1ncc(-c2nc(N3CCOCC3)nc(N3CCN(C(=O)c4cc(Cc5n[nH]c(=O)c6ccccc56)ccc4F)CC3)n2)cc1C(F)(F)F,8.26760624
CNCc1cc(OC)c2c3c(c(=O)[nH]c2c1)CCCN3,4.698970004
Oc1nc2cnccc2c2ccccc12,7.299374151
CN(C)C1CN(C(=O)c2cc(Cc3n[nH]c(=O)c4ccccc34)ccc2F)Cc2nnc(C(F)(F)F)n21,8.698970004
Cn1cnc(C(=O)N2CCN(C(=O)c3ccc(Nc4nc5ccccc5n5nnnc45)cc3)CC2)c1,8.244125144
Nc1ccc(-c2nc(N3CCOCC3)nc(N3CCN(C(=O)c4cc(Cc5n[nH]c(=O)c6ccccc56)ccc4F)CC3)n2)cc1,9.958607315
O=C(NCCn1ccnn1)c1ccc2[nH]c3c4c(c5c(c3c2c1)CNC5=O)CCC4,8.823908741
O=C(CCc1cccc(Cl)c1Cl)Nc1nnc2n1CCS2,7.537602002
CC[C@@H]1C(=O)N(C)c2cnc(Nc3ccc(-c4nc5c(C(N)=O)cccc5[nH]4)cc3OC)nc2N1Cc1cccc(C(F)(F)F)c1,8.393618635
CCCN1CCC(c2nc3c(C(N)=O)cncc3[nH]2)CC1,7.096910013
Cc1cc(C)c2nc(C)[nH]c(=O)c2c1,8.148741651
O=C(NO)c1ccc(CN2CCN(C(=O)c3cc(Cc4n[nH]c(=O)c5ccccc45)ccc3F)CC2)cc1,6.920818754
O=C(O)CCc1cccc2c(=O)[nH]ccc12,7.332547047
NC(=O)c1cccc2c1O/C(=C\c1ccc(C(=O)N3CCN(c4ccccn4)CC3)cc1)C2=O,8.397940009
NC(=O)c1cccc2c1O/C(=C\c1ccc(O)c(O)c1)C2=O,6.742321425
Cn1c(-c2cc3c(s2)CNCC3)nc2c(C(N)=O)cc(F)cc21,7.229147988
O=C(c1cc(Cc2c[nH]c(=O)c3cc(Cl)c(Cl)n23)ccc1F)N1CCN(c2cccnc2)CC1,9.0
O=C(c1cc(Cc2n[nH]c(=O)c3ccccc23)ccc1F)N1CCCN(C(=O)N2CCOCC2)CC1,9.15490196
CC(C)Cc1cc2c(N)cccc2c(=O)[nH]1,8.920818754
CC(C)c1ccc(Cn2cc(/C=C3\SC(=O)NC3=O)c3ccccc32)cc1,8.0
O=C(c1ccc2[nH]c(=O)c3c(c2c1)CCSC3)N1CCN(CCCC(F)(F)F)CC1,9.337242168
O=C(O)c1ccc2c(c1)[nH]c(=O)c1ccncc12,8.443697499
Oc1ccc(-c2nc(O)c3cccc(O)c3n2)cc1,8.167491087
CN1CC(C(=O)Nc2ccc(-n3cc4cc(F)cc(C(N)=O)c4n3)cc2)C1,7.372634143
O=C(c1cc(Cc2c[nH]c(=O)c3cc(Cl)c(Cl)n23)ccc1F)N1CCN(c2cc3ccccc3cn2)CC1,8.356547324
C[C@H]1Cc2cccc(C(N)=O)c2O1,7.364124359
NC(=O)c1ccc(Oc2ccc(C(=O)O)cc2)cc1,7.142667504
Oc1nc(CCCN2CC=C(c3ccc(-c4ccccc4)cc3)CC2)nc2ccccc12,8.022825324
CC#Cc1cnc2c(C(N)=O)cccc2c1,8.193820026
NC(=O)c1cccc2c1C(=O)N(C1CCN(Cc3ccncc3)CC1)C2,6.26760624
O=S(=O)(CCN1CCCCC1)N1CCc2c(nc(O)c3ccccc23)C1,8.698970004
O=C1NCc2c3c(c4[nH]c5ccccc5c4c21)CCC3,6.0
CN(C)Cc1cccc(C2Nc3cccc4c(=O)[nH]nc(c34)C2c2ccccc2)c1,7.650004101
Cn1ccnc1C1c2n[nH]c(=O)c3cccc(c23)NC1c1ccccc1,8.677780705
Cl.O=C(CCC(=O)N1CCNCC1)c1ccc2[nH]c3c4c(c5c(c3c2c1)C(=O)NC5=O)CCC4,7.30980392
CC1(C)CN(C(=O)c2cc(Cc3n[nH]c(=O)c4ccccc34)ccc2F)Cc2nnc(CF)n21,8.698970004
Cc1cccc2nc3c4ccccc4c(=O)[nH]c3n12,8.809948582
N#Cc1ccc(N2CCN(CCCc3cc4c(N)cccc4c(=O)[nH]3)CC2)cc1,9.638272164
Cn1c(C(=O)NCCCN2CCOCC2)cc2[nH]c(=O)c3ccccc3c21,6.507938395
Cc1cccc2c(=O)[nH]c(CCC(=O)Nc3ccc(C(=O)Nc4cccc5cccnc45)cc3)nc12,9.045757491
COCCOc1cc(CN2CCOCC2)cc2[nH]c(=O)c3c(c12)NCCC3,9.096910013
O=C1NCC2c3c(cccc31)CCN2CC(=O)N1CCC2CNCC21,7.793174124
CC1(C)CC2=NNC(=O)c3cccc4c3c2c(n4CCN2CCCC2)C1,7.119186408
NC(=O)c1cccc2c1OCC2,8.462180905
O=C1NCC2c3c(cccc31)CCN2C(=O)Cc1cccnc1,9.0
O=C1NCCn2c(-c3ccc(OCCF)cc3)nc3cccc1c32,8.920818754
NC(=O)c1cccc2cn(-c3ccc(CN4CCCC4)cc3)nc12,6.250000251
CN1CCCc2c1c1ccccc1[nH]c2=O,9.619788758
CC1(C)CC2=NN(CCO)C(=O)c3cccc4c3c2c(n4CCO)C1,8.525783736
NCc1ccc2[nH]c3c4c(c5c(c3c2c1)C(=O)NC5=O)CCC4,8.124938737
Cc1cc2c(c3c1[nH]c1ccccc13)C(=O)NC2=O,7.251811973
O=c1[nH]c2c(nc3c4ccccc4ccn32)c2ccccc12,8.721246399
O=C(c1cc(Cc2n[nH]c(=O)c3ccccc23)cc(F)c1F)N1CCN(CC2CC2)CC1,8.22184875
O=C(c1cc(Cc2c[nH]c(=O)c3cc(Cl)c(Cl)n23)ccc1F)N1CCC(N2CCCC2)CC1,9.133712661
CCCNCc1ccc(-c2[nH]c3cc(F)cc4c3c2C(=O)NNC4=O)cc1,7.958607315
O=C(CCc1nc2ccccc2c(=O)[nH]1)N1CCN(C(=O)c2ccc(F)cc2)CC1,10.0
COC(=O)c1ccc2[nH]c3c4c(c5c(c3c2c1)CNC5=O)CCC4,9.960189446
O=c1[nH]nc2c3c(cccc13)Oc1ccc(CN3CCCC(O)C3)cc1-2,8.602059991
Nc1cc(C(F)(F)F)c(-c2nc(N3CCOCC3)nc(N3CCN(C(=O)c4cc(Cc5n[nH]c(=O)c6ccccc56)ccc4F)CC3)n2)cn1,8.450996738
CN1CCC(c2ccc(-c3nc4c(F)cc(F)cc4c(=O)[nH]3)cc2)CC1.O=C(O)C(F)(F)F,10.04095861
O=C1SCCc2nc(-c3ccc(C(F)(F)F)cc3)[nH]c(=O)c21,8.823908741
O=c1[nH]nc2c3c(cccc13)NC1=C2CCNC1,8.515700161
CN1CCN(C(=O)c2cc3[nH]c(=O)c4ccccc4n3n2)CC1,7.966576245
O=c1[nH]c(-c2ccc(C(F)(F)F)cc2)nc2c1CCCC2,7.987162775
O=C(c1cc(Cc2n[nH]c(=O)c3ccccc23)cc(F)c1F)N1CCN(c2ccccn2)CC1,9.698970004
CCOC(=O)C1CCN(C(=O)c2cccc(Cc3nnc(O)c4ccccc34)c2)CC1,6.247951552
COc1ccccc1/C=C/c1nnc(-c2cc(C)cc3c(=O)c4ccccc4c(=O)[nH]c23)o1,6.786561937
NCCOc1c(-c2ccc(Oc3ccccc3)cc2)[nH]c(=O)c2cc(F)ccc12,8.37675071
O=C(c1cc2[nH]c(=O)c3ccccc3n2n1)N1CCCC(CN2CCOCC2)C1,8.619788758
Oc1nc2cc(Cl)ccc2c2ccc(Cl)cc12,5.602059991
Cc1cccc2c(=O)[nH]c(CCCN3CC=C(c4ccc(F)cc4)CC3)nc12,7.277366077
COc1ccc(CC(=O)N2CCc3cccc4c3C2CNC4=O)cc1,7.782516056
O=c1[nH]c2cc(C3CCCCC3)nn2c2ccccc12,8.173925197
O=C1NCC2c3c(cccc31)CCN2C(=O)c1cccc(Cl)c1,7.920818754
COc1c(Br)cc(Br)cc1/C=C/c1nnc(-c2cc(C)cc3c(=O)c4ccccc4c(=O)[nH]c23)o1,8.886056648
Cn1ncnc1[C@H]1c2n[nH]c(=O)c3cc(F)cc(c23)N[C@@H]1c1ccc(F)cc1,8.522878745
O=C(c1csc(Cc2n[nH]c(=O)c3ccccc23)c1)N1CCN(C(=O)C2CC2)CC1,7.928117993
O=c1cc(-c2cccc(-c3c(O)cc(O)c4c(=O)cc(-c5ccco5)oc34)c2)oc2cc(O)cc(O)c12,8.259637311
CCCN1CCN(C(=O)c2cc(Cn3c(=O)[nH]c(=O)c4ccccc43)ccc2F)C[C@@H]1C,8.657577319
O=C(NCCN1CCOCC1)c1cc2[nH]c(=O)c3ccccc3n2n1,9.22184875
O=C(c1ccc(I)cc1)N1CCN(C(=O)c2cc(Cc3n[nH]c(=O)c4ccccc34)ccc2F)CC1,6.860001342
CC[C@H]1CN(C(=O)c2cc(Cn3c(=O)[nH]c(=O)c4ccccc43)ccc2F)CCN1C(=O)C(F)(F)F,6.587371479
CC[C@H]1CN(C(=O)c2cc(Cn3c(=O)[nH]c(=O)c4ccccc43)ccc2F)CCN1CC1CC1,8.795880017
Cc1cc(-c2nnc(/C=C/c3ccccc3)o2)c2[nH]c(=O)c3ccccc3c(=O)c2c1,9.431798276
NC(=O)c1cc([N+](=O)[O-])cc2c1OCC2,7.756961951
CC1(C(=O)N2CC3=NNC(=O)c4cc(F)cc5[nH]c(c3c45)C2)CC1,9.958607315
O=C(CCN1CCC(N2CCCC2)CC1)N1CCc2nc(O)c3ccccc3c2C1,7.302770657
CC(=O)Nc1ccccc1-c1ccc(-c2nc3c(C(N)=O)cccc3[nH]2)cc1,9.0
NC(=O)c1cccc2cn(-c3ccc(C(=O)N4CCCNCC4)cc3)nc12,9.950007143
O=C(c1cc(Oc2n[nH]c(=O)c3ccccc23)ccc1F)N1CCN(C(=O)C2CCC(F)(F)CC2)CC1,8.356547324
CC1(C)C(C(=O)N2CCC3=C(C2)Nc2cccc4c(=O)[nH]nc3c24)C1(C)C,6.190000154
O=c1[nH]cnc2cccc(F)c12,6.03002527
O=c1[nH]nc2c3c(cccc13)N=C(CN1CCN(c3ccc(Cl)cc3)CC1)N2,8.26760624
COc1ccc(-c2cc3[nH]c(=O)c4ccccc4n3n2)cc1OC,9.045757491
NC(=O)c1cccc(NC(=O)/C=C\C(=O)N2CCN(c3ccccc3F)CC2)c1,7.568636236
CC(C)CN1CCC(NC(=O)c2nc3c(C(N)=O)cccc3[nH]2)CC1,9.096910013
O=C(CN1CCC(C(=O)c2ccc(OC3CCOCC3)cc2)CC1)NCc1nc2c(c(=O)[nH]1)COCC2,6.48148606
O=C1NN=C2CCCc3c2c2c1cccc2n3CCN1CCOCC1,7.22184875
O=C(CCn1c2c(c(=O)[nH]c1=O)CCCC2)NCC(=O)c1ccccc1,9.619788758
O=C(c1cc(Cc2c[nH]c(=O)c3cc(Cl)cn23)ccc1F)N1CCCNCC1,7.721246399
CN1CCCc2c1c1cc(OC3CCNCC3)ccc1[nH]c2=O,7.086186148
COc1cc(-c2nc3c(C(N)=O)cccc3[nH]2)ccc1Nc1ncc2c(n1)N(C1CCCC1)[C@H](C)C(=O)N2C,8.372736583
CC(C)(C)OC(=O)N1CC[C@H](C(=O)Nc2cc(Cn3c(=O)[nH]c(=O)c4ccccc43)ccc2O)C1,6.965427688
NC(=O)c1cccc2[nH]c(-c3ccc(OCCF)cc3)nc12,8.966576245
O=S(=O)(NCCCc1ccccc1)c1ccc2c(c1)Cc1c-2nc(O)c2ccccc12,7.744727495
O=c1cc(-c2ccc(O)cc2)oc2c(CN3CCN(Cc4ccc(Cl)cc4)CC3)c(O)cc(O)c12,8.886056648
Cc1cc(NCCc2ccc(O)cc2)c2nncn2n1,7.362320183
Cn1nc(-c2cccs2)c2c3c(c(=O)[nH]c21)CSC3,10.0
O=C1NN=C2CN(C(=O)OCc3ccccc3)Cc3[nH]c4cccc1c4c32,7.638272164
Cn1c(C(=O)N2CCN(Cc3ccc([N+](=O)[O-])cc3)CC2)cc2[nH]c(=O)c3ccccc3c21,8.102372909
O=C(c1cccc(Cc2nnc(O)c3ccccc23)c1)N1CCCN(S(=O)(=O)c2cccc(C(F)(F)F)c2)CC1,8.366531544
NC(=O)c1cccc2c1O/C(=C\c1ccc(OCC(=O)N3CCOCC3)cc1)C2=O,8.080921908
CC[C@H](C)N(Cc1nc2c(c(=O)[nH]1)COCC2)C(=O)CN1CCC(C(=O)c2ccc(F)cc2)CC1,7.886056648
O=C1NCCc2ccccc21,7.096910013
O=C(c1cc2[nH]c(=O)c3ccccc3n2n1)N1CCN(CC2CC2)CC1,4.910094889
O=C(NCCc1c[nH]c2ccc3c(c12)CCNC3=O)c1cccnc1,8.096910013
CC[C@H]1CN(C(=O)c2nc3c(C(N)=O)cccc3[nH]2)CCN1,6.180000294
CCOC(=O)CCN(C)Cc1ccc2c3c(c(=O)[nH]c2c1)CCCN3,9.301029996
O=C1CC(c2ccccc2)C(=O)N1c1cc(Cc2n[nH]c(=O)c3ccccc23)ccc1F,7.698970004
CC(=O)N1CCCN(CC2=Nc3cccc4c(=O)[nH]nc(c34)N2)CC1,7.982966661
CC(C)CCN1CCN(Cc2c(O)cc(O)c3c(=O)cc(-c4ccc(O)cc4)oc23)CC1,8.795880017
O=c1[nH]c2cc(CO)ccc2c2sccc12,8.180456064
Nc1cccc2c(=O)[nH]c(-c3ccc(C(F)(F)F)cc3)cc12,5.740238933
O=C(c1ccc(OC(F)(F)F)cc1)C1CCN(CC(=O)N(Cc2nc3c(c(=O)[nH]2)COCC3)CC2CC2)CC1,8.065501549
COc1ccc(-n2cc(C(=O)Nc3cccc(Cc4nnc(O)c5ccccc45)c3)c(C)n2)cc1,8.522878745
C[C@@H]1Cc2cccc(C(N)=O)c2O1,5.11577123
NCCOc1c(-c2cccc(Br)c2)[nH]c(=O)c2cc(F)ccc12,7.858550227
Cc1cccc2c(=O)[nH]c(CCC(=O)O)nc12,6.187086643
CC[C@@H](CO)NC(=O)CCc1nc2ccccc2c(=O)[nH]1,8.638272164
O=C(c1cc(Cc2c[nH]c(=O)c3c(Cl)cc(Cl)n23)ccc1F)N1CCCNCC1,9.236572006
O=C(c1ccc(F)cc1)C1CCN(CC(=O)N(Cc2cccc(F)c2)Cc2nc3c(c(=O)[nH]2)COCC3)CC1,7.679853714
O=c1[nH]c(C2=CC(N3CCN(c4ccc(Cl)cc4)CC3)CC2)nc2ccccc12,7.795880017
O=C(c1ccc(F)cc1)C1CCN(CC(=O)N(Cc2ccccc2)Cc2nc3c(c(=O)[nH]2)COCC3)CC1,8.045757491
Oc1nc(CCCN2CCc3c([nH]c4ccccc34)C2)nc2ccccc12,9.301029996
COc1cccc2c(O)nc(-c3ccc([N+](=O)[O-])cc3)nc12,6.187086643
Nc1ccc(-c2nc(N3CCOCC3)nc(N3CCN(C(=O)c4cc(Cc5n[nH]c(=O)c6ccccc56)ccc4F)CC3)n2)cc1F,7.723538196
Nc1ccc(-c2nc(N3CCOCC3)nc(N3CCN(C(=O)c4cc(Cc5n[nH]c(=O)c6ccccc56)ccc4F)CC3)n2)c(F)c1,8.958607315
N#Cc1ccc(N2CCN([C@@H]3C=C(c4cc5c(N)cc(F)cc5c(=O)[nH]4)CC3)CC2)c(F)c1,9.0
O=C(c1cc(Cc2n[nH]c(=O)c3ccccc23)cc(F)c1F)N1CCN(c2nccs2)CC1,8.455931956
CNC(=O)c1ccc(N2CCN(Cc3ccc4c(c3)NC(=O)C(C)O4)CC2)cc1,6.045516283
CS(=O)(=O)O.Oc1nc2ccc(N3CCN(CC4CC4)CC3)nc2c2ccccc12,9.48148606
N#Cc1ccc(CC(=O)N2CCc3cccc4c3C2CNC4=O)cc1,8.721246399
O=c1[nH]cnc2cccc(Cl)c12,7.431798276
Cc1cc2nc(O)c3ccccc3c2cc1NC(=O)C[N+](C)(C)C.[Cl-],9.060480747
COc1cc(/C=C/C(=O)Nc2nc(-c3ccccc3)cs2)cc(OC)c1,8.698970004
COc1ccc(C(=O)C2CCN(C3CCN(Cc4nc5c(c(=O)[nH]4)CCC5)C3=O)CC2)cc1,9.853871964
CC(C)(C)[Si](C)(C)OCCCN1CCN(C(=O)c2cc(Cn3c(=O)[nH]c(=O)c4ccccc43)ccc2F)CC1=O,8.045757491
NC(=O)c1cccc2c1O/C(=C\c1ccc(O)cc1O)C2=O,7.062833296
Cc1cccc2c(=O)[nH]c(-c3ccc(CNC(=O)OCc4ccccc4)cc3)nc12,8.500312917
CC(C)(C)OC(=O)N1CC[C@H](C(=O)Nc2cc(Cn3c(=O)[nH]c(=O)c4ccccc43)ccc2Cl)C1,9.735182177
NC(=O)c1cncc2[nH]c(C3CCNCC3)nc12,9.22184875
Cn1c2cc(F)cc(C(N)=O)c2c(=O)n1C1CCN(C2CCCCC2)CC1,8.240030142
CC[C@@H]1CN(C(=O)c2cc(Cn3c(=O)[nH]c(=O)c4ccccc43)ccc2F)CCN1CC(F)(F)F,6.059483515
CCCN1CCCC(Oc2ccc3[nH]c(=O)c4c(c3c2)CCSC4)C1,9.301029996
O=C1NN=C2CN(C(=O)C3CC3)Cc3[nH]c4cc(F)cc1c4c32,8.602059991
CN(C)CCn1c2c3c4c(cccc41)C(=O)NN=C3CCC2,6.460923901
O=C(CCC(=O)c1ccc2[nH]c3c4c(c5c(c3c2c1)C(=O)NC5=O)CCC4)NCCO,8.863279433
NC(=O)c1ccccc1OCCc1ccc(F)c(C(=O)N2CCN(C(=O)C3CCCC3)CC2)c1,7.432997173
Cc1cccc2c(O)nc(-c3ccc(N)cc3)nc12,9.167491087
CC(=O)N1CCN(C(=O)c2cc(Cc3c[nH]c(=O)c4cc(Cl)c(Cl)n34)ccc2F)CC1,7.519993057
O=C(CCCN1CCCCC1)N1CCc2nc(O)c3ccccc3c2C1,8.920818754
COc1ccc(F)cc1/C=C/c1nnc(-c2cccc3c(=O)c4ccccc4c(=O)[nH]c23)o1,7.698970004
NC(=O)c1ccccc1OCc1ccc(F)c(C(=O)N2CCN(C(=O)C3CCCC3)CC2)c1,9.060480747
CCc1cc(=O)[nH]c(CN2CCC(N3CCC(C(=O)c4ccc(OC)cc4)CC3)C2=O)n1,5.649751982
CN1CCC(Oc2ccc3[nH]c(=O)c4c(c3c2)N(C)CCC4)CC1,7.408935393
Oc1ncnc2ccsc12,9.494850022
O=C1NC(=O)c2c1c1c(c3[nH]c4ccc(-c5csc(CNC(=O)C6CC6)n5)cc4c23)CCC1,8.30980392
CNC(C)(C)C(=O)N1CCN(C(=O)c2cc(Cc3n[nH]c(=O)c(C)c3C)ccc2F)CC1,8.522878745
O=C(c1cccc(Cc2n[nH]c(=O)c3ccccc23)c1)N1CCN(c2ccccc2)CC1,7.543633967
Cc1c(Cc2ccc(F)c(C(=O)N3CCN(C(=O)[C@@]4(C)CCCN4)CC3)c2)n[nH]c(=O)c1C,8.420216403
O=C(/C=C/c1ccc(CN2CCN(C(=O)c3cc(Cc4n[nH]c(=O)c5ccccc45)ccc3F)CC2)cc1)NO,4.4710833
NC(=O)c1cccc(F)c1,6.619065537
N#Cc1ccc(N2CCN([C@H]3C=C(c4cc5ncc(F)cc5c(=O)[nH]4)CC3)CC2)cc1,7.728158393
Cc1c(CN2CCN(C(=O)c3cc4cccc(C(N)=O)c4o3)CC2)sc2c(N3CCOCC3)nc(-c3ccc(F)c(N)c3)nc12,7.022276395
CCC(=O)N1CCN(C(=O)c2cc(Cc3n[nH]c(=O)c4ccccc34)ccc2F)CC1,5.744727495
CN1CCCN(C(=O)c2cccc(Cc3nnc(O)c4ccccc34)c2)CC1,6.886056648
CC1Cc2cc(N)cc(C(N)=O)c2O1,10.24412514
O=C(c1cc(Cc2c[nH]c(=O)c3cc(Cl)c(Cl)n23)ccc1F)N1CCN(c2ccccc2F)CC1,9.119186408
CN(C)c1ccc2c(c1)[nH]c(=O)c1cccnc12,7.365623506
O=C(NCc1nc(-c2ccc3[nH]c4c5c(c6c(c4c3c2)C(=O)NC6=O)CCC5)cs1)OCc1ccccc1,6.124938737
CN1CCN(CC2=Nc3cccc4c(=O)[nH]nc(c34)N2)CC1,8.236572006
O=c1[nH]nc2c3c(cccc13)N=C(CN1CCC(c3c[nH]c4ccccc34)CC1)N2,7.301029996
O=c1[nH]c(CCCN2CC=C(c3ccccc3)CC2)nc2c(Cl)cccc12,8.585026652
Cn1c2cccc(C(N)=O)c2c(=O)n1C1CCN(CC2CCCCC2)CC1,8.397940009
O=c1[nH]c(N2CCC3(CC2)CN(CCO)c2cc(F)cc(F)c23)nc2c1CCCC2,9.929962133
Oc1nc(CCCN2CC=C(c3ccccc3)CC2)nc2cccc(F)c12,8.013228266
Cc1cccc2c(O)nc(-c3ccc([N+](=O)[O-])cc3)nc12,8.251811973
O=C(Nc1nc(-c2ccccc2)cs1)c1ccncc1,6.690369833
COC1CCN(C(=O)c2ccc(-c3ccc4c(Cl)cc(C(N)=O)n4n3)c(F)c2)CC1,7.148741651
NC(=O)c1cccc2[nH]n(C3CCN(CC4CC=CCC4)CC3)c(=O)c12,8.522878745
NC(=O)n1ccc2ccc(-c3ccccc3F)nc21,9.602059991
CC1NCCc2cc(-c3nc4c(C(N)=O)cc(F)cc4[nH]3)sc21,9.0
NC(=O)c1cccc2[nH]c(C(=O)NC3CCN(C(=O)C(F)(F)F)CC3)nc12,8.795880017
N#Cc1cccnc1N1CCN(C(=O)c2cc(Cc3c[nH]c(=O)c4cc(Cl)c(Cl)n34)ccc2F)CC1,8.167491087
O=C1NC(=O)c2c1c1ccccc1c1[nH]c3ccccc3c21,8.431798276
CN(C)C(C)(C)C(=O)N1CCN(C(=O)c2cc(Cc3c[nH]c(=O)c4cc(Cl)c(Cl)n34)ccc2F)CC1,7.455931956
Oc1nc2ccncc2c2ccccc12,9.48148606
NC(=O)c1cccc2cn(-c3ccc([C@H]4CCCNC4)cc3)nc12,9.096910013
O=C(Nc1cccc(Cc2n[nH]c(=O)c3ccccc23)c1)C1CC1,7.070581074
N#Cc1ccc(N2CCN([C@H]3C=C(c4cc5ncccc5c(=O)[nH]4)CC3)CC2)nc1,7.036212173
CCCN(Cc1nc2c(c(=O)[nH]1)COCC2)C(=O)CN1CCC(C(=O)c2ccc(F)cc2)CC1,6.673664139
NC(=O)c1cc(F)cc2[nH]c(-c3cc4c(s3)C(C3CC3)NCC4)nc12,9.301029996
CC(C)(C)OC(=O)N[C@@H](Cc1ccccc1)C(=O)N1CC2=NNC(=O)c3cccc4[nH]c(c2c34)C1,7.66514431
O=C(c1cccs1)N1CCN(Cc2c(O)cc(O)c3c(=O)cc(-c4ccc(O)cc4)oc23)CC1,9.677780705
O=C(CCn1c2c(c(=O)[nH]c1=O)CCCC2)NCC(=O)c1ccc2ccccc2c1,9.086186148
COc1cc2nc3c4ccccc4c(=O)[nH]c3n2cn1,6.124938737
COc1ccc2nc3ccccc3c(Nc3cccc(-c4nc5c(C(N)=O)cccc5[nH]4)c3)c2c1,7.368454772
COc1cc(CN(C)C(C)C)cc2[nH]c(=O)c3c(c12)NCCC3,7.761953897
O=C1NCC2c3c(cccc31)CCN2C(=O)C1CCCN1C(=O)c1cc(Cc2n[nH]c(=O)c3ccccc23)ccc1F,7.408935393
CCN(CC)CCOc1ccc2[nH]c(=O)c3c(c2c1)NCCC3,8.251811973
CC(C)CN1CCN(C(=O)c2nc3c(C(N)=O)cccc3[nH]2)CC1,8.468521083
O=C1N(CCO)c2cccc(Cl)c2C12CCN(c1nc3c(c(=O)[nH]1)CCCC3)CC2,8.602059991
COc1cc2c(cc1OC)CN(C(=O)C1CCN(C(=O)c3cccc(Cc4nnc(O)c5ccccc45)c3)CC1)CC2,8.550059011
O=c1[nH]c(-c2ccc(Br)cc2)nc2c(O)cccc12,7.061480275
C[C@@H](NC(=O)CN1CCc2cccc3c2C1CNC3=O)C(=O)N1CC=C(c2ccc(F)cc2)CC1,9.22184875
C=CCSc1nnc(-c2cc3ccccc3n2CC=C)n1-c1ccccc1,9.444905551
CC(C)(C)c1ccc(-c2nc3ccc(F)cc3c(=O)[nH]2)cc1,6.408935393
NC(=O)c1cccc2cn(-c3ccc(NC(=O)CN4CCCCC4)cc3)nc12,9.681936665
NC(=O)c1cccc2c1O/C(=C\c1cc(O)cc(O)c1)C2=O,10.18996921
Cc1cc2c(NC(=O)c3ccccc3)cccc2c(=O)[nH]1,6.829738285
COc1ccc(-c2nc(O)c3cccc(C)c3n2)cc1,8.37675071
O=C(c1cccc(Cc2nnc(O)c3ccccc23)c1)N1CCCN(C2CCCCC2)CC1,8.282329497
C[C@]1(c2nc3c(C(N)=O)c(F)ccc3[nH]2)CCCN1,8.638272164
CCN1CCc2sc(-c3nc4c(C(N)=O)cccc4[nH]3)cc2C1,9.096910013
Cc1c(Cc2ccc(F)c(C(=O)N3CCN(C(=O)C4CCNC4)CC3)c2)n[nH]c(=O)c1C,7.721246399
Cc1ccc2[nH]c3c4c(c5c(c3c2c1)CNC5=O)CCC4,6.214670165
O=C(c1cc(Cc2n[nH]c(=O)c3ccccc23)ccc1F)N1CCc2cccc3c2C1CC3O,8.15490196
O=C(CCN1CCC(N2CCCC2)CC1)N1CCc2c(nc(O)c3ccccc23)C1,7.096910013
O=C(O)CCc1nc(O)c2ccccc2n1,9.537602002
O=C1CCCN1c1cccc(Cc2n[nH]c(=O)c3ccccc23)c1,9.301029996
O=C1NCC2c3c(cccc31)CCN2C(=O)Cc1cccc(Cl)c1,9.585026652
O=C(CCc1nc2ccccc2c(=O)[nH]1)N1CCN(C(=O)C2CC2)CC1,8.552841969
COc1ccc(N2CCN(c3nc4c(c(=O)[nH]3)CSCC4)CC2)cc1,8.0
CC(Oc1ccccc1)C(=O)N1CCN(C(=O)c2cc(COc3ccccc3C(N)=O)ccc2F)CC1,6.522878745
CN1CCC(c2nc3c(C(N)=O)cncc3[nH]2)CC1,6.527389802
CN(CCO)Cc1ccc2c3c(c(=O)[nH]c2c1)CCCN3,5.973466735
O=C(NCCN1CCOCC1)c1cnn2c1[nH]c(=O)c1ccccc12,8.744727495
Cc1c(-c2nc3c(C(N)=O)cc(F)cc3[nH]2)sc2c1CCNC2,9.698970004
NC(=O)c1cccc2c1O/C(=C\c1ccc(C(=O)N3CC(c4nc5ccccc5[nH]4)C3)cc1)C2=O,9.236572006
CC[N+]1(CC)CCN(CCOc2ccc3[nH]c(=O)c4c(c3c2)NCCC4)CC1,9.037157319
CC[C@@H]1CN(C(=O)c2nc3c(C(N)=O)cccc3[nH]2)CCN1,7.754487332
CN(C)Cc1ccc(-n2cc3cccc(C(N)=O)c3n2)cc1,7.89279003
O=c1[nH]nc2c3c(cccc13)Oc1ccc(CN3CCC(O)CC3)cc1-2,8.091514981
COc1cc(CO)cc2[nH]c(=O)c3c(c12)NCCC3,9.443697499
CCN1CCN(C(=O)c2cc(Cc3n[nH]c(=O)c4ccccc34)ccc2F)CC1,9.13667714
COc1cc(CNCCN2CCOCC2)cc2[nH]c(=O)c3c(c12)NCCC3,7.301029996
CC1(C)CC2=NNC(=O)c3c(F)ccc4[nH]c(c2c34)C1,9.301029996
NC(=O)n1ccc2ccc(-c3ccc(CN4CCOCC4)cc3)nc21,8.48148606
COc1cc(CN2CCCC2)cc2[nH]c(=O)c3c(c12)NCCC3,9.0
O=C(CCc1nc2ccccc2c(=O)[nH]1)Nc1ccc(C(=O)Nc2cccc3cccnc23)cc1,9.207608311
O=c1[nH]c2ccc(OCCN3CCCCC3)cc2c2c1CCCN2,6.795880017
O=C(Nc1cc(Cn2c(=O)[nH]c(=O)c3ccccc32)cnc1F)[C@H]1CCN(CCC(F)(F)F)C1,7.301029996
O=c1[nH]nc2c3c(cccc13)NC(c1cccnc1)C2c1cccnc1,6.117475462
O=c1[nH]nc2c3c(cccc13)Oc1ccc(CN3CC(O)C3)cc1-2,8.806875402
O=c1cc(-c2ccc(O)cc2)oc2c(CN3CCN(Cc4ccco4)CC3)c(O)cc(O)c12,9.585026652
CC(C)CCN1CCCC(NC(=O)c2nc3c(C(N)=O)cccc3[nH]2)C1,9.142667504
CCC(=O)N1CCN(C(=O)c2cc(Oc3n[nH]c(=O)c4ccccc34)ccc2F)CC1,8.769551079
O=c1[nH]nc2c3c(cccc13)Oc1ccc(CN3CCC4(CC3)OCCO4)cc1-2,6.756961951
CC(C)c1ccc(-c2cc(=O)c3ccccc3o2)cc1,8.096910013
Cn1c(C(=O)N2CC=C(c3ccc(F)cc3)CC2)cc2c1-c1ccccc1C(=O)NC2,7.468521083
Cc1cccc2nc[nH]c(=O)c12,9.568636236
O=S(=O)(NCCCN1CCOCC1)c1cc2c(cc1F)-c1nc(O)c3ccccc3c1C2,7.958607315
O=C(c1cccc(Cc2n[nH]c(=O)c3ccccc23)c1)N1CCN(CCO)CC1,7.22184875
NC(=O)c1cccc2c1O/C(=C\c1ccc(OCCN3CCN(c4ccc(F)cc4)CC3)cc1)C2=O,7.829738285
O=c1[nH]nc2c3c(cccc13)N=C(CN1CCCNCC1)N2,7.886056648
O=C1NCCc2c1ccc1[nH]cc(CCNCc3ccccc3)c21,6.943095149
NC(=O)c1cccc(NC(=O)/C=C\C(=O)N2CCN(c3ccccc3)CC2)c1,6.012333735
NC(=O)c1cccc2c1OCC2=O,8.958607315
CC(C)(C)OC(=O)[C@@H]1CCCN1CC(=O)c1ccc2[nH]c3c4c(c5c(c3c2c1)C(=O)NC5=O)CCC4,8.15490196
CN1CCN(Cc2ccc(-n3cc4cccc(C(N)=O)c4n3)cc2)CC1,6.051098239
COc1ccc(C(=O)C2CCN([C@H]3CCN(Cc4nc5ccccc(=O)c5[nH]4)C3=O)CC2)cc1C,7.769551079
Cc1ccc2c(c1)C(=O)NCC2,6.317854924
CN1CCN(CC(=O)Nc2ccc3c(c2)-c2nc(O)c4ccccc4c2C3)CC1,7.886056648
CCN(CC)Cc1ccc2c3c(c(=O)[nH]c2c1)CCCN3,7.823908741
Cc1c(Cc2ccc(F)c(C(=O)N3CCN(C(=O)C4(N5CCCC5)CCCC4)CC3)c2)n[nH]c(=O)c1C,7.638272164
NC(=O)c1ccc(N)cc1,3.744727495
CC(C)NCc1ccc(-c2cc3c4c(c[nH]c4c2)C(=O)NNC3=O)cc1,9.698970004
COc1ccc(C(N)=O)cc1,5.244125144
COCCOc1ccc2[nH]c(=O)c3c(c2c1)NCCC3,9.327902142
NC(=O)c1cccc2[nH]c(-c3ccc(-c4ccccc4)cc3)nc12,6.431798276
CN(C)c1ccc(-c2ccc3ccn(C(N)=O)c3n2)cc1,8.920818754
Nc1ccc(C(=O)Nc2cccc3cccnc23)cc1,7.514278574
Cc1c(C(=O)NCCN2CCCC2)sc2c1[nH]c(=O)c1ccccc12,6.522878745
NC(=O)c1cccc2[nH]n(C3CCN(CC4CCCCC4)CC3)c(=O)c12,8.823908741
NC(=O)c1cccc2[nH]c(C(=O)N3CCNC(=O)C3)nc12,9.22184875
Cc1c(Cc2ccc(F)c(C(=O)N3CCN(C(=O)C4(NCC5CC5)CCCCC4)CC3)c2)n[nH]c(=O)c1C,8.173925197
O=C(c1cc(Cc2n[nH]c(=O)c3ccccc23)ccc1F)N1CCN(c2ccccn2)CC1,8.408935393
COc1c(Cl)c(O)c(Cl)c(C)c1-c1cc(O)c(Cl)c2cc3c(c(O)c12)C(=O)c1c(O)c(Cl)c(O)c(Cl)c1C3(C)C,7.827981191
O=C(c1cc(Cc2n[nH]c(=O)c3ccccc23)ccc1F)N1CCn2nc(C(F)(F)F)nc2C1,8.251811973
Cc1cc2c(=O)[nH]cc(Cc3ccc(F)c(C(=O)N4CCCNCC4)c3)n2c1,9.508638306
CN1CCC[C@@]1(C)c1nc2c(C(N)=O)c(F)ccc2[nH]1,7.0
O=C(c1cc(Cc2n[nH]c(=O)c3ccccc23)ccc1F)N1CCCN(CCO)CC1,9.698970004
CN(C)CCCOc1ccc2c3c(c(=O)[nH]c2c1)CCCN3,9.318758763
O=C1NCC2c3c(cccc31)CCN2C(=O)Oc1ccccc1,7.119186408
CCN1CCN(C(=O)c2sc3c([nH]c(=O)c4ccccc43)c2C)CC1,7.978810701
CC1CCC2N=C(CCCN3CC=C(c4ccccc4)CC3)NC(=O)C2C1,9.346787486
O=C(c1cc(Cc2n[nH]c(=O)c3ccccc23)ccc1F)N1CCC2(CNC2)C1,8.420216403
O=C(c1ccc(F)cc1)C1CCN([C@H]2CCN(Cc3nc4c(c(=O)[nH]3)COCC4)C2=O)CC1,8.70333481
CC(=O)c1ccc(NC(=O)CCn2c(=O)[nH]c(=O)c3ccccc32)cc1,9.22184875
O=C1c2ccccc2C(=O)N1c1cccc(Cc2nnc(O)c3ccccc23)c1,7.744727495
CC(C)(N)C(=O)N1CC2=NNC(=O)c3cc(F)cc4[nH]c(c2c34)C1,7.886056648
CC1c2cc(F)cc(C(N)=O)c2C(=O)N1C1CCN(C2CCCCC2)CC1,7.924453039
CN(C)CC(=O)Nc1cnc2c(c1)nc(O)c1ccccc12.Cl,9.309981219
CC1c2nnc(C(F)(F)F)n2CCN1C(=O)c1cc(Cc2n[nH]c(=O)c3ccccc23)ccc1F,8.698970004
CCCCc1ccc2nc3ccccc3c(Nc3cccc(-c4nc5c(C(N)=O)cccc5[nH]4)c3)c2c1,8.853871964
O=C(CN1CCC[C@H]1C(=O)O)c1ccc2[nH]c3c4c(c5c(c3c2c1)C(=O)NC5=O)CCC4.O=C(O)C(F)(F)F,7.500312917
COc1ccc(C(=O)N2CCN(Cc3c(O)cc(O)c4c(=O)cc(-c5ccc(O)cc5)oc34)CC2)cc1,9.148741651
CC#CCOc1ccc(C(=O)C2CCN(CC(=O)N(Cc3nc4c(c(=O)[nH]3)COCC4)CC3CC3)CC2)cc1,7.54668166
O=C(c1ccc2[nH]c(=O)c3c(c2c1)CCSC3)N1CCN(C2CCCCCC2)CC1,7.424812155
Cc1ccc2nc3c4ccccc4c(=O)[nH]c3n2c1,7.886056648
CN(C)CCNC(=O)c1ccc2[nH]c3c4c(c5c(c3c2c1)CNC5=O)CCC4,7.431798276
COc1cc(Cl)c(C#N)cc1C(=O)NCCN1CCC(C(=O)c2ccc(F)cc2)CC1,10.0
CC(C)C1CC2=NNC(=O)c3cc(F)cc4[nH]c(c2c34)C1,7.823908741
CN(CC(=O)O)CC(=O)c1ccc2[nH]c3c4c(c5c(c3c2c1)C(=O)NC5=O)CCC4.O=C(O)C(F)(F)F,8.522878745
Nc1ccc(-c2nc3c(c(N4CCOCC4)n2)CCN(C(=O)c2cc(Cc4n[nH]c(=O)c5ccccc45)ccc2F)C3)cn1,8.100015437
O=c1[nH]c2c(-c3nnc(-c4ccccc4Cl)o3)cccc2c(=O)c2ccccc12,8.823908741
NC(=O)c1cccc2c1O/C(=C\c1ccc(C(=O)N3CCn4c(nnc4C4CCCC4)C3)cc1)C2=O,9.455807889
C[C@@H]1NC(=O)[C@@H](C)NC1=O,6.565750548
NC(=O)c1cc(F)cc2[nH]c(C(=O)N3CCNC(=O)C3)nc12,8.823908741
C[C@@H](CO)NC(=O)CCc1nc2ccccc2c(=O)[nH]1,8.552841969
O=C(CCc1nc2ccccc2c(=O)[nH]1)N1CCN(C(=O)c2cccs2)CC1,8.22184875
CCCOc1ccc(C(=O)C2CCN(CC(=O)NCc3nc4c(c(=O)[nH]3)COCC4)CC2)cc1,8.721246399
COc1cc(CNN2CCOCC2)cc2[nH]c(=O)c3c(c12)NCCC3,8.169989064
O=C(/C=C/c1ccccc1)Nc1nc(-c2ccccc2)cs1,8.15490196
C#CCN(Cc1nc2c(c(=O)[nH]1)COCC2)C(=O)CN1CCC(C(=O)c2ccc(F)cc2)CC1,9.219970873
C[C@@H]1NC(=O)[C@H](C)NC1=O,7.096910013
NC(=O)c1ccc(Cl)cc1,7.970616222
O=c1[nH]cnc2ccc(Cl)cc12,7.337242168
Cc1cccc2c(O)nc(-c3ccc(O)cc3)nc12,9.301029996
O=c1[nH]cnc2cc(C(F)(F)F)ccc12,8.0
N#Cc1ccc(N2CCN([C@H]3C=C(c4cc5ncccc5c(=O)[nH]4)CC3)CC2)cc1,9.769551079
CC1Cc2cc([N+](=O)[O-])cc(C(N)=O)c2O1,7.408935393
O=[N+]([O-])c1cccc2c1nc(O)c1ccccc12,7.995678626
COc1ccc2[nH]c(=O)c3c(c2c1)N(C)CCC3,8.301029996
Cc1ccc2c(c1)CCN1C(=O)c3ccccc3C21O,9.0
O=C(c1cccc(C(F)(F)F)c1)N1CCN(Cc2c(O)cc(O)c3c(=O)cc(-c4ccc(O)cc4)oc23)CC1,8.301029996
O=c1[nH]c2ccc(OC3CCN(CCO)CC3)cc2c2c1CSCC2,6.069560405
COc1ccccc1C1=CCN(c2nc3c(c(=O)[nH]2)CCCC3)CC1,6.54515514
CCNC(=O)c1ccc(N2CCN(Cc3cc(C)c4c(c3)NC(=O)C(C)O4)CC2)c(Cl)c1,9.559090918
O=c1cc(-c2ccc(O)cc2)oc2c(CN3CCC(CO)CC3)c(O)cc(O)c12,8.113509275
CN(C)CCOc1ccc2c3c(c(=O)[nH]c2c1)CCCN3,8.619788758
CN1CCN(CCOc2ccc(/C=C3\Oc4c(C(N)=O)cccc4C3=O)cc2)CC1,8.055517328
CNCc1ccc(-n2nc3c(C(N)=O)cccc3c2Cl)cc1,7.185752404
O=C(CO)Nc1ccc2c(c1)Cc1c-2nc(O)c2ccccc12,5.879097182
CCOc1ccc(-c2nnc([C@H]3C[C@H](NC(=O)c4ccccn4)C3)n2-c2ccccc2F)nc1,9.004364805
NCCOc1c(-c2ccc(Cl)c(Cl)c2)[nH]c(=O)c2cc(F)ccc12,7.744727495
NC(=O)c1c(F)ccc2[nH]c(-c3ccc(N4CCOCC4)cc3)nc12,8.387216143
O=C1NC(CCCN2CC=C(c3ccccc3)CC2)=NC2CCNCC12,7.332173621
Cc1cccc2c(Nc3ccc(-c4nc5c(C(N)=O)cccc5[nH]4)cc3)c3ccccc3nc12,8.886056648
CCN1CCC(Oc2ccc3[nH]c(=O)c4c(c3c2)CCSC4)C1,8.15490196
CN(C)Cc1ccc(-c2ccc3c(Cl)cc(C(N)=O)n3n2)cc1,9.638272164
Nc1ncc(-c2nc(N3CCOCC3)c3sc(CN4CCN(C(=O)c5cc(Cc6n[nH]c(=O)c7ccccc67)ccc5F)CC4)cc3n2)cn1,4.508638306
O=c1[nH]c(-c2ccc(F)cc2)nc2c(O)cccc12,7.602059991
COc1cc(CNC(C)(C)C)cc2[nH]c(=O)c3c(c12)NCCC3,8.407823243
CCN(CC)CCNc1ccc2nc(O)c3ccccc3c2n1,8.698970004
O=C(c1cc(Cc2n[nH]c(=O)c3ccccc23)ccc1F)N1CCC2(CCC2)C1,6.238072162
COCCOC(C)(C)c1ccc(-c2nc3ccc(F)cc3c(=O)[nH]2)cc1,10.22184875
Cn1ccnc1C1c2n[nH]c(=O)c3cc(F)cc(c23)NC1c1ccc(F)cc1,9.619788758
Cc1c(C(=O)N2CCN(C(C)C)CC2)sc2c1[nH]c(=O)c1ccccc12,8.537602002
O=C1N(CCO)c2cccc(F)c2C12CCN(c1nc3c(c(=O)[nH]1)CCCC3)CC2,8.397940009
COc1cc(O)c(Cl)c(C)c1-c1cc(O)c(Cl)c2cc3c(c(O)c12)C(=O)c1c(O)c(Cl)c(O)c(Cl)c1C3(C)C,5.823908741
O=C(c1ccccc1C(F)(F)F)N1CCCN(CC2=Nc3cccc4c(=O)[nH]nc(c34)N2)CC1,7.698970004
O=c1[nH]c2c(nc3ccc(Cl)cn32)c2ccccc12,6.570000775
N#Cc1ccc(-c2cnc3c(C(N)=O)cccc3c2)cc1,6.924088239
S=c1[nH]nc(-c2cc3ccccc3[nH]2)n1-c1ccccc1,7.113509275
CCOc1cc(-c2nc3c(C(N)=O)cccc3[nH]2)ccc1Nc1ncc2c(n1)N(C1CCCC1)[C@H](CC)C(=O)N2C,9.301029996
COc1c(Br)cc(Br)cc1/C=C/c1nnc(-c2cccc3c(=O)c4ccccc4c(=O)[nH]c23)o1,9.22184875
O=C(c1cccc(I)c1)N1CCN(C(=O)c2cc(Cc3n[nH]c(=O)c4ccccc34)ccc2F)CC1,8.960189446
COc1ccc(C(=O)C2CCN([C@H]3CCN(Cc4nc5c(c(=O)[nH]4)COCC5)C3=O)CC2)cc1,8.236572006
CCCN(C)Cc1ccc2c3c(c(=O)[nH]c2c1)CCCN3,9.301029996
CN1CCC(Oc2ccc3[nH]c(=O)c4c(c3c2)CCSC4)C1,9.30980392
CC(C)NCc1ccc(-c2[nH]c3cccc4c3c2C(=O)NNC4=O)cc1,6.721246399
NC(=O)c1cccc2[nH]c(C(=O)NC3CCCN(C4CCNCC4)C3)nc12,8.853871964
CN1CC2=NNC(=O)c3cccc4[nH]c(c2c34)C1,8.0
O=S(=O)(NCCCN1CCOCC1)c1ccc2c(c1)Cc1c-2nc(O)c2ccccc12,6.91721463
NC(=O)c1ccc(Oc2ccc(C=O)cc2)cc1,8.585026652
O=C(CN1CCC(N2CCCC2)CC1)N1CCc2nc(O)c3ccccc3c2C1,7.568636236
O=c1[nH]nc2c3c(cccc13)N=C(CN1CC=C(c3ccccc3)CC1)N2,8.408935393
Oc1nc(-c2ccc(C(F)(F)F)cc2)nc2c1CSCC2,5.45687602
O=C(c1cccc(Cc2nnc(O)c3ccccc23)c1)N1CCCN(S(=O)(=O)c2ccc(-c3ccccc3)cc2)CC1,6.298432015
CCCCCN1CCC(Oc2ccc3[nH]c(=O)c4c(c3c2)CCSC4)CC1,8.337242168
COc1ccc2c(c1)C(CC(=O)NCCNC(=O)c1ccccc1N1CCC(=O)NC1=O)CC2=O,7.26760624
Nc1cc2nc(O)c3ccccc3c2cc1N,6.962573502
O=c1[nH]c2c(c(-c3ccccc3)nn2-c2ccccc2)c2c1CCCC2,10.36001575
COc1cc(CNC(C)C)cc2[nH]c(=O)c3c(c12)NCCC3,7.397940009
CN(C)CCNC(=O)c1ccc(-n2cc3cccc(C(N)=O)c3n2)cc1,9.0
CN1CCN(C(=O)c2cccc(Cc3n[nH]c(=O)c4ccccc34)c2)CC1,9.15490196
CCOc1cc(CNC)cc2[nH]c(=O)c3c(c12)NCCC3,7.573488739
COc1ccc2c(c1)C(=O)NCC2,9.301029996
NC(=O)c1cc(F)cc2c1C(=O)N(C1CCN(C3CCC(Cl)(Cl)CC3)CC1)C2,6.872895202
CCC1CN(C(=O)c2cc(Cc3n[nH]c(=O)c4ccccc34)ccc2F)C(C)c2nnc(C(F)(F)F)n21,8.698970004
NC(=O)c1cccc2c1O/C(=C\c1ccc(C(=O)N3CCN(c4ccccc4)CC3)cc1)C2=O,7.124938737
COc1cccc2c(=O)[nH]c(-c3ccc(Cl)cc3)nc12,4.677780705
O=C1CCN(Cc2ccc3c(c2)-c2n[nH]c(=O)c4cccc(c24)O3)CC1,8.038721321
CC(=O)Nc1cccc(Cc2n[nH]c(=O)c3ccccc23)c1,9.207608311
CCN1CCN(C(=O)c2cc(Cc3n[nH]c(=O)c4ccccc34)cc(F)c2F)CC1,7.107905397
NC(=O)c1cc(Cl)c2cc(-c3cc4c(s3)CCNC4C3CC3)cnn12,7.853871964
CC1CN(C(=O)c2cc(Cc3n[nH]c(=O)c4ccccc34)ccc2F)C(CC(F)(F)F)c2nnc(C(F)(F)F)n21,8.698970004
O=c1[nH]nc2c3c(cccc13)N=C(CNCCc1ccccc1)N2,8.602059991
CN1CCCC(C(=O)N(C)Cc2ccc(-n3cc4cccc(C(N)=O)c4n3)cc2)C1,8.550059011
O=C(OCc1ccccc1)N1CCN(CCSc2nc3ccccc3c(=O)[nH]2)CC1,9.397940009
O=C1NCCc2c1ccc1[nH]cc(CCNC(=O)C3CCN(c4ncccn4)CC3)c21,6.696803943
CC[C@H]1CN(C(=O)c2cc(Cn3c(=O)[nH]c(=O)c4ccccc43)ccc2F)CCN1,8.795880017
Cl.O=S(=O)(NCCN1CCCCC1)c1ccc2nc(O)c3ccccc3c2c1,9.15490196
O=C(c1cc(Cc2n[nH]c(=O)c3ccccc23)ccc1F)N1CCn2c(nc3ccccc32)C1,8.638272164
NC(=O)c1cccc2[nH]c(C(=O)NC3CCN(C4CCCCC4)CC3)nc12,9.22184875
O=c1[nH]c(-c2ccc3c(c2)OCO3)nc2ccccc12,6.769551079
CCCN1CCC(c2nc3cncc4c3n2CCNC4=O)CC1,10.50863831
C=CCSc1nnc(-c2cc3ccccc3[nH]2)n1-c1ccccc1,8.536107011
COc1ccc2nc3ccccc3c(Nc3ccccc3-c3nc4c(C(N)=O)cccc4[nH]3)c2c1,9.292429824
NC(=O)c1cccc2[nH]c(C(=O)NC3CCCN(C4CCCCC4)C3)nc12,9.301029996
CC(C)NCc1ccc(-c2nc3cncc4c3n2CCNC4=O)cc1,9.142667504
CC(=O)N1CCN(Cc2c(O)cc(O)c3c(=O)cc(-c4ccc(O)cc4)oc23)CC1,9.744727495
NC(=O)c1ccc(O)cc1,8.0
O=C1CCC(c2ccc3[nH]c4c5c(c6c(c4c3c2)C(=O)NC6=O)CCC5)=NN1,9.698970004
O=C(c1cc(Cc2n[nH]c(=O)c3ccccc23)cc(F)c1F)N1CCN(c2ncc(C(F)(F)F)cn2)CC1,7.954677021
O=C(CCn1c2c(c(=O)[nH]c1=O)CSCC2)NCC(=O)c1ccc(OC(=O)c2ccccc2)cc1,8.769551079
O=c1[nH]c(CCCN2CC=C(c3ccccc3)CC2)nc2cccc(Cl)c12,7.330683119
NC(=O)c1cc(Cl)c2ccc(-c3ccc(CN4CCN(c5ccc(C(F)(F)F)cc5)CC4)cc3)nn12,7.612610174
O=C1NC(=O)c2c1c1c(c3[nH]c4ccc(-c5csc(CNC6O[C@H](CO)[C@@H](O)[C@H](O)[C@H]6O)n5)cc4c23)CCC1,8.301029996
O=C(/C=C/c1ccc(CCNC(=O)c2cc(Cc3n[nH]c(=O)c4ccccc34)ccc2F)cc1)NO,9.709965389
Cc1ccccc1C(=O)Nc1cccc2c(=O)[nH]ccc12,6.251037139
O=c1[nH]cnc2ccc(O)cc12,7.943095149
O=c1[nH]c(NCCN2CCN(c3n[nH]c4ccccc34)CC2)nc2ccccc12,6.04769199
O=C(c1cc(Cc2c[nH]c(=O)c3cc(Cl)c(Cl)n23)ccc1F)N1CCN(C2CCCCC2)CC1,6.853871964
CC(C)C(=O)N1CCN(Cc2c(O)cc(O)c3c(=O)cc(-c4ccc(O)cc4)oc23)CC1,8.801342913
O=C1N[C@H]2Cc3ccccc3CN2c2ccccc21,8.494850022
COCCN(C)Cc1cc(OC)c2c3c(c(=O)[nH]c2c1)CCCN3,8.585026652
CC[C@H](NC(=O)CCc1nc2ccccc2c(=O)[nH]1)c1ccccc1,7.823908741
N[C@@H](Cc1ccccc1)C(=O)N1CC2=NNC(=O)c3cccc4[nH]c(c2c34)C1,7.657577319
O=c1[nH]c2cc(CN3CCOCC3)ccc2c2c1CCCN2,8.920818754
CC(C)(C)CN1CCC(NC(=O)c2nc3c(C(N)=O)cc(F)cc3[nH]2)CC1,8.537602002
O=C(c1cc(Cc2n[nH]c(=O)c3ccccc23)ccc1F)N1CCN(C(=O)N2CCOCC2)CC1,8.602059991
Cc1cc(-c2nnc(CNC(=O)c3ccccc3)o2)c2[nH]c(=O)c3ccccc3c(=O)c2c1,5.694648631
Oc1nc2c(c3ccccc13)Cc1cc(F)ccc1-2,7.327902142
Cn1ccnc1C1c2n[nH]c(=O)c3cccc(c23)NC1c1ccc(F)cc1,8.657577319
O=c1[nH]c(CCCN2CCC(c3ccccc3)CC2)nc2ccccc12,8.958607315
O=C(c1cccc(-c2cc3[nH]c(=O)c4ccccc4n3n2)c1)N1CCN2CCC[C@H]2C1,9.853871964
CC(C)(C)C1NCCc2sc(-c3cnn4c(C(N)=O)cc(Cl)c4c3)cc21,8.795880017
NC(=O)c1cccc2c1O/C(=C\c1ccc(-c3cc[nH]n3)cc1)C2=O,7.744727495
I.O=S(=O)(NCCCN1CCOCC1)c1ccc2c(c1)Cc1c-2nc(O)c2ccccc12,5.698970004
N#Cc1ccc(N2CCN([C@H]3C=C(c4cc5c(N)cccc5c(=O)[nH]4)CC3)CC2)cc1,7.8569852
CC(Oc1ccccc1)C(=O)N1CCN(C(=O)c2cccc(COc3ccccc3C(N)=O)c2)CC1,7.346787486
COc1ccnc(N2CCN(C(=O)c3cccc(/C=C4\Oc5c(C(N)=O)cccc5C4=O)c3)CC2)n1,8.568636236
CC1Cc2c(N)ccc(C(N)=O)c2O1,8.450016389
O=c1[nH]c2ccc(OCCO)cc2c2c1CCCN2,8.974694135
O=C(O)c1cccc2c(=O)[nH]ccc12,5.886056648
Oc1nc(CCCN2CCN(c3ccccc3)CC2)nc2ccccc12,6.496209317
O=C1NC(=O)/C(=C/c2c[nH]c3ccccc23)S1,9.045757491
CCCC(=O)NCc1nc(-c2ccc3[nH]c4c5c(c6c(c4c3c2)C(=O)NC6=O)CCC5)cs1,8.500038134
NCCOc1c(-c2ccc(F)cc2)[nH]c(=O)c2cc(F)ccc12,6.313363731
NC(=O)c1cccc2cn(-c3ccccc3Cl)nc12,7.954677021
CNCc1ccc(-c2nc3cncc4c3n2CCNC4=O)cc1,9.373659633
O=c1[nH]nc2c3c(cccc13)N=C(CN1CCN(c3ccncc3)CC1)N2,9.958607315
CN1C[C@H]2C[C@@H]1CN2c1ccc2nc(O)c3ccccc3c2n1.CS(=O)(=O)O,10.0
CC(=O)N1CCCN(C(=O)c2cc(Cc3c[nH]c(=O)c4cc(Cl)c(Cl)n34)ccc2F)CC1,7.89279003
NC(=O)n1ccc2ccc(-c3ccc(C(=O)N4CCCCC4)cc3)nc21,8.15490196
CC1c2nnc(CF)n2C(C)CN1C(=O)c1cc(Cc2n[nH]c(=O)c3ccccc23)ccc1F,8.301029996
NC(=O)c1cccc2cc(-c3ccccc3)nn12,8.148741651
Cc1cccc2c(=O)[nH]c(-c3ccc(CN4CCC(N(C)C)CC4)cc3)cc12,8.055517328
CC1(C)OC(=O)N([C@H]2CC[C@H](c3cnc(N)c(-c4ncccn4)c3)CC2)[C@H]1c1ccccc1,9.031517051
COc1cc(CN(C)C2CCOCC2)cc2[nH]c(=O)c3c(c12)NCCC3,8.795880017
O=c1[nH]nc2c3c(c(Cl)ccc13)NC1=C2CCCCC1,7.853871964
COCCCN1Cc2cccc(C(N)=O)c2C1=O,7.967381239
CC(C)=CCN1CCN(C(=O)c2cc(Cn3c(=O)[nH]c(=O)c4ccccc43)ccc2F)C[C@H]1C,9.37675071
Cn1c2cccc(C(N)=O)c2c(=O)n1C1CCN(Cc2cccs2)CC1,7.278931698
O=C(c1cc(Cc2n[nH]c(=O)c3ccccc23)cc(F)c1F)N1CCN(c2nsc3ccccc23)CC1,9.508638306
Cn1c(C(=O)N2CCNCC2)cc2[nH]c(=O)c3ccccc3c21,8.080921908
COc1ccc(C(=O)C2CCN(C3CCN(Cc4nc5c(c(=O)[nH]4)COCC5)C3=O)CC2)cc1,7.26760624
CN(CCc1c[nH]cn1)C(=O)c1ccc2[nH]c3c4c(c5c(c3c2c1)CNC5=O)CCC4,8.958607315
Cc1nc(O)c2cccc(C)c2n1,9.214670165
NC(=O)c1cccc2c1O/C(=C\c1cccc(C(=O)N3CCN(c4cnccn4)CC3)c1)C2=O,9.0
O=C(Nc1cccc2cccnc12)c1ccc(N2C(=O)[C@@H]3[C@@H]4CC[C@@H](C4)[C@@H]3C2=O)cc1,8.602059991
CN1CCN(Cc2ccc(-c3ccc4ccn(C(N)=O)c4n3)cc2)CC1,7.698970004
CCNCc1cc(OCC)c2c3c(c(=O)[nH]c2c1)CCCN3,8.337242168
NC(=O)c1cccc2[nH]c(-c3ccccc3Nc3c4ccccc4nc4ccccc34)nc12,9.522878745
O=C1NN=C2CN(C(=O)OCc3ccccc3)Cc3[nH]c4cc(F)cc1c4c32,8.943095149
O=c1cc(-c2ccc(O)c(O)c2)oc2cc(O)ccc12,8.795880017
O=C(Nc1cc(Cn2c(=O)[nH]c(=O)c3ccccc32)ccc1Br)[C@H]1CCNC1.O=C(O)C(F)(F)F,6.346787486
Cc1cc(C)c2nc[nH]c(=O)c2c1,8.920818754
N#Cc1ccc(C(=O)N2CCN(C(=O)c3csc(Cc4n[nH]c(=O)c5ccccc45)c3)CC2)cc1,9.0
O=C1NN=C2CN(C(=O)C3(O)CC3)Cc3[nH]c4cc(F)cc1c4c32,9.301029996
CC[C@@H]1CN(C(=O)c2cc(Cn3c(=O)[nH]c(=O)c4ccccc43)ccc2F)CCN1CC,6.93930216
Nc1ccc2c3c(cccc13)C(=O)NC2=O,6.701146924
Cn1c2cccc(C(N)=O)c2c(=O)n1C1CCNCC1,5.0
CNCc1ccc(-n2cc3cccc(C(N)=O)c3n2)cc1F,10.0
NC(=O)c1cc(Cl)c2ccc(-c3ccc(CN4CCNCC4)cc3)nn12,8.013228266
O=C(CCn1c2c(c(=O)[nH]c1=O)C/C=C\C=C/CC2)NCC(=O)N1CCN(c2ncccn2)CC1,8.22184875
O=C(c1cc(Cc2n[nH]c(=O)c3ccccc23)ccc1F)N1CCN(c2nc(-c3cccc4[nH]ncc34)nc(N3CCOCC3)n2)CC1,9.508638306
CCNCc1ccc(-c2nc3cncc4c3n2CCNC4=O)cc1,6.958607315
CC(C)C1CC2=NNC(=O)c3cccc4[nH]c(c2c34)C1,7.959991364
O=c1[nH]c2ccc(OCCCCN3CCCCC3)cc2c2c1CCCN2,7.832682665
COc1cc(-c2ccc(-c3nc4c(C(N)=O)cc(F)cc4[nH]3)cc2)ccc1NC(=O)C1CC1,9.619788758
NCc1nc2sc3c(c2c(=O)[nH]1)CCC3,8.222790742
O=C(Nc1cccc(Cc2nnc(O)c3ccccc23)c1)C(F)(F)F,9.0
NC(=O)c1cccc2cn(-c3ccccc3)nc12,8.698970004
O=C1NCCc2ccc(Br)cc21,9.408935393
N#CCN(Cc1nc2c(c(=O)[nH]1)COCC2)C(=O)CN1CCC(C(=O)c2ccc(F)cc2)CC1,9.013228266
CNC(C)c1ccc(-n2cc3cccc(C(N)=O)c3n2)cc1,7.123205024
COc1cc(CN(C)CCOC(C)C)cc2[nH]c(=O)c3c(c12)NCCC3,6.829738285
O=c1[nH]nc2c3c(cccc13)NC(c1ccc(CN3CCC3)cc1)C2c1ccc(F)cc1,6.454339158
CN1CCN(C(=O)c2ccc(-c3cc4[nH]c(=O)c5ccccc5n4n3)cc2)CC1,8.397940009
O=C(c1cc(Oc2n[nH]c(=O)c3ccccc23)ccc1F)N1CCN(C(=O)c2ccccc2[N+](=O)[O-])CC1,6.66756154
O=c1[nH]c2ccc(OC3CCN(Cc4ccccc4)CC3)cc2c2c1CSCC2,10.22184875
NC(=O)c1cccc2cn(Cc3ccccc3)nc12,8.096910013
CCCN1CCN(C(=O)c2cc(Cn3c(=O)[nH]c(=O)c4ccccc43)ccc2F)C[C@H]1CC,8.460923901
O=C(Cc1cccc(I)c1)N1CCN(C(=O)c2cc(Cc3n[nH]c(=O)c4ccccc34)ccc2F)CC1,8.431798276
COc1cc(O)c(Cl)c(C)c1-c1cc(O)cc2cc3c(c(O)c12)C(=O)c1c(cc(O)c(Cl)c1O)C3(C)C,9.209011525
NC(=O)c1ccccc1OCc1ccc(F)c(C(=O)N2CCNCC2)c1,8.229147988
O=C1N(CCO)c2cc(F)cc(F)c2C12CCN(c1nc3c(c(=O)[nH]1)CCCC3)CC2,8.991399828
O=c1[nH]nc2c3c(cccc13)NC(c1ccccn1)C2c1ccccn1,8.698970004
O=C(Nc1cc(Cn2c(=O)[nH]c(=O)c3ccccc32)cnc1F)[C@H]1CCN(CC(F)(F)F)C1,8.661543506
O=C1NCCn2c(-c3ccccc3)nc3cncc1c32,9.860120914
CN(C)CCN1CC2=NNC(=O)c3cccc4[nH]c(c2c34)C1,8.677780705
Cc1cc2[nH]c(=O)c3ccccc3n2n1,7.244125144
O=c1[nH]c2cccnc2c2ccccc12,7.318758763
COc1cc(CN)cc2[nH]c(=O)c3c(c12)NCCC3,8.019996628
CC[C@@H]1CN(C(=O)c2cc(Cn3c(=O)[nH]c(=O)c4ccccc43)ccc2F)CCN1CC1CC1,9.377785977
CCOc1cc(CN(C)C)cc2[nH]c(=O)c3c(c12)NCCC3,8.408935393
CC(C)c1ccc(S(=O)(=O)N2CCCN(CC3=Nc4cccc5c(=O)[nH]nc(c45)N3)CC2)cc1,8.37675071
O=C(O)/C=C/c1cccc2c(=O)[nH]ccc12,5.958607315
COc1ccc(N2CCN(C(=O)CNC(=O)CCN3CCc4cccc5c4C3CNC5=O)CC2)cc1,5.779891912
Cn1cnnc1C1c2n[nH]c(=O)c3cccc(c23)NC1c1ccccc1,6.958607315
O=C(c1cccc(Cc2nnc(O)c3ccccc23)c1)N1CCc2ccccc2C1,8.677780705
CN1CCN(C(=O)c2cc(Cc3c[nH]c(=O)c4cc(Cl)c(Cl)n34)ccc2F)CC1,8.537602002
O=C(c1cc(Cc2n[nH]c(=O)c3ccccc23)cc(F)c1F)N1CCN(c2ccc([N+](=O)[O-])cc2)CC1,9.142667504
Oc1ccc(C2=CCN(CCCc3nc(O)c4ccccc4n3)CC2)cc1,5.76700389
O=c1[nH]c(SCCN2CCN(CCCOc3ccc(-c4ccccc4)cc3)CC2)nc2ccccc12,6.569119054
O=C1NCC2c3c(cccc31)CCN2C(=O)Cc1ccc(Cl)cc1,6.522878745
Cc1c(CN2CCN(C(=O)c3cc4cccc(C(N)=O)c4o3)CC2)sc2c(N3CCOCC3)nc(-c3ccc(N)nc3)nc12,9.096910013
CC(C)CCN1CCC(Oc2ccc3[nH]c(=O)c4c(c3c2)CCSC4)CC1,9.899629455
Oc1nc2ccccc2c2cccnc12,8.065501549
Cc1cccc2c(=O)[nH]c(-c3ccc(Br)cc3)nc12,10.13076828
CC[C@@H]1C(=O)N(C)c2cnc(Nc3ccc(CC(=O)NCc4nc5c(C(N)=O)cccc5[nH]4)cc3OC)nc2N1C1CCCC1,7.48148606
O=C(O)c1ccc2c(c1)[nH]c(=O)c1ccccc12,7.022733788
O=c1[nH]nc2c3c(cccc13)NC1=C2CCCCC1,6.289036881
NC(=O)c1ccc(N2CCN(CCCc3cc4c(N)cc(F)cc4c(=O)[nH]3)CC2)cc1,9.210419288
N#Cc1ccc(-c2cc3[nH]c(=O)c4ccccc4n3n2)cc1,9.48148606
CC(C)c1ccc(C2NC(=O)c3ccccc3N2)cc1,6.970616222
CC(C)(C)OC(=O)NC1CCN(C(=O)c2nc3c(C(N)=O)cc(F)cc3[nH]2)CC1,8.327902142
O=C(c1ccc(F)cc1)C1CCN(CC(=O)N(Cc2ccc(F)cc2)Cc2nc3c(c(=O)[nH]2)COCC3)CC1,8.769551079
NC(=O)c1cccc2c1O/C(=C\c1ccc(OCCCN3CCOCC3)cc1)C2=O,8.207608311
CCS(=O)(=O)N1CCN(C(=O)c2cc(Cc3n[nH]c(=O)c4ccccc34)ccc2F)CC1,8.795880017
O=C(c1csc(Cc2n[nH]c(=O)c3ccccc23)c1)N1CCN(C(=O)c2ccc3c(c2)OCO3)CC1,6.795880017
CC1CN(C(=O)c2cc(Cc3n[nH]c(=O)c4ccccc34)ccc2F)C(Cc2ccccc2)c2nnc(C(F)(F)F)n21,7.962573502
O=C(c1cccc(Cc2n[nH]c(=O)c3ccccc23)c1)N1CCCN(C(=O)N2CCOCC2)CC1,9.301029996
O=C(Nc1cc(Cn2c(=O)[nH]c(=O)c3ccccc32)cnc1Br)[C@H]1CCNC1.O=C(O)C(F)(F)F,9.508638306
NC(=O)c1cncc2[nH]c(C3CCCNC3)nc12,8.251811973
CC(C)C(=O)N1CCN(C(=O)c2cc(Cc3c[nH]c(=O)c4cc(Cl)c(Cl)n34)ccc2F)CC1,7.769551079
NC(=O)c1cccc2cn(-c3ccc(C4CCNCC4)cc3)nc12,4.819587367
COc1ccccc1N1CCN(c2nc3c(c(=O)[nH]2)CCCC3)CC1,7.735182177
CNCc1ccc(-n2cc3c(F)c(F)cc(C(N)=O)c3n2)cc1,8.387216143
O=C(c1ccc(F)cc1)C1CCN(CC(=O)N(Cc2nc3c(c(=O)[nH]2)COCC3)C[C@@H]2CCCO2)CC1,6.024568191
O=c1[nH]c2c(nc3ncccn32)c2ccccc12,8.619788758
O=C(c1cc(Cc2n[nH]c(=O)c3ccccc23)ccc1F)N1CCN(C(=O)C2CCCCC2)CC1,6.991399828
Cc1nn(C)c2[nH]c3c(c(=O)c12)CSC3,8.096910013
Cc1cccc(CN2CCC(CN3Cc4cccc(C(N)=O)c4C3=O)CC2)c1,8.443697499
O=C(c1cc(Cc2c[nH]c(=O)c3cc(Cl)c(Cl)n23)ccc1F)N1CCN(CCO)CC1,5.147520006
CNCc1cccc(-n2cc3cccc(C(N)=O)c3n2)c1,9.045757491
CN1N=C(c2ccc3[nH]c4c5c(c6c(c4c3c2)C(=O)NC6=O)CCC5)CCC1=O,7.083546051
CC[C@H]1CN(C(=O)c2cc(Cn3c(=O)[nH]c(=O)c4ccccc43)ccc2F)CCN1C,9.346787486
COc1ccc(C(=O)C2CCN(C(=O)CCCc3nc4c(C)scc4c(=O)[nH]3)CC2)cc1C,8.455931956
O=C(CCn1c2c(c(=O)[nH]c1=O)CSCC2)NCC(=O)c1cccc(-c2ccccc2)c1,9.48148606
NC(=O)c1cccc2cn(-c3ccc([C@@H]4CCCNC4)cc3)nc12,7.26760624
O=C1NCC2c3c(cccc31)CCN2C(=O)C1CCCC1,8.920818754
O=c1cc(-c2ccc([N+](=O)[O-])cc2)oc2ccccc12,9.15490196
O=C1NCCc2c1ccc1[nH]cc(CCNC3CCCCC3)c21,8.366531544
O=C1NCC2c3c(cccc31)CCN2C(=O)Cc1ccccc1Cl,8.619788758
O=C(CCn1c2c(c(=O)[nH]c1=O)CSCC2)NCC(=O)N1CCN(c2ccccn2)CC1,8.920818754
CCCN1Cc2cccc(C(N)=O)c2C1=O,8.302770657
CN(C)CCN1CCN(C(=O)c2cc(Cc3c[nH]c(=O)c4cc(Cl)c(Cl)n34)ccc2F)CC1,8.0
NC(=O)c1cccc2c1O/C(=C\c1ccc(O)cc1)C2=O,4.412289035
CN(C)C1CCN(c2ccc3nc(O)c4ccccc4c3n2)CC1.CS(=O)(=O)O,7.935542011
C[C@H]1CN(C(=O)c2cc(Cn3c(=O)[nH]c(=O)c4ccccc43)ccc2F)CCN1CC1CC1,8.801342913
O=c1[nH]c(N2CCC3(CC2)CN(CCO)c2cccc(F)c23)nc2c1CCCC2,8.346787486
NC(=O)c1cccc2[nH]c(C(=O)NC3CCNC3)nc12,9.096910013
O=C(NCCN1CCN(c2ccccc2)CC1)c1ccc2[nH]c(=O)c3c(c2c1)CCSC3,8.602059991
CCCNCc1ccc(-c2cc3c4c(c[nH]c4c2)C(=O)NNC3=O)cc1,9.48148606
O=C(Nc1cccc2c(=O)[nH]ccc12)c1ccc(Cl)cc1,5.950781977
CN1CCC[C@@H](C(=O)Nc2ccc(-n3cc4cc(F)cc(C(N)=O)c4n3)cc2F)C1,5.737311656
Cc1ccc(-c2cc(=O)c3c(O)cc(O)c(-c4cccc(-c5cc(=O)c6c(O)cc(O)cc6o5)c4)c3o2)cc1,7.851304821
CC(=O)OC[C@H]1O[C@@H](Sc2nnc(-c3cc4ccccc4[nH]3)n2-c2ccccc2)[C@H](OC(C)=O)[C@@H](OC(C)=O)[C@@H]1OC(C)=O,7.522878745
CC(C)CCN1CCN(C(=O)c2ccc3[nH]c(=O)c4c(c3c2)CCSC4)CC1,8.602059991
CCc1ccc2c3c(c(=O)[nH]c2c1)CCCN3,10.04575749
O=C(CCn1c2c(c(=O)[nH]c1=O)CSCC2)NCC(=O)c1ccc(-c2cncnc2)cc1,6.585026652
Nc1cc(C(F)(F)F)c(-c2nc3c(c(N4CCOCC4)n2)CCN(C(=O)c2cc(Cc4n[nH]c(=O)c5ccccc45)ccc2F)C3)cn1,7.958607315
O=C(c1cc(Cc2n[nH]c(=O)c3ccccc23)cc(F)c1F)N1CCN(c2ncc(Br)cn2)CC1,9.301029996
CC1(C)OC(=O)N(c2ccc(C(=O)Nc3cccc4cccnc34)cc2)[C@H]1c1ccccc1,8.36251027
Cc1c(CN2CCN(C(=O)c3cc4cccc(C(N)=O)c4o3)CC2)sc2c(N3CCOCC3)nc(-c3cnc(N)nc3)nc12,8.920818754
O=c1cc(-c2cccc(O)c2)oc2cc(O)ccc12,7.067526235
O=c1cc(-c2ccc(O)cc2)oc2c(CN3CCN(Cc4ccc(C(F)(F)F)cc4)CC3)c(O)cc(O)c12,9.408935393
O=C(c1ccc(Br)cc1)N1CCN(C(=O)c2csc(Cc3n[nH]c(=O)c4ccccc34)c2)CC1,8.063888568
NC(=O)c1cccc2[nH]c(-c3ccc(N)cc3)nc12,8.259637311
Oc1nc(CCCN2CC=C(c3ccc(-[n+]4ccccc4)cc3)CC2)nc2ccccc12,6.838033384
O=c1[nH]cnc2ccccc12,5.0
NC(=O)c1cccc(C2CO2)c1,9.13076828
NC(=O)c1cccc2[nH]c(-c3cc4c(s3)CNCC4)nc12,7.568636236
O=C(CN1CCC(C(=O)c2ccc(F)cc2)CC1)NCc1nc2c(c(=O)[nH]1)CCCC2,6.89289183
CCC(CC)C(=O)N1CCN(C(=O)c2cc(Oc3n[nH]c(=O)c4ccccc34)ccc2F)CC1,9.187086643
O=c1cc(-c2ccc(O)cc2)oc2c(CN3CCN(Cc4cccs4)CC3)c(O)cc(O)c12,9.142667504
NC(=O)c1cc(Cl)c2cc(-c3cc4c(s3)CNCC4)cnn12,9.0
O=C1NCC2c3c(cccc31)CCN2CC(=O)N1CCn2c(nnc2C(F)(F)F)C1,10.14002156
NC(=O)c1c(F)ccc2[nH]c(-c3ccc(N4CCNCC4)cc3)nc12,8.148741651
O=c1[nH]nc2c3c(cccc13)N=C(c1ccccc1)N2,5.657577319
CC[C@H]1CN(C(=O)c2nc3c(C(N)=O)cccc3[nH]2)CCN1C(=O)OC(C)(C)C,8.15490196
CCCCCCN1CCN(C(=O)c2ccc3[nH]c(=O)c4c(c3c2)CCSC4)CC1,8.721246399
Nc1ccc(-c2nc3ccccc3c(=O)[nH]2)cc1,7.522878745
Cc1c(CN2CCN(C(=O)c3cc4cccc(C(N)=O)c4o3)CC2)sc2c(N3CCOCC3)nc(-c3ccc(N)c(F)c3)nc12,6.887730232
O=c1[nH]nc2c3c(cccc13)NC1=C2CCCCCC1,8.259637311
Cc1nn(-c2ccccc2)c2[nH]c(=O)c3c(c12)CCCC3,8.0
CC[C@@H]1C(=O)N(C)c2cnc(Nc3ccc(Cc4nc5c(C(N)=O)cccc5[nH]4)cc3OC)nc2N1C1CCCC1,4.301029996
O=C(CCn1c2c(c(=O)[nH]c1=O)CSCC2)NCC(=O)N1CCN(c2ccccc2)CC1,6.508638306
CN(C)CC(C)(C)CN/C=C1/C(=O)NC(=O)c2ccccc21,7.979224512
Cc1nn(C)c2[nH]c(=O)c3c(c12)CCC3,7.13076828
CN1CCN(Cc2ccc(C3Nc4cccc5c(=O)[nH]nc(c45)C3c3ccccc3)cc2)CC1,8.270025714
NC(=O)c1cccc2[nH]c(C(=O)NC3CCCNC3)nc12,9.229147988
COc1cccc2[nH]c(=O)c3c(c12)NCCC3,8.958607315
CCOC(=O)c1ccc(CCc2nc3cccc4c3n2CCNC4=O)cc1,5.95939766
NC(CCCc1nc(-c2ccc3[nH]c4c5c(c6c(c4c3c2)C(=O)NC6=O)CCC5)cs1)C(=O)O.O=C(O)C(F)(F)F,8.522878745
O=C(CCC(=O)N1C=CC=CC=C1)c1ccc2[nH]c3c4c(c5c(c3c2c1)C(=O)NC5=O)CCC4,8.795880017
CN1CCC(C(=O)NCCc2c[nH]c3ccc4c(c23)CCNC4=O)C1,6.450996738
CC(C)c1ccc(C2c3n[nH]c(=O)c4cccc(c34)NC2c2ccc(CN(C)C)cc2)cc1,8.585026652
COc1cc(-c2cc3[nH]c(=O)c4ccccc4n3n2)cc(OC)c1OC,8.490797478
O=C(Cc1n[nH]c(=O)c2ccccc12)NCc1ccc(N2CCOCC2)nc1,9.22184875
C[C@]12CCCN1CC1=NNC(=O)c3cccc4[nH]c2c1c34,9.830031826
CNCc1ccc(-n2cc3c(F)ccc(C(N)=O)c3n2)cc1,7.22184875
NC(=O)c1cccc(NC(=O)/C=C\C(=O)N2CCN(c3ccc(F)cc3)CC2)c1,6.866141875
O=C(C1CC1)N1CCC2(CC1)CCN2C(=O)c1cc(Cc2n[nH]c(=O)c3ccccc23)ccc1F,8.259637311
Oc1nc(CCCN2CC=C(c3ccccc3)CC2)nc2ccc(Cl)cc12,8.449527043
CN1CCCc2c1cc(-c1ccccc1)[nH]c2=O,9.397940009
Cc1ccc(C(=O)N2CCN(C(=O)c3cc(Cc4n[nH]c(=O)c5ccccc45)cc(F)c3F)CC2)cc1,7.853871964
O=C(c1ccccn1)N1CCN(C(=O)c2cc(Cc3c[nH]c(=O)c4cc(Cl)c(Cl)n34)ccc2F)CC1,8.721246399
O=C(NCc1ccc(-c2nc3ccccc3c(=O)[nH]2)cc1)OCc1ccccc1,7.27083521
CC(C)(C)OC(=O)N1CC[C@H](C(=O)Nc2cc(Cn3c(=O)[nH]c(=O)c4ccccc43)cnc2Cl)C1,7.283996656
CN(C)Cc1ccc(C2Nc3cccc4c(=O)[nH]nc(c34)C2c2ccccc2)cc1,8.359518563
Cc1cccc2c(O)nc(-c3ccc(C(F)(F)F)cc3)nc12,8.568636236
CNCCc1ccc(-n2cc3cccc(C(N)=O)c3n2)cc1,8.920818754
NC(=O)c1cccc2c1O/C(=C\c1ccc(OCCN3CCCCC3)cc1)C2=O,7.457174573
CC(C)(C)OC(=O)N1CCC2(CC1)CCN2C(=O)c1cc(Cc2n[nH]c(=O)c3ccccc23)ccc1F,7.397940009
NC(=O)c1cccc2cccnc12,6.958212681
COc1ccc(C(=O)C2CCN(CC(=O)NCc3cc4c(c(=O)[nH]3)COCC4)CC2)cc1,9.22184875
NCCOc1c(-c2ccc3c(c2)OCCO3)[nH]c(=O)c2cc(F)ccc12,8.387216143
Cn1c(C(=O)NCCN2CCCC2)cc2c1-c1ccccc1C(=O)NC2,7.48148606
O=c1[nH]c2ccc(OCCN3CCOCC3)cc2c2c1CCCN2,9.301029996
Cc1ccc(-c2cnc3c(C(N)=O)cccc3c2)cc1,7.879426069
NC(=O)c1cccc2[nH]n(C3CCN(C4CCC(F)(F)CC4)CC3)c(=O)c12,6.966576245
O=C(CCN1CCc2cccc3c2C1CNC3=O)NCC(=O)N1CCN(c2ccccn2)CC1,8.283996656
Cc1nc2c(Cl)cccc2c(=O)[nH]1,4.725842151
Cc1nc2c(C(N)=O)cccc2[nH]1,8.236572006
CN1CCCc2c1c1ccc(CN3CCCCC3)cc1[nH]c2=O,9.299988938
Cc1cccc2c(=O)[nH]c(-c3ccc(F)cc3)nc12,6.022276395
O=C(CN1CCCCC1)N1CCc2nc(O)c3ccccc3c2C1,9.096910013
CN1CCC(n2[nH]c3cccc(C(N)=O)c3c2=O)CC1,8.886056648
O=c1[nH]nc2c3c(cccc13)N=C(CNCCc1ccc(Cl)c(Cl)c1)N2,9.585026652
O=C(c1cc(Cc2n[nH]c(=O)c3ccccc23)ccc1F)N1CCN(c2nc(-c3ccc4cn[nH]c4c3)nc(N3CCOCC3)n2)CC1,8.568636236
CC(C)C(=O)Nc1cccc(Cc2nnc(O)c3ccccc23)c1,6.383104574
O=C1NCC2c3c(cccc31)CCN2C(=O)c1ccc(Cl)cc1,7.252588192
Cc1c(Cc2ccc(F)c(C(=O)N3CCN(C(=O)[C@]4(C)CCCN4)CC3)c2)n[nH]c(=O)c1C,10.09452794
CC1(C)CC2=NNC(=O)c3cc(F)cc4[nH]c(c2c34)C1,9.698970004
O=C(c1cc(Cc2c[nH]c(=O)c3cc(Cl)c(Cl)n23)ccc1F)N1CCCCC1,8.508638306
NC(=O)c1cccc2[nH]c(-c3ccc(-c4ccc(C(=O)N5CCCC5)nc4)cc3)nc12,9.187086643
Nc1ncnc2c1ncn2[C@@H]1O[C@H](COC(=O)N2CCN(CC(=O)Nc3cccc4c3CNC4=O)CC2)[C@@H](O)[C@H]1O,6.920818754
COc1ccc(N2CCN(c3nc4c(c(=O)[nH]3)COCC4)CC2)cc1,8.148741651
Cc1sc(N)nc1-c1ccc2[nH]c3c4c(c5c(c3c2c1)C(=O)NC5=O)CCC4,10.07998108
O=c1[nH]nc2c3c(cccc13)N=C(CN1CCN(c3ccccc3)CC1)N2,9.087777943
O=C(c1cc(Cc2c[nH]c(=O)c3cc(Cl)c(Cl)n23)ccc1F)N1CCN(c2ncccn2)CC1,8.522878745
CCC(CC)N1CCN(C(=O)c2nc3c(C(N)=O)cc(F)cc3[nH]2)CC1=O,7.15490196
O=c1[nH]nc2c3c(cccc13)N=C(CN1CCCN(S(=O)(=O)c3cccc(C(F)(F)F)c3)CC1)N2,9.26760624
C[C@H](c1ccccc1)N(Cc1nc2c(c(=O)[nH]1)COCC2)C(=O)CN1CCC(C(=O)c2ccc(F)cc2)CC1,7.619788758
CN(CC(=O)c1ccc2ccccc2c1)C(=O)CCn1c2c(c(=O)[nH]c1=O)CCCC2,6.522878745
O=C(c1cc(Cc2nnc(O)c3ccccc23)ccc1F)N1CCCN(CC2CC2)CC1,9.522878745
O=C1NC(=O)c2c1ccc1[nH]c3ccccc3c21,6.0
O=c1[nH]nc2c3c(cccc13)NC(c1ccncc1)C2c1ccncc1,5.90661334
Cc1cccc2c(=O)[nH]c(-c3ccc(CN4CCN(C)CC4)cc3)cc12,8.853871964
O=C(CCn1c2c(c(=O)[nH]c1=O)CCC2)NCC(=O)N1CCN(c2ncccn2)CC1,9.28567024
NC(=O)c1cccc2cc(C(=O)N3CCN(c4nc(-c5cnc(NC(=O)CN6CCOCC6)cc5C(F)(F)F)nc(N5CCOCC5)n4)CC3)oc12,6.958607315
C[C@H]1CN(C(=O)c2cc(Cn3c(=O)[nH]c(=O)c4ccccc43)ccc2F)CCN1CC(F)(F)F,9.397940009
O=c1[nH]nc2c3c(cccc13)N=C(CNCCc1ccccc1F)N2,6.236572006
O=C(NCC(=O)N1CCc2cccc3c2C1CNC3=O)c1cc(Cc2n[nH]c(=O)c3ccccc23)ccc1F,6.853871964
O=C(CCn1c2c(c(=O)[nH]c1=O)CCCC2)NCC(=O)c1ccc(Br)cc1,6.958607315
O=C1NN=C2CN(C(=O)[C@@H]3CCCN3)Cc3[nH]c4cc(F)cc1c4c32,8.920818754
COc1ccc2[nH]c(=O)c3c(c2c1)NCCC3,7.958607315
Cn1ccnc1C1Nc2cccc3c(=O)[nH]nc(c23)C1c1nccn1C,7.721246399
O=C(CCn1c2c(c(=O)[nH]c1=O)CSCC2)NCC(=O)N1CCN(c2ncncn2)CC1,8.568636236
Nc1nc(-c2ccc3[nH]c4c5c(c6c(c4c3c2)C(=O)NC6=O)CCC5)cs1,6.70333481
O=C(CCn1c2c(c(=O)[nH]c1=O)CC=CCC2)NCC(=O)N1CCN(c2ncccn2)CC1,8.698970004
O=c1[nH]c2ccc(OCCc3ccccc3)cc2c2c1CCCN2,7.096910013
CC(C)(C)OC(=O)NCC1=Nc2cccc3c(=O)[nH]nc(c23)N1,9.619788758
COc1ccc(C(=O)CNC(=O)CCn2c3c(c(=O)[nH]c2=O)CCCC3)cc1,8.443697499
NC(=O)c1cccc2[nH]n(C3CCN(Cc4cccs4)CC3)c(=O)c12,7.13667714
O=C(O)c1ccccc1C(=O)Nc1ccc(Oc2ccc3ccccc3c2)c(Cl)c1,7.158015195
Cc1sc(-c2ccccc2)nc1C(=O)Nc1cccc(Cc2n[nH]c(=O)c3ccccc23)c1,5.522878745
NC(=O)c1cccc2[nH]c(C(=O)N3C[C@H]4CCCN[C@H]4C3)nc12,8.603800653
O=C(NO)c1cccc(NC(=O)c2ccc(-c3ccc(-c4ccccc4)cc3)cc2)c1,5.726535727
COc1ccccc1/C=C/c1nnc(-c2cccc3c(=O)c4ccccc4c(=O)[nH]c23)o1,5.718966633
O=C(c1cccc(F)c1F)C1CCN(Cc2c(O)cc(O)c3c(=O)cc(-c4ccc(O)cc4)oc23)CC1,9.045757491
O=c1[nH]cnc2ccc(F)cc12,7.096910013
Cc1ccn2c(n1)nc1c3ccccc3c(=O)[nH]c12,8.920818754
O=c1cc(-c2cccc(O)c2)oc2ccccc12,6.0
Cc1c(CN2CCN(C(=O)c3cc4cccc(C(N)=O)c4o3)CC2)sc2c(N3CCOCC3)nc(-c3ccc4[nH]ccc4c3)nc12,8.568636236
CCn1c(-c2cc3c(s2)CNCC3)nc2c(C(N)=O)cc(F)cc21,6.602059991
CN(C)CCn1c2c3c4c(cccc41)C(=O)NN=C3CC(C)(C)C2,6.27572413
O=c1[nH]nc2c3c(cccc13)N=C(CN1CCN(S(=O)(=O)c3ccc(Cl)cc3)CC1)N2,8.045757491
Cc1ccc(S(=O)(=O)NCC2=Nc3cccc4c(=O)[nH]nc(c34)N2)cc1,8.180456064
CN(CCC(=O)O)Cc1ccc2c3c(c(=O)[nH]c2c1)CCCN3,8.397940009
NC(=O)c1ccc(F)cc1,8.37675071
CNC(C)(C)C(=O)N1CCN(C(=O)c2cc(Cc3c[nH]c(=O)c4cc(Cl)c(Cl)n34)ccc2F)CC1,10.0
O=c1[nH]c2ccc(OC3CCN(CCN4CCCCC4)CC3)cc2c2c1CSCC2,8.698970004
O=C1NN=C2CCCCc3[nH]c4cc(F)cc1c4c32,7.200659451
COc1cc(O)c(Cl)c(C)c1-c1cc(O)c(Cl)c2cc3c(c(O)c12)C(=O)c1c(O)cc(O)cc1C3(C)C,6.677780705
CN(Cc1ccccc1)C(=O)C1CCN(C(=O)c2cccc(Cc3nnc(O)c4ccccc34)c2)CC1,8.096910013
O=C1NC2(CCN(c3nc4c(c(=O)[nH]3)CCCC4)CC2)c2ccccc21,7.958607315
O=c1cc(-c2ccc(O)cc2)oc2c(CN3CCN(c4ccc(O)cc4)CC3)c(O)cc(O)c12,9.013228266
CCc1cc2cnc(CN3CCN(c4ccc(C(=O)NC)nc4)CC3)cc2[nH]c1=O,8.721246399
NC(=O)c1cccc2[nH]n(C3CCN(C4CCC4)CC3)c(=O)c12,6.899998417
CN(C)CC(=O)Nc1ccc2[nH]c(=O)c3ccccc3c2c1,8.078833949
O=C(Nc1cc(Cn2c(=O)[nH]c(=O)c3ccccc32)ccc1Cl)[C@H]1CCNC1.O=C(O)C(F)(F)F,4.920818754
O=C(c1ccncc1)N1CCN(Cc2c(O)cc(O)c3c(=O)cc(-c4ccc(O)cc4)oc23)CC1,8.48148606
Nc1cccc(-c2ccc(C(=O)CNC(=O)CCn3c4c(c(=O)[nH]c3=O)CSCC4)cc2)c1,7.744727495
CC(C)(C)c1ccc(S(=O)(=O)N2CCN(CC3=Nc4cccc5c(=O)[nH]nc(c45)N3)CC2)cc1,8.37675071
NC(=O)c1cc(Cl)c2ccc(-c3ccc(F)c(C(=O)N4CCN(C(=O)C5CC5)CC4)c3)nn12,9.22184875
Nc1cc(-c2nc(N3CCOCC3)nc(N3CCN(C(=O)c4cc(Cc5n[nH]c(=O)c6ccccc56)ccc4F)CC3)n2)ccc1F,5.950781977
NC(=O)c1cccc2[nH]c(C(=O)NC3CCN(CC4CC4)CC3)nc12,4.677780705
CN(C)Cc1ccc(C2Nc3cc(F)cc4c(=O)[nH]nc(c34)C2c2ccc(F)cc2)cc1,7.087103371
CN1CCC(Oc2ccc3[nH]c(=O)c4c(c3c2)NCCC4)CC1,9.301029996
NCCOc1c(-c2ccc3c(c2)OCO3)[nH]c(=O)c2cc(F)ccc12,8.13667714
COc1ccc(C(=O)C2CCN(C3CCN(Cc4nc5c(cnn5C)c(=O)[nH]4)C3=O)CC2)cc1,3.37675071
Cc1ccc(-c2cc(=O)c3ccccc3o2)cc1,6.149999868
Cn1ccnc1C1c2n[nH]c(=O)c3cccc(c23)NC1c1ccc(C(F)(F)F)cc1,8.920818754
O=C1NN=C2CN(S(=O)(=O)C3CC3)Cc3[nH]c4cc(F)cc1c4c32,8.920818754
O=c1[nH]nc2c3c(cccc13)N=C(CN1CCN(S(=O)(=O)c3cccc(C(F)(F)F)c3)CC1)N2,8.698970004
O=C(CCCN1CCOCC1)Nc1ccc2c(c1)Cc1c-2nc(O)c2ccccc12,6.031517051
NC(=O)c1cc(Cl)c2cc(-c3cc4c(s3)CCNC4)cnn12,5.958607315
Cn1nc(-c2ccccc2)c2c3c(c(=O)[nH]c21)CCC3,9.638272164
O=C(c1cccc(Cc2nnc(O)c3ccccc23)c1)N1CCC(C(=O)N2CCCCC2)CC1,6.191856574
NC(=O)c1cccc2[nH]c(C(=O)NC3CN4CCC3CC4)nc12,7.677780705
Cc1nn(C)c2[nH]c3c(c(=O)c12)CCC3,6.15490196
O=c1[nH]c2ccc(CCN3CC=C(c4ccccc4)CC3)cc2c2ccccc12,7.283996656
CC(C)(C)OC(=O)N1CC[C@H](C(=O)Nc2cc(Cn3c(=O)[nH]c(=O)c4ccccc43)ccc2N)C1,8.455931956
O=C(Nc1cccc2c(=O)[nH]ccc12)C12CC3CC(CC(C3)C1)C2,8.075720714
COc1cc2c(c(OC)c1)C1CCC(=O)N1CC2,9.292429824
CCCc1c2c(c3c([nH]c4ccccc43)c1CC)C(=O)NC2=O,9.119186408
O=C(CCn1c2c(c(=O)[nH]c1=O)CSCC2)NCC(=O)c1ccc(-c2ccncc2)cc1,8.33003263
NC(=O)c1cccc2cn(-c3cccc(C(=O)N4CCCNCC4)c3)nc12,5.283996656
O=C(c1ccccc1)N1CCN(C(=O)c2cc(Cc3n[nH]c(=O)c4ccccc34)ccc2F)CC1,5.602059991
NC(=O)c1cccc2cn(-c3ccc(Cl)cc3)nc12,8.356547324
O=C(c1cc(Cc2c[nH]c(=O)c3cc(Cl)c(Cl)n23)ccc1F)N1CCN(C(=O)C2CCCC2)CC1,8.026872146
CC1Cc2cc(F)cc(C(N)=O)c2O1,6.610833916
O=C(Nc1cccc2c(=O)[nH]ccc12)c1ccc(F)cc1,7.886056648
CN1CCN(C(=O)c2cc(Cc3n[nH]c(=O)c4ccccc34)ccc2F)CC1,8.33003263
CC(=O)N1CCN(C(=O)c2cc(Cc3n[nH]c(=O)c4ccccc34)cc(F)c2F)CC1,7.950007143
NC(=O)c1cc(F)cc(F)c1OCc1ccc(F)c(C(=O)N2CCNCC2)c1,8.522878745
O=c1[nH]c(N2CCC3(CC2)COc2ccccc23)nc2c1CCCC2,9.236572006
CC[C@@H]1C(=O)N(C)c2cnc(Nc3ccc(C(C)c4nc5c(C(N)=O)cccc5[nH]4)cc3OC)nc2N1C1CCCC1,8.56944123
CC(C)N1CC2=NNC(=O)c3cccc4[nH]c(c2c34)C1,8.367542708
NC(=O)c1cccc2cc(C(=O)N3CCN(Cc4cc5nc(-c6cnc(N)nc6)nc(N6CCOCC6)c5s4)CC3)oc12,9.177635748
NC(=O)c1ccccc1OCCc1cccc(C(=O)N2CCNCC2)c1,8.920818754
CCOC(=O)c1ccc2[nH]c(=O)c3c(c2c1)CCSC3,8.514278574
CC(C)N1CCN(CC(=O)Nc2ccc3nc(O)c4ccccc4c3n2)CC1.Cl,8.455931956
O=C1NCCc2c1ccc1[nH]cc(CCNCc3cn[nH]c3)c21,8.522878745
O=C1NCc2c1c1c(c3[nH]c4ccccc4c23)CCC1,8.769551079
O=C(Nc1ccccc1Cl)c1cc(Cl)cc(Cl)c1O,9.13667714
Cc1cccc2c(=O)[nH]c(C3=CC(N4CCC(c5ccc(F)cc5)CC4)CC3)nc12,7.849550591
COc1cc(CN2CCN(c3ccc(C(=O)NC4CC4)cc3C)CC2)cc2c1OC(C)C(=O)N2,9.301029996
O=[N+]([O-])c1ccc2c(c1)-c1nc(O)c3ccccc3c1C2,8.431798276
NC(=O)c1cccc2cc(C(=O)N3CCN(c4nc(-c5cnc(N)cc5C(F)(F)F)nc(N5CCOCC5)n4)CC3)oc12,7.469800302
O=c1[nH]c2c(Cc3nnn[nH]3)c3ccccc3n2c2ccccc12,8.045757491
COc1cc(CN(C)N2CCOCC2)cc2[nH]c(=O)c3c(c12)NCCC3,7.974694135
NC(=O)c1c(F)ccc2[nH]c(C3CCCNC3)nc12,11.0
O=C(c1cc(Cc2c[nH]c(=O)c3cc(Cl)c(Cl)n23)ccc1F)N1CCN(c2ccccn2)CC1,8.920818754
COc1cc(/C=C2\Oc3c(C(N)=O)cccc3C2=O)ccc1O,7.590066877
O=C1NC(=O)c2c1c1c(c3[nH]c4ccccc4c23)CCCC1,9.244125144
CC(C)CCN1CCC(NC(=O)c2nc3c(C(N)=O)cccc3[nH]2)CC1,8.408935393
COC(=O)c1nc(C(F)(F)F)n2c1CN(C(=O)c1cc(Cc3n[nH]c(=O)c4ccccc34)ccc1F)CC2,8.537602002
CC1(C)C(=O)C2=NNC(=O)c3cc(F)cc4[nH]c(c2c34)C1=O,9.397940009
O=C(c1cc(Cc2n[nH]c(=O)c3ccccc23)ccc1F)N1CCC2(CCCCC2)CC1,9.214670165
Cc1ccc(C(=O)Nc2cccc3c(=O)[nH]ccc23)cc1,9.37675071
CC[C@@H]1CN(C(=O)c2nc3c(C(N)=O)cccc3[nH]2)CCN1C(=O)OC(C)(C)C,8.795880017
O=C(c1ccc(-c2cc3[nH]c(=O)c4ccccc4n3n2)cc1)N1CCN2CCC[C@H]2C1,7.186419011
COc1cc(-c2nc3c(C(N)=O)cccc3[nH]2)ccc1N(C)c1ncc2c(n1)N(C1CCCC1)[C@H](C)C(=O)N2C,9.420216403
O=c1[nH]c(-c2ccc(O)cc2)nc2ccccc12,7.966576245
Oc1nc(CCCN2CC=C(c3ccccc3F)CC2)nc2ccccc12,9.050609993
Cc1cc2[nH]c3ccccc3c2c2c1C(=O)NC2=O,8.341988603
CC(C)(C)C1NCCc2cc(-c3nc4c(C(N)=O)cc(F)cc4[nH]3)sc21,7.301029996
NC(=O)c1cccc2c1O/C(=C\c1ccc(-c3ccccc3)cc1)C2=O,8.250263684
COc1cc(O)cc(C)c1-c1cc(O)cc2cc3c(c(O)c12)C(=O)c1c(cc(O)c(Cl)c1O)C3(C)C,8.236572006
O=C(c1cc(Cc2c[nH]c(=O)c3cc(Cl)c(Cl)n23)ccc1F)N1CCC2(CC1)NCNC2=O,9.420216403
CN(C)CCn1c2c3c4c(cc(F)cc41)C(=O)NN=C3CC(C)(C)C2,9.15490196
O=C1NCC2c3c(cccc31)CCN2C(=O)Cc1ccccn1,7.725842151
O=C1NN=C2CCCc3c2c2c1cccc2n3CCN1CCCCC1,7.441483425
Oc1nc2ncccc2c2ccccc12,9.301029996
NC(=O)c1cccc2[nH]c(C(=O)N3CCNCC3)nc12,8.568636236
CCC(CC)N1CCC(NC(=O)c2nc3c(C(N)=O)cccc3[nH]2)CC1,5.619788758
O=c1[nH]c(N2CC(N3CC=C(c4ccccc4)CC3)C2)nc2ccccc12,10.30103
O=C(c1cc(Cc2n[nH]c(=O)c3ccccc23)cc(F)c1F)N1CCN(C2CCCCCC2)CC1,8.744727495
O=C(c1cc(Cc2c[nH]c(=O)c3cc(Cl)c(Cl)n23)ccc1F)N1CCOCC1,6.578396073
Cn1ncnc1C1c2n[nH]c(=O)c3cc(F)cc(c23)NC1c1cncnc1,8.496209317
Nc1ccc2nc(O)c3ccccc3c2n1,5.638272164
CN(C)c1ccc(CCN2CCC(Oc3ccc4[nH]c(=O)c5c(c4c3)CCSC5)CC2)cc1,7.255707017
O=S(=O)(CCN1CCC(N2CCCC2)CC1)N1CCc2c(nc(O)c3ccccc23)C1,9.22184875
O=C(NCCc1c[nH]c2ccc3c(c12)CCNC3=O)c1ccncc1,7.602059991
NC(=O)c1cccc2c1O/C(=C\c1ccc(Cl)cc1)C2=O,9.568636236
CC(C)NCc1ccc(-n2cc3cccc(C(N)=O)c3n2)cc1,8.494850022
COc1ccc(C(=O)C2CCN(CC(=O)N(Cc3nc4c(c(=O)[nH]3)CCCC4)CC3CC3)CC2)cc1,8.119186408
CCOc1ccc(C(=O)C2CCN(CC(=O)NCc3nc4c(c(=O)[nH]3)COCC4)CC2)cc1,8.301029996
COc1cc(/C=N/NC(N)=S)c(Br)c(Br)c1OC,8.356547324
Nc1cccc2c(=O)[nH]c(-c3ccccc3)cc12,9.552841969
NC(=O)c1cccc2c1C(=O)N(C1CCN(Cc3ccsc3)CC1)C2,8.876148359
CNC(=O)c1ccc(N2CCN(Cc3cc4[nH]c(=O)c(CCF)cc4cn3)CC2)cn1,8.397940009
O=C(NCCN1CCCCC1)c1ccc2[nH]c(=O)c3cccnc3c2c1,8.886056648
CC(C)CC1NCCc2sc(-c3cnn4c(C(N)=O)cc(Cl)c4c3)cc21,8.0
COc1cc(CN(C)CCCl)cc2[nH]c(=O)c3c(c12)NCCC3,8.48148606
CNCc1ccc(-n2cc3c(Cl)ccc(C(N)=O)c3n2)cc1,7.107905397
CC[C@@H]1C(=O)N(C)c2cnc(Nc3ccc(C(=O)NCc4nc5c(C(N)=O)cccc5[nH]4)cc3OC)nc2N1C1CCCC1,9.22184875
NC(=O)c1cccc2cc(C(=O)N3CCN(c4nc(-c5ccc(N)nc5)nc(N5CCOCC5)n4)CC3)oc12,8.187086643
NC(=O)c1cccc2[nH]c(C(=O)NC3CCN(C4CCCCC4)C3)nc12,8.920818754
Cc1c2c(c3c([nH]c4ccccc43)c1C)C(=O)NC2=O,5.148741651
CC(C)(C)OC(=O)NC1CCN(C(=O)c2nc3c(C(N)=O)cc(F)cc3[nH]2)C1,6.853871964
CCCN1CCC(Oc2ccc3[nH]c(=O)c4c(c3c2)CCSC4)CC1,8.795880017
Cc1cc(F)cc2c(=O)[nH]c(-c3ccc(C4CCN(C)CC4)cc3)nc12,7.790484985
CN1Cc2c(c3c(c4c2c2ccccc2n4C)CCC3)C1=O,9.679853714
NC(=O)c1cccc2c1O/C(=C\c1ccc(C(=O)N3CCn4c(CC5CC5)nnc4C3)cc1)C2=O,8.853871964
CN(C)CCN(C)Cc1ccc2c3c(c(=O)[nH]c2c1)CCCN3,9.251811973
O=C(c1cc(Cc2c[nH]c(=O)c3cc(Cl)c(Cl)n23)ccc1F)N1CCC2(CCN2)CC1,7.069998999
Cc1nc2c(N)cccc2c(=O)[nH]1,6.653647026
COc1ccc2c(c1OC)CCN1C(=O)c3ccccc3C21O,6.647817482
COc1ccc(N2CCN(C(=O)CNC(=O)CCn3c4c(c(=O)[nH]c3=O)CSCC4)CC2)cc1,7.602059991
COc1ccc(S(=O)(=O)N2CCCN(CC3=Nc4cccc5c(=O)[nH]nc(c45)N3)CC2)cc1,8.769551079
O=c1[nH]c(C2=C[C@@H](N3CC=C(c4ccccc4)CC3)CC2)nc2c(Cl)cccc12,8.431798276
CN(C)CCN1CC2=NNC(=O)c3cc(F)cc4[nH]c(c2c34)C1,8.22184875
NC(=O)c1cccc(Br)c1,8.045757491
CC(C)(C)OC(=O)N1CC2(CCN2C(=O)c2cc(Cc3n[nH]c(=O)c4ccccc34)ccc2F)C1,6.180000294
O=C1NCC2c3c(cccc31)CCN2C(=O)CN1CCC(c2ccccc2)CC1,9.080921908
Cc1ccc(C2c3n[nH]c(=O)c4cccc(c34)NC2c2ccc(CN(C)C)cc2)cc1,3.657577319
COCCOc1cc(CN(C)C)cc2[nH]c(=O)c3c(c12)NCCC3,4.920818754
COc1ccccc1CC(=O)N1CCc2cccc3c2C1CNC3=O,7.468521083
Oc1nnc(CCCCCN2CCOCC2)c2ccccc12,7.214670165
NC(=O)c1cccc2[nH]c(-c3ccc(Nc4c5ccccc5nc5ccccc45)cc3)nc12,7.193820026
Cc1cc(C(N)=O)c2nc(-c3cc4c(s3)CNCC4)[nH]c2c1,8.045757491
CC(C)S(=O)(=O)N1CCN(C(=O)c2cc3[nH]c(=O)c4ccccc4c3n2C)CC1,6.215382707
CCOc1ccc2[nH]c(=O)c3c(c2c1)NCCC3,7.292429824
CC(C)N1CCCC(c2nc3c(C(N)=O)cncc3[nH]2)C1,8.351639989
Nc1ncnc2c1ncn2[C@@H]1O[C@H](COCNC(=O)CCC(=O)Nc2cccc3c2CNC3=O)[C@@H](O)[C@H]1O,5.602059991
COc1ccc(C(=O)C2CCN(CC(=O)NCc3nc4c(c(=O)[nH]3)CCC4)CC2)cc1,8.657577319
CC(C)(C)OC(=O)N1CCC(NC2CCN(C(=O)c3nc4c(C(N)=O)cccc4[nH]3)CC2)CC1,8.397940009
CN1CCc2cc(-c3ccc4c(Cl)cc(C(N)=O)n4n3)sc2C1,9.366531544
CCOc1cc(CN2CCN(c3ccc(C(=O)NC4CC4)cc3C)CC2)cc2c1OC(C)C(=O)N2,7.721246399
Cn1c2c3c4c(cccc41)C(=O)NN=C3CCC2,8.602059991
O=C(NCCc1cccs1)C1CCN(C(=O)c2cccc(Cc3nnc(O)c4ccccc34)c2)CC1,9.756961951
CC1CC2=NNC(=O)c3cc(F)cc4[nH]c(c2c34)C1,7.958607315
O=C1NN=C2CCCc3c2c2c1cccc2n3CCN(Cc1ccccc1)Cc1ccccc1,9.744727495
CN1CCCc2c1cc(-c1ccc(Cl)cc1)[nH]c2=O,4.552841969
CCCCCN1CCN(C(=O)c2ccc3[nH]c(=O)c4c(c3c2)CCSC4)CC1,8.008773924
NC(=O)c1cccc2c1O/C(=C\c1ccc(C(=O)N3CCn4c(nnc4C(F)(F)F)C3)cc1)C2=O,7.823908741
NC(=O)c1cc(F)cc2c1OCC2,7.336299075
CC(C)C1NCCc2cc(-c3nc4c(C(N)=O)cc(F)cc4[nH]3)sc21,8.15490196
NC(=O)c1cccc2c1C(=O)N(C1CCN(C3CCC(F)(F)CC3)CC1)C2,7.050122296
C=CCC1(C(=O)N2CCN(C(=O)c3cc(Cc4n[nH]c(=O)c(C)c4C)ccc3F)CC2)CCCN1,5.677780705
CCc1cc2cnc(CN3CCN(c4ccc(C(N)=O)nc4)CC3)cc2[nH]c1=O,7.707522406
O=C(c1cc(Cc2c[nH]c(=O)c3cc(Cl)c(Cl)n23)ccc1F)N1CCN(c2ncc3ccccc3n2)CC1,8.769551079
O=C(CCc1ccc(Cl)cc1Cl)Nc1nnc2n1CCS2,9.958607315
Nc1cccc2c(=O)[nH]c(Cc3ccccc3)cc12,6.943095149
O=C(CCc1ccccc1)N(Cc1nc2ccccc2c(=O)[nH]1)Cc1cccs1,5.739928612
C#Cc1cnc2c(C(N)=O)cccc2c1,9.045757491
Cc1c(CN2CCN(C(=O)c3cc4cccc(C(N)=O)c4o3)CC2)sc2c(N3CCOCC3)nc(-c3cccc4[nH]ccc34)nc12,5.366531544
Cn1c2cccc(C(N)=O)c2c(=O)n1C1CCN(C2CCC2)CC1,5.0
O=c1[nH]nc(Cc2ccccc2)c2ccccc12,6.886056648
CN1CCCc2c1c1ccc(CN3CCOCC3)cc1[nH]c2=O,7.031517051
O=c1[nH]nc2c3c(cccc13)Oc1ccc(CNC3CCC(O)CC3)cc1-2,9.161150909
CC1c2nnc(C(F)(F)F)n2C(C)CN1C(=O)c1cc(Cc2n[nH]c(=O)c3ccccc23)ccc1F,8.698970004
O=C(Nc1cc(Cn2c(=O)[nH]c(=O)c3ccccc32)ccc1[N+](=O)[O-])[C@H]1CCNC1,7.804931004
Oc1nc(CCCN2CCCCC2)nc2ccccc12,7.15490196
O=C(c1ccc(Cl)cc1)C1CCN(C2CCN(Cc3nc4c(c(=O)[nH]3)COCC4)C2=O)CC1,8.229147988
Cc1cccc2c(=O)[nH]c(CCN3CCC[C@@H]3CO)cc12,6.528708289
CCN(CC)C(=O)CCC(=O)c1ccc2[nH]c3c4c(c5c(c3c2c1)C(=O)NC5=O)CCC4,8.721246399
O=c1[nH]nc2c3c(cccc13)Oc1ccc(CN3CCC(CCO)CC3)cc1-2,8.663540266
O=C1NC(=O)/C(=C/c2cn(Cc3ccc(Cl)cc3Cl)c3ccccc23)S1,5.602059991
O=C(NC1CNC(=O)c2ccccc21)c1cccc(Cc2n[nH]c(=O)c3ccccc23)c1,5.872895202
O=C(c1cc(Cc2n[nH]c(=O)c3ccccc23)cc(F)c1F)N1CCN(C(=O)C2CC2)CC1,7.387216143
CC(=O)c1ccc2[nH]c3c4c(c5c(c3c2c1)C(=O)NC5=O)CCC4,8.058488567
NCCOc1c(-c2ccc(Br)cc2)[nH]c(=O)c2cc(F)ccc12,9.638272164
COc1ccc(F)cc1/C=C/c1nnc(-c2cc(C)cc3c(=O)c4ccccc4c(=O)[nH]c23)o1,8.301029996
CC(C)(O)c1ccc(-c2nc3ccc(F)cc3c(=O)[nH]2)cc1,5.657577319
CC(C)(O)c1ccc(-c2nc3cccc(Cl)c3c(=O)[nH]2)cc1,8.795880017
O=C(CCn1c2c(c(=O)[nH]c1=O)CSCC2)NCC(=O)c1ccc(-c2cccnc2)cc1,8.657577319
CC(C)(OCCO)c1ccc(-c2nc3ccc(F)cc3c(=O)[nH]2)cc1,7.638272164
NCCOc1c(-c2ccc(N3CCCC3)c(Br)c2)[nH]c(=O)c2cc(F)ccc12,7.614393726
Cc1cccn2c1nc1c3ccccc3c(=O)[nH]c12,6.189767482
N#Cc1cccnc1N1CCN(C(=O)c2cccc(Cc3n[nH]c(=O)c4ccccc34)c2)CC1,8.770062314
CNC(C)(C)c1ccc(-n2cc3cccc(C(N)=O)c3n2)cc1,4.301029996
C=Cc1cnc2c(C(N)=O)cccc2c1,8.537602002
NC(=O)c1cc(F)cc2[nH]c(-c3cc4c(s3)CNCC4)nc12,8.559090918
O=c1[nH]c(C2=C[C@@H](N3CCC(c4ccc(F)cc4)CC3)CC2)nc2c(Cl)cccc12,7.065501549
CCN(CC)Cc1ccc(-c2ccc3c(Cl)cc(C(N)=O)n3n2)cc1,8.004364805
O=c1[nH]nc2c3c(cccc13)N=C(CNS(=O)(=O)c1ccccc1)N2,7.585026652
O=C(c1cc(Cc2n[nH]c(=O)c3ccccc23)ccc1F)N1CCN(c2ccccc2)CC1,8.301029996
CC(C)(C)CCN1CC2=NNC(=O)c3cccc4[nH]c(c2c34)C1,9.602059991
Cn1c(C(=O)N2CCCNCC2)c(Br)c2[nH]c(=O)c3ccccc3c21,8.744727495
Cc1c(CN2CCN(C(=O)c3cc4cccc(C(N)=O)c4o3)CC2)sc2c(N3CCOCC3)nc(-c3cnc(N)cc3C(F)(F)F)nc12,7.920818754
NC(=O)c1cccc2c1C(=O)N(C1CCN(Cc3ccccc3Br)CC1)C2,10.16998906
NC(=O)n1ccc2ccc(-c3ccccc3)nc21,8.180456064
NC(=O)c1ccccc1OCc1cccc(C(=O)N2CCNCC2)c1,7.978810701
O=c1[nH]c2cc(CN3CCCCC3)ccc2c2c1CCCN2,8.469800302
CC(C)CNC(=O)C1CCN(C(=O)c2cccc(Cc3nnc(O)c4ccccc34)c2)CC1,8.431798276
COc1cc(-c2ccc(-c3nc4c(C(N)=O)cc(F)cc4[nH]3)c(F)c2)ccc1NC(=O)C1CC1,7.698970004
NC(=O)c1cccc2[nH]n(C3CCN(C4CCCCC4)CC3)c(=O)c12,8.280006174
COc1ccccc1N1CCN(c2nc3c(c(=O)[nH]2)COCC3)CC1,6.411056357
Cc1ccc2[nH]c(CCNC(=O)c3ccc(/C=C4\Oc5c(C(N)=O)cccc5C4=O)cc3)nc2c1,10.04575749
Cc1cc(Cc2ccc(F)c(C(=O)N3CCc4cccc5c4C3CNC5=O)c2)n[nH]c1=O,8.292429824
CN(C)CCCOc1ccc(-c2nc3cccc4c3n2CCNC4=O)cc1,6.950781977
Cn1ncnc1C1c2n[nH]c(=O)c3cc(F)cc(c23)NC1c1ccc(C#N)cc1,8.148741651
CNCc1ccc(-n2cc3cccc(C(N)=O)c3n2)cc1OC,8.279840697
O=C(Nc1cc(Cl)ccc1Oc1ccc2ccccc2c1Cl)c1cc(Cl)cc(Br)c1O,8.886056648
NC(=O)Cn1ccc2ccc(-c3ccc(CN4CCCC4)cc3)nc21,8.337242168
COc1ccc(-c2cc3c(c(=O)[nH]2)CCCN3C)cc1,7.187086643
Cc1ccc2nc3ccccc3c(Nc3cccc(-c4nc5c(C(N)=O)cccc5[nH]4)c3)c2c1,9.100015437
O=c1[nH]c2cc(CN3CCCC3)ccc2c2c1CCCN2,8.17327748
O=c1cc(-c2ccc(F)cc2)oc2ccccc12,7.63638802
CC[C@H]1CN(C(=O)c2cc(Cn3c(=O)[nH]c(=O)c4ccccc43)ccc2F)CCN1C(C)=O,9.045757491
O=C(Nc1cc(Cn2c(=O)[nH]c(=O)c3ccccc32)cnc1F)[C@H]1CCN(Cc2ccccc2)C1,9.431798276
O=C(c1cc(Cc2n[nH]c(=O)c3ccccc23)ccc1F)N1CCCN(C(=O)C2CC2)CC1,8.958607315
O=C(Nc1cc(Cn2c(=O)[nH]c(=O)c3ccccc32)cnc1F)[C@H]1CCNC1.O=C(O)C(F)(F)F,9.0
O=c1cc(-c2ccc(O)cc2)oc2c(CN3CCN(c4ccccc4O)CC3)c(O)cc(O)c12,7.779996574
O=C(c1cc(Cc2n[nH]c(=O)c3ccccc23)cc(F)c1F)N1CCN(c2nccc(Br)n2)CC1,8.327902142
CN1CCN(C(=O)c2cc3c(n2C)-c2ccccc2C(=O)NC3)CC1,8.747146969
O=C1NCC2NCCc3cccc1c32,6.187086643
O=c1[nH]nc2c3c(cccc13)Oc1ccc(CN3CCN(c4ncccn4)CC3)cc1-2,6.522878745
O=c1[nH]c(CCCN2CC=C(c3ccc(F)cc3)CC2)nc2ccccc12,10.0
NCCCCNC(=O)c1ccc2[nH]c(=O)c3c(c2c1)CCSC3,8.853871964
COC1CCN(C(=O)c2ccc(-c3ccc4c(Cl)cc(C(N)=O)n4n3)cc2)CC1,8.294992041
Cc1cccc(C(N)=O)c1,7.823908741
COc1cccc2c(=O)[nH]c(-c3ccc(F)cc3)nc12,8.920818754
O=c1[nH]nc2c3c(cccc13)NC1=C2c2ccccc2CC1,6.620694482
O=C(CCn1c2c(c(=O)[nH]c1=O)CSCC2)NCC(=O)c1ccc(OC(F)F)cc1,8.522878745
NC(=O)c1ccc(OCc2ccccc2F)cc1,6.070581074
O=C1OC2(CCN(c3nc4c(c(=O)[nH]3)CCCC4)CC2)c2ccccc21,8.565431096
CC[C@H]1CN(C(=O)c2cc(Cn3c(=O)[nH]c(=O)c4ccccc43)ccc2F)CCN1C(=O)C1CC1,7.031517051
NC(=O)c1cccc2[nH]c(-c3ccc(-c4ccccn4)cc3)nc12,5.769551079
CC(C)C(=O)N1CCN(C(=O)c2cc(Cn3c(=O)[nH]c(=O)c4ccccc43)ccc2F)C[C@H]1C,7.958607315
CN1CCN(C(=O)c2cccc(-c3cc4[nH]c(=O)c5ccccc5n4n3)c2)CC1,7.657577319
COc1cccc2c(=O)[nH]c(-c3ccc(C)cc3)nc12,7.46470588
CON=C1CCN(Cc2cc(OC)c3c4c(c(=O)[nH]c3c2)CCCN4)CC1,6.619788758
NCCCNC(=O)c1ccc2[nH]c(=O)c3c(c2c1)CCSC3,8.769551079
O=C(CCN1CCc2cccc3c2C1CNC3=O)NCC(=O)N1CC=C(c2ccc(F)cc2)CC1,8.443697499
CN(C)CC(=O)Nc1ccc2nc(O)c3ccccc3c2n1.Cl,8.721246399
O=c1[nH]nc2c3c(cccc13)NC(c1ccc(CN3CCC3)cc1)C2c1ccccc1,7.522878745
O=C(c1cc(Cc2n[nH]c(=O)c3ccccc23)cc(F)c1F)N1CCN(c2cccc(C(F)(F)F)c2)CC1,8.070019409
CN1CCC(C(=O)Nc2ccc(-n3cc4cccc(C(N)=O)c4n3)cc2)CC1,9.0
NCCCCC(N)C(=O)NCc1ccc2[nH]c3c4c(c5c(c3c2c1)CNC5=O)CCC4,9.886056648
CC[C@@H]1CN(C(=O)c2cc(Cn3c(=O)[nH]c(=O)c4ccccc43)ccc2F)CCN1C(=O)C1CC1,6.506123889
Cc1ccc2c(=O)[nH]c(CCCC(=O)N3CCC(Oc4ccc(C#N)cc4)CC3)nn12,8.550059011
O=c1[nH]nc2c3c(cccc13)NC(c1ccc(CN3CCCC3)cc1)C2c1ccccc1,6.167491087
NC(=O)c1cccc2[nH]c(CN3CCC(C(=O)Nc4cc5ccccc5cn4)CC3)nc12,7.527828853
COc1cc2c(cc1OC)C1(O)C3C4c5ccccc5C(c5ccccc54)C3C(=O)N1CC2,9.638272164
CN1CCC(CC(=O)NCCc2c[nH]c3ccc4c(c23)CCNC4=O)CC1,8.698970004
Cc1noc(C)c1S(=O)(=O)N1CCCN(C(=O)c2cccc(Cc3nnc(O)c4ccccc34)c2)CC1,9.27572413
O=C1NC(=O)c2c1c1c(c3oc4ccccc4c23)CCC1,10.69897
NC(=O)c1cccc2cc(-c3cccc(C(F)(F)F)c3)cnc12,8.522878745
Cc1ccn2c(c1)nc1c3ccccc3c(=O)[nH]c12,6.602059991
O=c1[nH]nc2c3c(cccc13)N=C(CN1CCN(S(=O)(=O)c3ccc(F)cc3)CC1)N2,7.068542129
C#CCOc1ccc(-c2nc3c(C(N)=O)cccc3[nH]2)cc1,8.552841969
O=C(CCn1c2c(c(=O)[nH]c1=O)CSCC2)NCC(=O)c1ccc(N2CCCC2)cc1,9.070581074
Cc1c(CN2CCN(C(=O)c3cc4cccc(C(N)=O)c4o3)CC2)sc2c(N3CCOCC3)nc(-c3ccc(N)cc3)nc12,9.578396073
NC(=O)c1cccc2[nH]cnc12,9.61690307
Cc1ccc(-c2nc3c(C)cccc3c(=O)[nH]2)cc1,9.096910013
CCOC(=O)c1ccc(NC(=S)N/N=C/c2cc(OC)c(OC)c(Br)c2Br)cc1,9.045757491
O=S(=O)(NCCCn1ccnc1)c1ccc2c(c1)Cc1c-2nc(O)c2ccccc12,7.0
O=C(c1ccc(F)cc1)C1CCN(CC(=O)N(Cc2ccccn2)Cc2nc3c(c(=O)[nH]2)COCC3)CC1,8.327902142
CC1(C)OC(=O)N([C@H]2CC[C@H](n3c(=O)[nH]c4c(F)c(C#N)ccc43)CC2)[C@H]1c1ccccc1,6.8569852
CC(C)(C)OC(=O)N1CCC(NC(=O)c2nc3c(C(N)=O)cccc3[nH]2)C1,8.356547324
CS(=O)(=O)Cc1nc(-c2ccc3[nH]c4c5c(c6c(c4c3c2)C(=O)NC6=O)CCC5)cs1,7.0
Cc1nnc2n1CCN(C(=O)c1ccc(/C=C3\Oc4c(C(N)=O)cccc4C3=O)cc1)C2,8.0
O=C(c1cc(Cc2n[nH]c(=O)c3ccccc23)ccc1F)N1CC2(CCN(C(=O)C3CC3)CC2)C1,7.507239611
CC(C)(C)OC(=O)N1CCCN(CC2=Nc3cccc4c(=O)[nH]nc(c34)N2)CC1,5.982966661
Cc1nn(C)c2[nH]c3c(c(=O)c12)CCCC3,7.698970004
O=C(c1cc(Cc2c[nH]c(=O)c3c(Cl)c(Cl)cn23)ccc1F)N1CCCNCC1,7.585026652
NC(=O)c1cccc2c1O/C(=C\c1ccc(N3CCN(c4ncccn4)CC3)cc1)C2=O,9.282329497
COc1ccc(Cc2n[nH]c(=O)c3ccccc23)cc1N1C(=O)CCC1=O,9.096910013
CN(C)Cc1cccc(C2c3n[nH]c(=O)c4cccc(c34)NC2c2ccccc2)c1,7.886056648
O=C(CN1CCC(C(=O)c2ccc(OCC3CCC3)cc2)CC1)NCc1nc2c(c(=O)[nH]1)COCC2,8.130006
COc1cc(CN(C)C2CCCC2)cc2[nH]c(=O)c3c(c12)NCCC3,8.638272164
COc1cc2c(cc1OC)C1(O)c3ccccc3C(=O)N1CC2,7.37675071
NC(=O)c1cccc(NC(=O)/C=C\C(=O)N2CCCC(c3ccccc3)C2)c1,7.013228266
O=S(=O)(CCN1CCCCC1)N1CCc2nc(O)c3ccccc3c2C1,8.22184875
O=C(c1cc(Oc2n[nH]c(=O)c3ccccc23)ccc1F)N1CCN(C(=O)C2CCCCC2)CC1,9.853871964
COc1ccc2c(c1OC)CCN(CC1=Nc3cccc4c(=O)[nH]nc(c34)N1)C2,5.48945499
CN(CC(=O)OC(C)(C)C)CC(=O)c1ccc2[nH]c3c4c(c5c(c3c2c1)C(=O)NC5=O)CCC4,8.698970004
Nc1ccc2c(c1)nc(O)c1cc(N)ccc12,8.0
O=c1[nH]nc2c3c(cccc13)NC(c1ccc(CN3CCCC3)cc1)C2c1ccc(F)cc1,10.0
COc1ccc(NC(=O)N2CCCN(C(=O)c3cccc(Cc4nnc(O)c5ccccc45)c3)CC2)cc1,6.191856574
COc1cc(CN2CC(C)OC(C)C2)cc2[nH]c(=O)c3c(c12)NCCC3,7.744727495
O=C1NC2CCCCC2c2ccccc21,7.920818754
O=C(c1cccc(Cc2nnc(O)c3ccccc23)c1)N1CCCNCC1,8.22184875
O=C(c1cc(Cc2n[nH]c(=O)c3ccccc23)ccc1F)N1CCN(/[N+]([O-])=N/Oc2ccc([N+](=O)[O-])cc2[N+](=O)[O-])CC1,9.71219827
NC(=O)c1cccc2cn(-c3ccc(NC(=O)C4CNC4)cc3)nc12,6.027797162
CCOc1ccc(-c2csc(/N=C/c3c[nH]c4ccccc34)n2)c(OCC)c1,8.494850022
O=c1[nH]c(CCCN2CC=C(c3ccc(Cl)cc3)CC2)nc2ccccc12,5.721246399
O=C1NCC2c3c(cccc31)CCN2C(=O)OCc1ccccc1,6.274905479
CNCc1ccc(-c2[nH]c3cc(F)cc4c3c2C(=O)NNC4=O)cc1,8.455931956
O=C(CCCn1nc(-c2ccccc2)c2ccccc2c1=O)Nc1cccc(Cl)c1,8.27572413
COc1cc2c(cc1O)C1(O)c3ccccc3C(=O)N1CC2,8.920818754
CCC(=O)Nc1cccc(Cc2n[nH]c(=O)c3ccccc23)c1,8.698970004
O=C(NCC1=Nc2cccc3c(=O)[nH]nc(c23)N1)c1ccc([N+](=O)[O-])cc1,10.29242982
NC(=O)c1cccc2c1O/C(=C\c1ccc(C(=O)O)cc1)C2=O,7.045757491
O=c1[nH]c(-c2ccc(Cl)cc2)nc2c(O)cccc12,7.096910013
O=C(c1cc2[nH]c(=O)c3ccccc3n2n1)N1CCC(CN2CCOCC2)CC1,9.318758763
NC(=O)c1cccc2c1C(=O)N(C1CCN(Cc3cccc(C(F)(F)F)c3)CC1)C2,9.142667504
COc1ccc(Br)cc1/C=C/c1nnc(-c2cccc3c(=O)c4ccccc4c(=O)[nH]c23)o1,6.898596649
CS(=O)(=O)O.O=S(=O)(NCCN1CCCCC1)c1ccc2nc(O)c3ccccc3c2c1,8.809668302
CN(C)Cc1ccc(C2Nc3cccc4c(=O)[nH]nc(c34)C2c2ccc(C(F)(F)F)cc2)cc1,10.13076828
CCCCNCc1ccc(-c2cc3c4c(c[nH]c4c2)C(=O)NNC3=O)cc1,8.744727495
N=C(N)Nc1nc(-c2ccc3[nH]c4c5c(c6c(c4c3c2)C(=O)NC6=O)CCC5)cs1,8.522878745
O=C1NCc2c1c1c(c3[nH]c4ccc(C(=O)N5CCOCC5)cc4c23)CCC1,7.317854924
O=c1[nH]c(SCCN2CCN(CCCc3nc(-c4ccccc4)no3)CC2)nc2ccccc12,9.494850022
O=c1[nH]c2c(-c3nnc(/C=C/c4ccccc4)o3)cccc2c(=O)c2ccccc12,6.568636236
O=C1NCC2c3c(cccc31)CCN2C(=O)c1cccc(C(=O)N2CCCNCC2)c1,8.301029996
O=c1[nH]c(C2=CC(N3CC=C(c4ccc(F)cc4)CC3)CC2)nc2c(Cl)cccc12,9.283996656
Oc1nc(-c2ccccc2)nc2ccccc12,8.950781977
O=C(c1cc(Cc2n[nH]c(=O)c3ccccc23)ccc1F)N1CCN(C(=O)C2CCCO2)CC1,8.387216143
CN1CC(C(=O)Nc2ccc(-n3cc4cc(F)cc(C(N)=O)c4n3)cc2F)C1,7.522878745
O=C([O-])c1ccc2c(c1)nc(O)c1cc(F)ccc12.[Na+],9.236572006
Cc1cccc2c(O)nc3cc(F)ccc3c12,9.638272164
Nc1cc(F)cc2c(=O)[nH]c(CCCN3CCN(c4ccc(F)cc4)CC3)cc12,7.505845406
O=c1cc(-c2cccc(-c3c(O)cc(O)c4c(=O)cc(-c5ccc(C(F)(F)F)cc5)oc34)c2)oc2cc(O)cc(O)c12,8.358525889
C/C=C/CN1CCN(C(=O)c2cc(Cn3c(=O)[nH]c(=O)c4ccccc43)ccc2F)C[C@H]1C,6.928117993
CCNCc1ccc2c3c(c(=O)[nH]c2c1)CCCN3,8.522878745
Cc1c(C(=O)N2CC=C(c3ccc(F)cc3)CC2)sc2c1[nH]c(=O)c1ccccc12,8.397940009
O=C1NCCc2c1ccc1[nH]cc(CCNC(=O)N3CCNCC3)c21,9.627087997
CN(C)CC(=O)Nc1ccc2c(c1)-c1nc(O)c3ccccc3c1C2,7.779891912
CC[C@@H]1C(=O)N(C)c2cnc(Nc3ccc(-c4nc5c(C(N)=O)cccc5[nH]4)cc3OC)nc2N1Cc1ccc(C)s1,6.332547047
O=C(CCc1nc2ccccc2c(=O)[nH]1)N[C@H](CO)Cc1ccccc1,8.455931956
NC(=O)c1ccc(Br)cc1,7.010327752
CN(C)CCN(C)C(=O)c1cccc(-c2cc3[nH]c(=O)c4ccccc4n3n2)c1,6.9076303
CC[C@@H]1CN(C(=O)c2cc(Cn3c(=O)[nH]c(=O)c4ccccc43)ccc2F)CCN1C(C)=O,7.489857301
O=c1[nH]nc2c3c(cccc13)NC1=C2CCN(Cc2ccccc2)C1,6.522878745
O=C(c1cc(Cc2n[nH]c(=O)c3ccccc23)ccc1F)N1CCC12CNC2,6.0
Cc1c(Cc2ccc(F)c(C(=O)N3CCc4cccc5c4C3CNC5=O)c2)n[nH]c(=O)c1C,8.26760624
Cl.O=C(CN1CCC(N2CCCC2)CC1)Nc1ccc2nc(O)c3ccccc3c2n1,7.847711656
CN1CCN(CC(=O)c2ccc3[nH]c4c5c(c6c(c4c3c2)C(=O)NC6=O)CCC5)CC1,4.836391437
CC(C)N1CCN(C(=O)c2cc3[nH]c(=O)c4ccccc4c3n2C)CC1,6.22184875
CC(C)(C)C(=O)Nc1cccc2c(=O)[nH]ccc12,8.010550182
Cc1ccc2cccc(C(N)=O)c2n1,6.317854924
Cl.O=C(CN1CCCCC1)Nc1cnc2c(c1)nc(O)c1ccccc12,7.250001023
CC1(C)CC2=NNC(=O)c3cccc4c3c2c(n4CCN2CCOCC2)C1,6.240332155
C[C@H]1Cn2c(nnc2C(C)(F)F)CN1C(=O)c1cccc(C(F)(F)c2n[nH]c(=O)c3ccccc23)c1,8.522878745
COc1ccc(N2CCN(c3nc4c(c(=O)[nH]3)CCCC4)CC2)cc1,6.366531544
O=C1NN=C2CCCc3[nH]c4cc(F)cc1c4c32,9.22184875
Oc1nc2c(c3ccc(F)cc13)CNCC2,6.956637722
O=c1[nH]nc2c3c(cccc13)NC1=C2CCC1,4.884389488
Cl.Oc1nc2ccc(N3CCC(N4CCCC4)CC3)nc2c2ccccc12,8.080921908
O=C(CN1CCOCC1)Nc1ccc2c(c1)-c1nc(O)c3ccccc3c1C2,9.200659451
NC(=O)n1ccc2ccc(N3CCCC3)nc21,7.910094889
CNCc1ccc2c3c(c(=O)[nH]c2c1)CCCN3,7.832682665
Cc1ccc(C2=Nc3cccc4c(=O)[nH]nc(c34)N2)cc1,9.420216403
O=C(Nc1cccc2c(=O)[nH]ccc12)c1ccc([N+](=O)[O-])cc1,8.0
O=C(c1ccco1)N1CCN(Cc2c(O)cc(O)c3c(=O)cc(-c4ccc(O)cc4)oc23)CC1,8.525783736
O=c1[nH]nc2c3c(cccc13)N=C(CN1CCN(S(=O)(=O)c3cccc(F)c3)CC1)N2,6.734828277
NC(=O)c1cc(F)cc2[nH]c(-c3ccc(-c4cccc(NC(=O)C5CC5)c4)cc3F)nc12,9.301029996
Cc1cccc2c(O)nc3cc(C(F)(F)F)c(N)cc3c12,5.500312917
CCCCc1ccc2nc3ccccc3c(Nc3ccc(-c4nc5c(C(N)=O)cccc5[nH]4)cc3)c2c1,7.978810701
CN1CCN(Cc2ccc3c4c(c(=O)[nH]c3c2)CCCN4)CC1,8.522878745
CC(C)N1CCN(CC(=O)Nc2cnc3c(c2)nc(O)c2ccccc23)CC1.Cl,8.823908741
Cc1cc(C)cc(COC(=O)N2CCN(Cc3c(O)cc(O)c4c(=O)cc(-c5ccc(O)cc5)oc34)CC2)c1,8.525783736
CC[C@@H]1CN(C(=O)c2cc(Cn3c(=O)[nH]c(=O)c4ccccc43)ccc2F)CCN1C(=O)C(F)(F)F,9.22184875
O=C(O)CCCC(=O)N1CCc2cccc3c2C1CNC3=O,8.920818754
CN1CCCN(C(=O)c2cc3[nH]c(=O)c4ccccc4c3n2C)CC1,7.284665316
C=CCN1CCCC(C(=O)N2CCN(C(=O)CCc3nc4ccccc4c(=O)[nH]3)CC2)C1,8.645891561
O=C(c1cc(Cc2n[nH]c(=O)c3ccccc23)cc(F)c1F)N1CCN(Cc2ccccc2)CC1,8.494850022
O=c1[nH]c(N2CCC3(CC2)OCc2ccccc23)nc2c1CCCC2,7.251811973
O=C1NC(=O)c2c1c1c(c3sc4ccccc4c23)CCC1,6.966576245
CNCc1ccc(-n2cc3cccc(C(N)=O)c3n2)cc1C(F)(F)F,8.657577319
O=C1NC(=O)/C(=C/c2cn(Cc3cccc(C(F)(F)F)c3)c3ccccc23)S1,8.698970004
CNC(=O)c1ccc(N2CCN(CCCc3cc4c(N)cc(F)cc4c(=O)[nH]3)CC2)cc1,8.119987162
O=C(Cn1cncn1)c1ccc2[nH]c3c4c(c5c(c3c2c1)C(=O)NC5=O)CCC4,7.978810701
Cc1ccc(C(=O)N2CCN(C(=O)c3cc(Cc4n[nH]c(=O)c5ccccc45)ccc3F)CC2)cc1I,8.419987887
NC(=O)c1cccc2[nH]c(C(=O)N3CCC(N)CC3)nc12,7.537602002
NC(=O)c1cccc(NC(=O)/C=C\C(=O)N2CCN(c3ccc(Cl)cc3)CC2)c1,8.453457337
O=C(c1cc(Cc2n[nH]c(=O)c3ccccc23)ccc1F)N1CCn2cnnc2C1,7.710009934
COc1cc(O)cc(C)c1-c1cc(O)cc2cc3c(c(O)c12)C(=O)c1c(O)cc(O)cc1C3(C)C,7.0
Cc1ccc(S(=O)(=O)N2CCN(CC3=Nc4cccc5c(=O)[nH]nc(c45)N3)CC2)cc1,5.0
CC(C)(O)c1ccc(-c2nc3ccccc3c(=O)[nH]2)cc1,9.698970004
CC(C)C(=O)NCc1nc(-c2ccc3[nH]c4c5c(c6c(c4c3c2)C(=O)NC6=O)CCC5)cs1,8.569924944
O=C1NC(=O)c2c1c1c(c3[nH]c4ccc(-c5csc(-c6ccno6)n5)cc4c23)CCC1,7.057000407
Cc1ccc(Cn2cc(/C=C3\SC(=O)NC3=O)c3ccccc32)cc1,8.455931956
O=C(O)CCC(=O)c1ccc2[nH]c3c4c(c5c(c3c2c1)C(=O)NC5=O)CCC4,9.22184875
CN(Cc1ccncc1)C(=O)c1ccc2[nH]c3c4c(c5c(c3c2c1)CNC5=O)CCC4,8.455931956
CCCCN1CCN(C(=O)c2cc(Cc3n[nH]c(=O)c4ccccc34)cc(F)c2F)CC1,8.795880017
C[N+](C)(C)CC(=O)Nc1ccc2nc(O)c3ccccc3c2c1.[Cl-],8.638272164
O=c1[nH]c2c(nc3ccc(Br)cn32)c2ccccc12,8.0
O=C1NCCn2c(-c3ccc(N4CCNCC4)cc3)nc3cncc1c32,8.494850022
CC1CC2=NNC(=O)c3cccc4[nH]c(c2c34)C1,8.236572006
CCCOc1cc(CN2CCOCC2)cc2[nH]c(=O)c3c(c12)NCCC3,6.823908741
CC(=O)Nc1ccc(COc2ccc(-c3ccc(-c4nc5c(C(=O)O)cc(C)cc5[nH]4)cc3)cc2)cc1,9.677780705
COc1cc(O)c(Cl)c(C)c1-c1cc(O)cc2cc3c(c(O)c12)C(=O)c1c(O)cc(O)cc1C3(C)C,9.482804102
CCCN1CCC(c2nc3c(C(N)=O)c(F)ccc3[nH]2)CC1,7.090000276
CNc1nc(-c2ccc3[nH]c4c5c(c6c(c4c3c2)C(=O)NC6=O)CCC5)cs1,7.795880017
O=C(CCc1nc2ccccc2c(=O)[nH]1)N1CCN(C(=O)C2CCCNC2)CC1,6.490797478
Cl.NCCNC(=O)CCC(=O)c1ccc2[nH]c3c4c(c5c(c3c2c1)C(=O)NC5=O)CCC4,7.721246399
NC(=O)c1cccc2c1O/C(=C\c1cccc(OCCN3CCCCC3)c1)C2=O,8.045757491
O=C(OCc1ccccc1)N1CCN(Cc2c(O)cc(O)c3c(=O)cc(-c4ccc(O)cc4)oc23)CC1,10.22184875
Cc1c(C(=O)NCCN2CCOCC2)sc2c1[nH]c(=O)c1ccccc12,8.769551079
CC1c2nnc(C(F)(F)F)n2C(C)(C)CN1C(=O)c1cc(Cc2n[nH]c(=O)c3ccccc23)ccc1F,8.301029996
O=C(O)C(F)(F)F.Oc1nc2ccc(N3C[C@H]4C[C@@H]3CN4)nc2c2ccccc12,7.698970004
O=c1cc(-c2cccc(-c3c(O)cc(O)c4c(=O)cc(-c5ccc(O)c(O)c5)oc34)c2)oc2cc(O)cc(O)c12,8.602059991
O=C(Nc1cc(Cn2c(=O)[nH]c(=O)c3ccccc32)cnc1F)[C@H]1CCN(c2ccccc2)C1,8.033389013
NC(=O)c1cc(F)cc2[nH]c(C(=O)N3CCC(NC4CCCCC4)C3)nc12,10.39794001
O=C(c1cc(Cc2n[nH]c(=O)c3ccccc23)ccc1F)N1CCN(C(=O)C2CCCC2)CC1,7.657577319
O=C(c1ccc(F)cc1)C1CCN(CC(=O)N(Cc2nc3c(c(=O)[nH]2)COCC3)CC(F)F)CC1,6.0
O=C(c1ccc2[nH]c(=O)c3c(c2c1)CCSC3)N1CCN(CCc2ccccc2)CC1,7.729088361
O=c1[nH]nc2c3c(cccc13)N=C(CN1CCc3ccccc3C1)N2,8.130181792
COc1cc(O)c(Cl)c(C)c1-c1cc(O)c(Br)c2cc3c(c(O)c12)C(=O)c1c(O)cc(O)cc1C3(C)C,8.718966633
O=C(c1cc(Cc2n[nH]c(=O)c3ccccc23)cc(F)c1F)N1CCN(C(=O)N2CCOCC2)CC1,8.853871964
NC(=O)c1cccc2c1O/C(=C\c1ccc(C(=O)N3CCN(c4cnccn4)CC3)cc1)C2=O,7.698970004
O=C1NC(=O)c2cccc3cccc1c23,9.698970004
Oc1nc(CCCN2CC=C(c3ccc(C(F)(F)F)cc3)CC2)nc2ccccc12,8.619788758
C[C@]1(c2nc3c(C(N)=O)cccc3[nH]2)CCCN1,9.283996656
O=C1NCCc2c1ccc1[nH]cc(CCNC(=O)C3CCNCC3)c21,7.732922183
Cc1c(Cc2ccc(F)c(C(=O)N3CCN(C(=O)[C@]4(Cc5ccc(F)cc5)CCCN4)CC3)c2)n[nH]c(=O)c1C,8.045757491
CCN(CC)CCN(CC)Cc1ccc2c(c1)-c1n[nH]c(=O)c3cccc(c13)O2,8.179995693
CCN(CC)CCn1c2c3c4c(cccc41)C(=O)NN=C3CCC2,5.627087997
CCC(=O)N1CCN(C(=O)c2nc3c(C(N)=O)cccc3[nH]2)CC1,10.32790214
Cc1c(Cc2ccc(F)c(C(=O)N3CCN(C(=O)C(C)(C)N(C)C)CC3)c2)n[nH]c(=O)c1C,6.152427341
Cc1ccc2nc[nH]c(=O)c2c1,9.494850022
O=C(O)c1ccc2[nH]c3c4c(c5c(c3c2c1)CNC5=O)CCC4,7.853871964
CCN1CCCC(Oc2ccc3[nH]c(=O)c4c(c3c2)CCSC4)C1,7.301029996
CN(C)CC(=O)NCCc1c[nH]c2ccc3c(c12)CCNC3=O,8.292429824
COc1ccnc(N2CCN(C(=O)c3ccc(/C=C4\Oc5c(C(N)=O)cccc5C4=O)cc3)CC2)n1,6.519993057
O=C(O)C(F)(F)F.Oc1nc2c(c3ccccc13)CCNC2,7.935542011
CN(C)C(=O)N1CCN(C(=O)c2cc(Cc3c[nH]c(=O)c4cc(Cl)c(Cl)n34)ccc2F)CC1,8.602059991
COc1cc(CN(C)C)cc2[nH]c(=O)c3c(c12)NCCC3,9.0
CCCCN1CCC(c2nc3cncc4c3n2CCNC4=O)CC1,8.886056648
Oc1nc2ccccc2c2ccncc12,9.522878745
COc1ccc(Cl)cc1/C=C/c1nnc(-c2cc(C)cc3c(=O)c4ccccc4c(=O)[nH]c23)o1,8.180456064
CC(C)(C)OC(=O)N1CCC2(CC1)CCN(C(=O)c1cc(Cc3n[nH]c(=O)c4ccccc34)ccc1F)CC2,9.30980392
O=C(CCc1nc2ccccc2c(=O)[nH]1)N[C@H]1CCc2ccccc21,8.522878745
O=C(c1cc2[nH]c(=O)c3ccccc3n2n1)N1CCCNCC1,7.522878745
O=c1[nH]c2c(c(-c3ccccc3)nn2-c2ccccc2)c2c1CCC2,6.970616222
COc1cc(C[N+](C)(C)C2CCCC2)cc2[nH]c(=O)c3c(c12)NCCC3,8.346787486
O=C1NCC2c3c(cccc31)CCN2C(=O)Nc1ccccc1,8.958607315
O=C(NCCc1ccccc1)c1ccc2c(c1)nc(O)c1cc(F)ccc12,9.619788758
O=c1cc(-c2cccc(-c3c(O)cc(O)c4c(=O)cc(-c5cccs5)oc34)c2)oc2cc(O)cc(O)c12,9.15490196
Cc1ccc(-c2cc3cnccc3c(=O)[nH]2)cc1,8.537602002
O=C1NC(=O)c2c1c1c(c3[nH]c4ccccc4c23)CCC1,7.823908741
CCOC(=O)CCC(=O)Nc1nc(-c2ccccc2)cs1,9.050609993
COc1ccc(C(=O)C2CCN(CC(=O)N(Cc3nc4c(c(=O)[nH]3)COCC4)CC3CC3)CC2)cc1,7.805402415
Cn1c(C(=O)N2CCCNCC2)c(Cl)c2[nH]c(=O)c3ccccc3c21,7.818156412
NC(=O)c1cccc2cn(-c3ccc(C(=O)Nc4ccncc4)cc3)nc12,8.958607315
CCN(CC)Cc1cc(OC)c2c3c(c(=O)[nH]c2c1)CCCN3,8.26760624
NC(=O)c1cc(N)cc2c1OCC2,9.200659451
CCCN1CCC(Oc2ccc3[nH]c(=O)c4c(c3c2)NCCC4)CC1,8.920818754
NC(=O)c1cccc2[nH]c(C(=O)NC3CCNCC3)nc12,6.119186408
Oc1nnc(CCCCN2CCOCC2)c2ccccc12,7.823908741
O=C(c1cc(Cc2n[nH]c(=O)c3ccccc23)cc(F)c1F)N1CCN(c2ccc(F)cc2)CC1,6.26760624
COc1cc(CN2CCC(=O)CC2)cc2[nH]c(=O)c3c(c12)NCCC3,8.657577319
O=C1NCCn2c(CCc3ccccc3)nc3cccc1c32,5.790484985
NC(=O)c1cccc2c1C(=O)N(C1CCN(C3CCOCC3)CC1)C2,8.455931956
CCCCNCc1ccc(-c2[nH]c3cccc4c3c2C(=O)NNC4=O)cc1,8.22184875
O=C1C=CC(=O)N1c1cccc(Cc2nnc(O)c3ccccc23)c1,7.838631998
COc1ccccc1N1CCN(c2nc3c(c(=O)[nH]2)CSCC3)CC1,8.823908741
O=[N+]([O-])c1ccc2c(c1)nc(O)c1cc([N+](=O)[O-])ccc12,6.507239611
CN1CCCc2c1c1cc(OCCN3CCCCC3)ccc1[nH]c2=O,9.669586227
CN1CCCc2c1cc(-c1ccc(Br)cc1)[nH]c2=O,6.638272164
CN(C)CC/C=C1\c2ccccc2COc2ccc(CC(=O)NN)cc21,7.522878745
O=C(CCC(=O)N1CCCCC1)c1ccc2[nH]c3c4c(c5c(c3c2c1)C(=O)NC5=O)CCC4,9.148741651
O=C(c1ccc(F)cc1)C1CCN(CC(=O)N(Cc2nc3c(c(=O)[nH]2)COCC3)CC(F)(F)F)CC1,8.698970004
CN(C)CCCNC(=O)c1cc2[nH]c(=O)c3ccccc3c2n1C,8.886056648
CCC(CC)N1CCC(NC(=O)c2nc3c(C(N)=O)cc(F)cc3[nH]2)CC1,8.124938737
O=c1[nH]c(SCCN2CCN(CCSc3nc4ccccc4c(=O)[nH]3)CC2)nc2ccccc12,9.301029996
CCCN1CCN(C(=O)c2cc(Cn3c(=O)[nH]c(=O)c4ccccc43)ccc2F)C[C@H]1C,9.173925197
O=c1[nH]c2ccc(OCCN3CCNCC3)cc2c2c1CCCN2,9.853871964
O=C(Nc1cccc(Cc2n[nH]c(=O)c3ccccc23)c1)c1ccc(-c2ccsc2)s1,7.106793247
NC(=O)c1ccccc1,5.113509275
CC(C)(C)c1ccc(-c2nc3ccccc3c(=O)[nH]2)cc1,9.698970004
NC(=O)c1cccc2c1C(=O)N(CCN1CCc3ccccc3C1)C2,7.920818754
O=c1[nH]nc2c3c(cccc13)N=C(CNC1CN3CCC1CC3)N2,7.935542011
NC(=O)c1ccc(F)c2c1C(=O)N(C1CCN(C3CCC(F)(F)CC3)CC1)C2,7.522878745
O=c1[nH]c(CCCCN2CC=C(c3ccc(F)cc3)CC2)nc2c(Cl)cccc12,8.013228266
COc1cccc2c(O)nc(-c3ccccc3)nc12,7.080921908
Cn1c(C(=O)N2CCCNCC2)cc2[nH]c(=O)c3ccccc3c21,6.669586227
O=[N+]([O-])c1ccc2c(c1)Cc1c-2nc(O)c2ccccc12,7.190440285
COCCN(C)Cc1ccc2c3c(c(=O)[nH]c2c1)CCCN3,8.744727495
NC(=O)c1cccc2c1C(=O)N(CC1CCN(Cc3ccccc3)CC1)C2,8.13076828
O=C(CCn1c2c(c(=O)[nH]c1=O)CSCC2)NCC(=O)N1CCN(c2ncccn2)CC1,4.595166283
O=C(CCN1CCCCC1)N1CCc2nc(O)c3ccccc3c2C1,9.387216143
O=C(c1cc(Oc2n[nH]c(=O)c3ccccc23)ccc1F)N1CCN(C(=O)N2CCCCC2)CC1,7.603800653
O=c1[nH]nc2c3c(cccc13)N=C(CN1CCN(c3ccc(F)cc3)CC1)N2,7.026872146
CN(C)Cc1ccc2[nH]c(=O)c3c(c2c1)NCCC3,8.04769199
CC(=O)Nc1ccccc1COc1ccc(-c2ccc(-c3nc4c(C(=O)O)cc(C)cc4[nH]3)cc2)cc1,8.540607512
NC(=O)c1cccc2cn(-c3ccc(C(=O)NCCN4CCCCC4)cc3)nc12,6.167491087
CC(C)N(Cc1nc2c(c(=O)[nH]1)COCC2)C(=O)CN1CCC(C(=O)c2ccc(F)cc2)CC1,8.124938737
Cc1c(Cc2ccc(F)c(C(=O)N3CCN(C(=O)C4(Cc5ccccc5)CCCN4)CC3)c2)n[nH]c(=O)c1C,6.769551079
COC1CCN(C(=O)c2ccc(-c3ccc4c(Cl)cc(C(N)=O)n4n3)c(F)c2)C1,6.119999757
N#Cc1cccc(-c2[nH]c(=O)c3cc(F)ccc3c2OCCN)c1,7.886056648
CNC(=O)c1ccc(N2CCN(Cc3cc4c(c(OC)c3)OC(C)C(=O)N4)CC2)cc1,9.214670165
CC(c1ccc2c3c(c(=O)[nH]c2c1)CCCN3)N(C)C,9.259637311
Cc1c(Cc2ccc(F)c(C(=O)N3CCN(C(=O)C4(C)CCCO4)CC3)c2)n[nH]c(=O)c1C,6.073657553
CC(C)CC1NCCc2cc(-c3nc4c(C(N)=O)cc(F)cc4[nH]3)sc21,6.004364805
O=c1[nH]c2c(nc3ccccn32)c2ccccc12,8.346787486
CC(=O)Nc1nc(-c2ccc3[nH]c4c5c(c6c(c4c3c2)C(=O)NC6=O)CCC5)cs1,7.987162775
O=C(c1cc(Cc2c[nH]c(=O)c3cc(Cl)c(Cl)n23)ccc1F)N1CCCNCC1,8.552841969
C=CCOC(=O)N1CCCC(C(=O)N2CCN(C(=O)CCc3nc4ccccc4c(=O)[nH]3)CC2)C1,8.698970004
O=C([C@@H]1CCCN1)N1CCc2c(nc(O)c3ccccc23)C1,7.26760624
O=c1[nH]cnc2c(Cl)cccc12,9.278189385
O=C1Nc2ccccc2C12CCN(c1nc3c(c(=O)[nH]1)CCCC3)CC2,8.095825632
CCCNC1CCN(C(=O)c2nc3c(C(N)=O)cccc3[nH]2)C1,9.292429824
O=c1[nH]nc2c3c(cccc13)N=C(CN1CCC(O)CC1)N2,6.338187314
O=c1[nH]c(-c2ccc(Br)cc2)nc2ccccc12,10.39794001
CC(C)NCCc1c[nH]c2ccc3c(c12)CCNC3=O,8.568636236
CCOc1cc(CN2CCOCC2)cc2[nH]c(=O)c3c(c12)NCCC3,9.590066877
Cc1ccc(-c2nc3ccccc3c(=O)[nH]2)cc1,9.397940009
CN1CCCc2c1cc(-c1ccc(C(F)(F)F)cc1)[nH]c2=O,7.455931956
O=c1cc(-c2ccc(O)cc2)oc2c(CN3CCN(c4ccc(C(F)(F)F)cc4)CC3)c(O)cc(O)c12,8.795880017
O=C(c1ccc2[nH]c(=O)c3c(c2c1)CCSC3)N1CCN(c2ccncc2)CC1,8.568636236
O=c1cc(-c2ccc(O)cc2)oc2c(CN3CCN(c4ccc(Cl)cc4)CC3)c(O)cc(O)c12,9.397940009
NC(=O)c1cccc2[nH]c(C(=O)NC3CCN(CC(F)(F)F)CC3)nc12,8.619788758
CC1(C(=O)N2CCC3=C(C2)Nc2cccc4c(=O)[nH]nc3c24)CC1,9.677780705
NC(=O)c1cccc2c1O/C(=C\c1ccc(C(=O)N3CCN(c4ncccn4)CC3)cc1)C2=O,9.292429824
CN(C)Cc1ccc(-c2ccc3ccn(C(N)=O)c3n2)cc1,8.823908741
O=c1[nH]c2cc(-c3ccc(F)cc3)nn2c2ccccc12,7.397940009
CC1(C)OC(=O)N([C@H]2CC[C@H](c3cnc(N)c(C#N)c3)CC2)[C@H]1c1ccccc1,7.537602002
O=c1[nH]c(-c2ccc(C(F)(F)F)cc2)nc2c1COCC2,8.958607315
CC(C)(C)C(=O)N1CCN(C(=O)c2cc(Cc3c[nH]c(=O)c4cc(Cl)c(Cl)n34)ccc2F)CC1,9.677780705
O=C(c1csc(Cc2n[nH]c(=O)c3ccccc23)c1)N1CCN(C(=O)c2ccccn2)CC1,9.721246399
O=C(CCN1CCCCC1)N1CCc2[nH]c(=O)c3cc(F)ccc3c2C1,9.0
O=C1NCCn2c(-c3ccc(OCc4cn(CCF)nn4)cc3)nc3cccc1c32,9.48148606
COc1ccc(Cl)cc1/C=C/c1nnc(-c2cccc3c(=O)c4ccccc4c(=O)[nH]c23)o1,8.744727495
O=C1NCC2c3c(cccc31)CCN2C(=O)Cc1ccccc1,6.086186148
CN1CCCCC1C(=O)Nc1ccc(-n2cc3cccc(C(N)=O)c3n2)cc1,6.776504059
COc1ccc(-c2nc(O)c3ccccc3n2)cc1,8.0
CN1CCCN(C(=O)c2cc(Cc3nnc(O)c4ccccc34)ccc2F)CC1,9.283996656
O=C(CCn1c2c(c(=O)[nH]c1=O)CSCC2)NCC(=O)c1ccc2ccccc2c1,8.107905397
COc1ccc(-c2cc3c(N)cccc3c(=O)[nH]2)cc1,7.301029996
O=C1NC(CCCN2CC=C(c3ccccc3)CC2)=NC2CCCC12,7.960585881
O=c1[nH]nc2c3c(cccc13)N=C(CNCc1ccc(Cl)c(Cl)c1)N2,7.744727495
COc1cc(CN2CCN(c3ccc(C(=O)NC4CC4)cc3)CC2)cc2c1OC(C)C(=O)N2,6.343614281
O=c1[nH]nc2c3c(cccc13)Oc1ccc(CN3CCC(O)C3)cc1-2,8.769551079
Cn1nccc1C1Nc2cc(F)cc3c(=O)[nH]nc(c23)C1c1ncnn1C,8.612432221
NC(=O)c1cccc2c1O/C(=C\c1ccc(C(=O)N3CCC(c4ncccn4)CC3)cc1)C2=O,9.527243551
CCOc1ncc(C(N)=O)c2nc(C3CCN(C(=O)c4cc(Cc5n[nH]c(=O)c6ccccc56)ccc4F)CC3)[nH]c12,7.320000084
NC(=O)n1ccc2ccc(-c3ccc(F)c(C(=O)N4CCN(C(=O)C5CC5)CC4)c3)nc21,8.920818754
O=C(CN1CCOCC1)NCCc1c[nH]c2ccc3c(c12)CCNC3=O,8.522878745
C[C@H](c1ccc(F)cc1)N(Cc1nc2c(c(=O)[nH]1)COCC2)C(=O)CN1CCC(C(=O)c2ccc(F)cc2)CC1,9.019996628
NC(=O)c1ccc(Oc2cccc(C(=O)N3CCN(c4ccc(F)cc4)CC3)c2)cc1,7.552841969
Cc1c(CC(=O)N2CCc3cccc4c3C2CNC4=O)sc2ccccc12,7.0
CCc1ccc2cccc(C(N)=O)c2n1,8.823908741
O=c1[nH]nc2c3c(cccc13)N=C(CNCc1cccc(C(F)(F)F)c1)N2,10.7212464
COc1ccc(C(=O)C2CCN([C@H]3CCN(Cc4nc5c(c(=O)[nH]4)COCC5)C3=O)CC2)cc1C,7.607303047
O=C(c1cc(Cc2n[nH]c(=O)c3ccccc23)ccc1F)N1CCn2c(nnc2C2CC2)C1,9.075204004
CC(C)(C)OC(=O)N1CC[C@H](C(=O)Nc2cncc(Cn3c(=O)[nH]c(=O)c4ccccc43)c2)C1,8.091514981
O=c1cc(-c2ccc(O)cc2)oc2c(CN3CC=C(c4ccccc4)CC3)c(O)cc(O)c12,10.69897
COc1ccc(C(=O)C2CCN(CC(=O)NCc3nc4c(c(=O)[nH]3)COCC4)CC2)cc1,7.113509275
O=c1[nH]c2ccc(OC3CCCNC3)cc2c2c1CSCC2,6.987162775
CCN1CCCC12CCN(C(=O)c1cc(Cc3n[nH]c(=O)c(C)c3C)ccc1F)CC2,8.962573502
NC(=O)c1cccc2[nH]c(C(=O)NC3CCN(C4CCNCC4)CC3)nc12,9.455931956
O=C(c1cccc(Cl)c1)N1CCCN(CC2=Nc3cccc4c(=O)[nH]nc(c34)N2)CC1,8.400007822
COc1ccc(-c2[nH]c(=O)c3cc(F)ccc3c2OCCN)cc1F,8.978810701
Nc1cccc2c(=O)[nH]ccc12,9.420216403
O=C(NCc1nnc(-c2cccc3c(=O)c4ccccc4c(=O)[nH]c23)o1)c1ccccc1,8.568636236
O=c1[nH]nc2c3c(cccc13)N=C(CNCCc1cccc(C(F)(F)F)c1)N2,7.638272164
Cc1cc(Cc2ccc(F)c(C(=O)N3Cc4nnc(C(F)(F)F)n4C(C)C3)c2)n[nH]c1=O,8.301029996
NC(=O)c1cc(F)cc2[nH]c(-c3cc4c(o3)CNCC4)nc12,7.431798276
O=C(c1cc(Cc2n[nH]c(=O)c3ccccc23)ccc1F)N1CCc2c(nc(-c3cccc4[nH]ncc34)nc2N2CCOCC2)C1,7.744727495
NC(=O)c1cccc2cn(-c3ccc4c(c3)CNCC4)nc12,7.54668166
O=C(c1ccc2[nH]c(=O)c3c(c2c1)CCSC3)N1CCN(Cc2ccccc2)CC1,8.619788758
O=C1CCC(=O)N1c1cc(Cc2n[nH]c(=O)c3ccccc23)ccc1F,8.045757491
COc1cccc2c(O)nc(-c3ccc(N)cc3)nc12,6.522878745
Nc1ccc(S(=O)(=O)N2CCN(CC3=Nc4cccc5c(=O)[nH]nc(c45)N3)CC2)cc1,7.602059991
Cc1ccc2nc3n(c2c1)CCN(C(=O)c1cc(Cc2n[nH]c(=O)c4ccccc24)ccc1F)C3,9.346787486
NC(=O)c1cccc2cc(-c3ccccc3)c[n+]([O-])c12,8.823908741
CC[C@@H]1C(=O)N(C)c2cnc(N(C)c3ccc(-c4nc5c(C(N)=O)cccc5[nH]4)cc3OC)nc2N1C1CCCC1,7.522878745
O=C(CCn1c2c(c(=O)[nH]c1=O)CSCC2)NCC(=O)c1ccc(Oc2ccccc2)cc1,6.41453927
O=c1[nH]c(CCCN2CC=C(c3ccccc3)CC2)nc2ccccc12,5.982966661
O=C(CCn1nc(-c2ccccc2)c2ccccc2c1=O)Nc1cccc(Cl)c1,7.460923901
NC(=O)c1cccc2c1O/C(=C\c1ccc(C(=O)NCCCc3nc4ccccc4[nH]3)cc1)C2=O,9.301029996
COc1cc(CN2CC=CC2)cc2[nH]c(=O)c3c(c12)NCCC3,7.958607315
NC(=O)c1ccccc1OCc1cccc(C(=O)N2CCN(C(=O)C3CCCC3)CC2)c1,8.091514981
CC[C@@H]1C(=O)N(C)c2cnc(Nc3ccc(-c4nc5c(C(N)=O)cccc5[nH]4)cc3OC3CCCC3)nc2N1C1CCCC1,7.494850022
O=C(c1cc(Cc2n[nH]c(=O)c3ccccc23)ccc1F)N1CCC2(CCNCC2)C1,8.795880017
CC12CCCN1Cc1[nH]c3cc(F)cc4c3c1C2=NNC4=O,8.886056648
COc1ccc(C(=O)C2CCN(C3CCN(Cc4nc(C)c(C)c(=O)[nH]4)C3=O)CC2)cc1,9.148741651
CNCc1ccc(-c2[nH]c3cccc4c3c2C(=O)NNC4=O)cc1,8.899629455
CC(C)CC1NCCc2cc(-c3cnn4c(C(N)=O)cc(Cl)c4c3)sc21,4.874518734
CN1CCCC(Oc2ccc3[nH]c(=O)c4c(c3c2)CCSC4)C1,7.297569464
NC(=O)n1ccc2ccc(-c3ccc[nH]3)nc21,8.853871964
CN1CCc2sc(-c3nc4c(C(N)=O)cccc4[nH]3)cc2C1,7.557520231
O=c1[nH]c(C2=CC(N3CCN(c4ccc(F)cc4)CC3)CC2)nc2c(Cl)cccc12,7.924453039
CCCN1CCN(C(=O)c2ccc3[nH]c(=O)c4c(c3c2)CCSC4)CC1,7.853871964
CN(C(=O)c1cc(Cc2n[nH]c(=O)c3ccccc23)ccc1F)C1CC(=O)c2ccccc21,9.474955193
CC1(C)OC(=O)N([C@H]2CC[C@H](NC(=O)c3ccnc4cc(F)cnc34)CC2)[C@H]1c1ccccc1,7.694863681
O=C1CN(Cc2ccc3c(c2)-c2n[nH]c(=O)c4cccc(c24)O3)CCN1,8.301029996
COc1ccc(-c2cnc3c(C(N)=O)cccc3c2)cc1,7.100726813
O=C1NCCc2c1ccc1[nH]cc(CCNC(=O)C3CCN(c4ccncc4)CC3)c21,7.721246399
Cn1nnc(-c2ccc(/C=C3\Oc4c(C(N)=O)cccc4C3=O)cc2)n1,9.969805215
NC(=O)c1cccc2c1O/C(=C\c1ccc(CN3CCN(c4ncccn4)CC3)cc1)C2=O,6.978810701
NC(=O)c1ccccc1OCCc1ccc(F)c(C(=O)N2CCNCC2)c1,10.22184875
COc1cc(CN(C)CCF)cc2[nH]c(=O)c3c(c12)NCCC3,8.236572006
CC(C)(C)OC(=O)N1CC2(CCN(C(=O)c3cc(Cc4n[nH]c(=O)c5ccccc45)ccc3F)C2)C1,7.021819483
CCN1CCCN(C(=O)c2cc(Cc3nnc(O)c4ccccc34)ccc2F)CC1,9.657577319
O=c1[nH]c2cc(-c3cccc(F)c3)nn2c2ccccc12,9.0
O=C(COc1ccc(I)cc1)N1CCN(C(=O)c2cc(Cc3n[nH]c(=O)c4ccccc34)ccc2F)CC1,8.657577319
Cc1nn(C(C)(C)C)c2[nH]c(=O)c3c(c12)CSC3,7.677780705
NC(=O)c1cccc2c1O/C(=C\c1ccc(C(=O)NCCc3nc4ccccc4[nH]3)cc1)C2=O,7.920818754
N#Cc1ccc2[nH]c3c4c(c5c(c3c2c1)CNC5=O)CCC4,9.853871964
CCCN1CCC(NC(=O)c2nc3c(C(N)=O)cccc3[nH]2)CC1,8.22184875
O=c1[nH]c(-c2ccc(Cl)cc2)nc2ccccc12,7.027797162
Cc1cccc2c(O)nc(-c3ccccc3)nc12,7.099632871
COc1cccc2c(Nc3ccc(-c4nc5c(C(N)=O)cccc5[nH]4)cc3)c3ccccc3nc12,7.522878745
C#CCOc1ccc(-c2nc3cccc4c3n2CCNC4=O)cc1,7.346787486
Cc1ccc(C(=O)C2CCN(CC(=O)NCc3nc4c(c(=O)[nH]3)COCC4)CC2)cc1,9.045757491
CCNC(=O)c1cccc(Cc2n[nH]c(=O)c3ccccc23)c1,6.468521083
CNCc1ccc(-c2nc3c(C(N)=O)cc(F)cc3[nH]2)s1,5.828273546
CCN(CC)CC(=O)c1ccc2[nH]c3c4c(c5c(c3c2c1)C(=O)NC5=O)CCC4,7.0
CC(C)(C)C(=O)N1CC2=NNC(=O)c3cccc4[nH]c(c2c34)C1,7.619788758
O=C(c1cc(Cc2n[nH]c(=O)c3ccccc23)ccc1F)N1CCCNCC1,7.080921908
CC(=O)NCc1nc(-c2ccc3[nH]c4c5c(c6c(c4c3c2)C(=O)NC6=O)CCC5)cs1,5.107905397
N#Cc1cccnc1N1CCN(C(=O)c2cc(Cc3n[nH]c(=O)c4ccccc34)cc(F)c2F)CC1,7.657577319
O=c1[nH]c(C2=C[C@H](N3CCC(c4ccc(F)cc4)CC3)CC2)nc2c(Cl)cccc12,9.22184875
O=c1cc(-c2ccc(O)cc2)oc2c(CN3CCN(CC4CCCCC4)CC3)c(O)cc(O)c12,8.721246399
O=C(c1cc(Cc2n[nH]c(=O)c3ccccc23)ccc1F)N1CCC12CCCCC2,7.30980392
CN1CCC[C@@H](C(=O)Nc2ccc(-n3cc4cccc(C(N)=O)c4n3)cc2)C1,8.443697499
CC(C)(C)OC(=O)N1CCN(C(=O)c2nc3c(C(N)=O)cccc3[nH]2)CC1,8.443697499
O=C(c1cc(Cc2n[nH]c(=O)c3ccccc23)ccc1F)N1CCc2c(nc(-c3cccc4[nH]ccc34)nc2N2CCOCC2)C1,7.450996738
CCNC(=O)NCc1nc(-c2ccc3[nH]c4c5c(c6c(c4c3c2)C(=O)NC6=O)CCC5)cs1,8.096910013
Cc1c(C(=O)N2CCN(C(=O)CCc3nc4ccccc4c(=O)[nH]3)CC2)oc2ccccc12,7.045757491
CC(=O)NNc1cc2c3c(n[nH]c(=O)c3c1)C1=C(CCCCC1)N2,7.769551079
CN1CCN(C(=O)c2cnn3c2[nH]c(=O)c2ccccc23)CC1,8.823908741
O=C(NC1CC(=O)c2ccccc21)c1cc(Cc2n[nH]c(=O)c3ccccc23)ccc1F,9.22184875
O=C1NC(CCCN2CC=C(c3ccccc3)CC2)=NC2CCCCCC12,6.537602002
COc1cccc(N2CCN(c3nc4c(c(=O)[nH]3)CCCC4)CC2)c1,8.234331445
NC(=O)c1cccc2cn(-c3ccc(C(=O)NCCN4CCOCC4)cc3)nc12,9.920818754
O=C(c1cc(Cc2n[nH]c(=O)c3ccccc23)ccc1F)N1CCN(c2nc(-c3ccc4[nH]ccc4c3)nc(N3CCOCC3)n2)CC1,10.16001944
COc1ccc(C(=O)C2CCN([C@@H]3CCN(CC(=O)Nc4nnc5n4CCS5)C3=O)CC2)cc1,9.060480747
COc1cccc2c(O)nc(CCCN3CC=C(c4ccccc4)CC3)nc12,9.0
CN1CCC(C(=O)NCCc2c[nH]c3ccc4c(c23)CCNC4=O)CC1,8.744727495
CNC1(C(=O)N2CCN(C(=O)c3cc(Cc4n[nH]c(=O)c(C)c4C)ccc3F)CC2)CC1,10.0
O=C1NCCc2c1ccc1[nH]cc(CCNCc3cocn3)c21,8.853871964
CN1CCN(CC(=O)N2CCc3cccc4c3C2CNC4=O)CC1,9.301029996
CN1CCCN(C(=O)c2cc3c(n2C)-c2ccccc2C(=O)NC3)CC1,8.752026734
CC(C)(C)OC(=O)N1CCN(C(=O)CCC(=O)c2ccc3[nH]c4c5c(c6c(c4c3c2)C(=O)NC6=O)CCC5)CC1,7.447331784
Nc1cccc2c(=O)[nH]c(-c3ccc(Cl)cc3)cc12,8.853871964
O=C(c1cnn2c1[nH]c(=O)c1ccccc12)N1CCCNCC1,10.63827216
NC(=O)c1cccc2[nH]c(-c3ccc(-c4ccc(OCCN5CCCCC5)cc4)cc3)nc12,8.180456064
O=C1NCCn2c(-c3ccc(CN4CCCC4)cc3)nc3cncc1c32,8.677780705
CCN1CC2=NNC(=O)c3cc(F)cc4[nH]c(c2c34)C1,8.420216403
COc1ccc(C(=O)C2CCN(C(=O)CCCc3cn4cc(F)cc4c(=O)[nH]3)CC2)cn1,9.244125144
CC(C)(O)c1ccc(-c2nc3ccc(Cl)cc3c(=O)[nH]2)cc1,7.759450752
NC(=O)c1ccc(Oc2cccc(C(=O)N3CCC(c4ccc(F)cc4)CC3)c2)cc1,10.04575749
O=C1NC(CCCN2CC=C(c3ccccc3)CC2)=NC2CCSCC12,6.705533774
Oc1nncc2ccccc12,9.744727495
Cc1nc(-c2ccc3[nH]c4c5c(c6c(c4c3c2)C(=O)NC6=O)CCC5)c(Br)s1,9.22184875
O=C1NCCc2c1ccc1[nH]cc(CCNCc3cccc4cccnc34)c21,8.397940009
Cc1cc(C(N)=O)c2nc(-c3ccc(-c4ccc(C(=O)N5CCCC5)nc4)cc3)[nH]c2c1,9.431798276
O=C1NN=C2CCCc3c2c2c1cccc2n3CCN1CCCC1,9.494850022
NC(=O)c1cncc2[nH]c(C3CCN(C(=O)c4cc(Cc5n[nH]c(=O)c6ccccc56)ccc4F)CC3)nc12,8.314258261
NC(=O)c1cccc2c1O/C(=C\c1ccccc1O)C2=O,7.330683119
CC1(C)OC(=O)N(c2ccc(-c3cnc(N)c(-c4ncccn4)c3)cc2)[C@H]1c1ccccc1,6.387216143
NC(=O)c1cc(Cl)c2ccc(-c3ccc(C(=O)N4CCN(C(=O)C5CC5)CC4)cc3)nn12,8.698970004
CCCN1CCN(C(=O)c2cc(Cc3n[nH]c(=O)c4ccccc34)ccc2F)CC1,8.37675071
NC(=O)n1ccc2ccc(-c3ccc(-c4ccccc4)cc3)nc21,7.528855035
Cc1cc(F)cc2c(=O)[nH]c(-c3ccc(C(C)(C)OCCO)cc3)nc12,7.660528683
Cc1nc2ccccc2c(=O)[nH]1,6.480172006
NC(=O)c1cccc2c1C(=O)N(CCCN1CCCCC1)C2,9.229147988
O=C1NC(=O)c2c1ccc1c2CCC1,9.0
Cc1ccc2c(=O)[nH]nc3c2c1NC1=C3CCCC1,9.443697499
Oc1nc2ccc(NCCN3CCOCC3)nc2c2ccccc12,8.823908741
COc1ccc(S(=O)(=O)N2CCN(CC3=Nc4cccc5c(=O)[nH]nc(c45)N3)CC2)cc1,7.3400838
NC(=O)c1cccc2ccc(-c3ccccc3)nc12,6.657577319
CN1CCC[C@H](C(=O)Nc2ccc(-n3cc4cccc(C(N)=O)c4n3)cc2)C1,8.0
O=C(CCn1c2c(c(=O)[nH]c1=O)CCCCC2)NCC(=O)N1CCN(c2ncccn2)CC1,9.0
Cc1ccc2nc3ccccc3c(Nc3ccc(-c4nc5c(C(N)=O)cccc5[nH]4)cc3)c2c1,6.653647026
O=C1CCCC(=O)N1c1cc(Cc2n[nH]c(=O)c3ccccc23)ccc1F,8.886056648
CC[C@@H]1CN(C(=O)c2cc(Cn3c(=O)[nH]c(=O)c4ccccc43)ccc2F)CCN1C(C)C,7.935542011
COc1cccc2c(O)nc(-c3ccc(C(F)(F)F)cc3)nc12,7.462180905
O=C(C1CC1)N1CC2(CCN2C(=O)c2cc(Cc3n[nH]c(=O)c4ccccc34)ccc2F)C1,8.0
O=S(=O)(NCC(c1ccccc1)c1ccccc1)c1ccc2nc(O)c3ccccc3c2c1,8.397940009
O=c1[nH]c([C@H]2CC[C@H](N3CC=C(c4ccccc4)CC3)CC2)nc2ccccc12,7.180015413
CCc1cnc2c(C(N)=O)cccc2c1,10.0
O=c1[nH]nc2c3c(cccc13)N=C(CN1Cc3ccccc3C1)N2,7.301029996
CCCCN1CC2=NNC(=O)c3cc(F)cc4[nH]c(c2c34)C1,9.823908741
NC(=O)c1cccc2c1O/C(=C\c1ccc(C(=O)N3CCn4c(nnc4C4CC4)C3)cc1)C2=O,8.822752164
O=S(=O)(c1cc2c(cc1F)-c1nc(O)c3ccccc3c1C2)n1ccnc1,7.698970004
NCCOc1c(-c2ccc(Cl)cc2)[nH]c(=O)c2cc(F)ccc12,6.346787486
NC(=O)c1cccc2nn(-c3ccccc3)nc12,9.327902142
CC(C)n1cc2c(n1)CN(C(=O)c1cc(Cc3n[nH]c(=O)c4ccccc34)ccc1F)C2,7.698970004
O=C1C2CC2C(=O)N1c1cc(Cc2nnc(O)c3ccccc23)ccc1F,9.22184875
O=C(c1ccc(F)cc1)C1CCN(CC(=O)N(Cc2nc3c(c(=O)[nH]2)COCC3)Cc2ccc(F)cc2F)CC1,7.650004101
Oc1nc(-c2ccc(C(F)(F)F)cc2)nc2c(O)cccc12,7.853871964
O=C1NCCc2ccc(C(F)(F)F)cc21,8.019996628
CCCC(C)N1CCN(C(=O)c2ccc3[nH]c(=O)c4c(c3c2)CCSC4)CC1,7.562249437
O=C1NN=C2CN(C(=O)C3(c4ccccc4)CC3)Cc3[nH]c4cc(F)cc1c4c32,8.610833916
CCNC(=O)c1ccc(N2CCN(Cc3cc4c(c(OCC)c3)OC(C)C(=O)N4)CC2)c(C)c1,8.259637311
O=C(CCCCCn1c2c(c(=O)[nH]c1=O)CSCC2)NCC(=O)N1CCN(c2ncccn2)CC1,6.970616222
O=C(CCc1nc2ccccc2c(=O)[nH]1)N1CCN(C(=O)c2ccc[nH]2)CC1,9.728158393
NC(=O)c1cccc2c1C(=O)N(C1CCN(Cc3ccccn3)CC1)C2,10.04575749
COc1ccc2c(c1)CCN1C(=O)c3ccccc3C21O,9.698970004
O=c1[nH]nc2c3c(cccc13)N=C(CNCCc1ccncc1)N2,9.508638306
Cc1nn(-c2ccccc2)c2[nH]c(=O)c3c(c12)CSC3,7.958607315
CCNC(=O)c1ccc(N2CCN(Cc3ccc4c(c3)NC(=O)C(C)O4)CC2)c(Cl)c1,10.0
COc1ccc(-c2ccc3cccc(C(N)=O)c3n2)cc1,8.966576245
Cc1cccc2c(O)nc3cc(C(F)(F)F)c(NC(=O)CCl)cc3c12,9.958607315
O=C(c1cc(Cc2n[nH]c(=O)c3ccccc23)ccc1F)N1CCn2c(nnc2C(F)(F)F)C1Cc1ccccc1,7.15490196
O=C1NCCc2c1ccc1[nH]cc(CCNC(=O)N3CCCNCC3)c21,7.297569464
CC(C)(C)OC(=O)Cc1nc(-c2ccc3[nH]c4c5c(c6c(c4c3c2)C(=O)NC6=O)CCC5)cs1,6.543178652
CC(C)CN(Cc1nc2c(c(=O)[nH]1)COCC2)C(=O)CN1CCC(C(=O)c2ccc(F)cc2)CC1,7.353400248
COC(=O)c1ccc2c(c1)nc(O)c1cc(F)ccc12,8.0
Cc1ccc(CN2CCC(N3Cc4cccc(C(N)=O)c4C3=O)CC2)cc1,9.568636236
O=c1cc(-c2ccc(O)cc2)oc2c(CN3CCN(c4ccccc4)CC3)c(O)cc(O)c12,9.679853714
O=C(c1cc(Cc2n[nH]c(=O)c3ccccc23)cc(F)c1F)N1CCN(C(=O)C2CCCO2)CC1,8.568636236
CCOC(=O)C1CCN(Cc2c(O)cc(O)c3c(=O)cc(-c4ccc(O)cc4)oc23)CC1,8.698970004
O=C(NCCN1CCOCC1)c1ccc2c(c1)nc(O)c1cc(F)ccc12,9.694648631
Cc1nn(C)c2[nH]c(=O)c3c(c12)CSC3,9.886056648
O=C1NCC2c3c(cccc31)CCN2S(=O)(=O)Cc1ccccc1,7.777283529
O=c1[nH]c2ccc(OCCN3CCC(c4ccccc4)CC3)cc2c2c1CCCN2,6.698970004
CC1CN(C(=O)c2cc(Cc3n[nH]c(=O)c4ccccc34)ccc2F)Cc2nnc(C(F)(F)F)n21,8.698970004
NC(=O)c1cc(F)cc2[nH]n(C3CCN(C4CCCCC4)CC3)c(=O)c12,8.987162775
O=C(c1cc(Cc2n[nH]c(=O)c3ccccc23)ccc1F)N1CC2C(=O)N(Cc3ccccc3)C(=O)C2C1,8.448550002
O=C1NCC2c3c(cccc31)CCN2C(=O)C1CCNC1,7.619788758
CC(C)N(C)Cc1ccc2c3c(c(=O)[nH]c2c1)CCCN3,8.494850022
CN(C)Cc1ccc2c3c(c(=O)[nH]c2c1)CCCN3,6.441291429
CN(C)CCCc1ccc2[nH]c(=O)c3c(c2c1)NCCC3,9.605548319
CN1CC2=NNC(=O)c3cc(F)cc4[nH]c(c2c34)C1,9.420216403
O=c1[nH]c(CCCN2CCC(c3ccc(F)cc3)CC2)nc2c(Cl)cccc12,8.101274818
CCNC(=O)c1ccc(N2CCN(Cc3cc(C)c4c(c3)NC(=O)C(C)O4)CC2)c(C)c1,9.096910013
O=c1[nH]c(N2CCC(N3CC=C(c4ccccc4)CC3)CC2)nc2ccccc12,6.698970004
COc1cccc(C(N)=O)c1,8.602059991
Cn1nc(-c2cccs2)c2c3c(c(=O)[nH]c21)CCC3,8.067881528
Cn1nc(-c2ccccc2)c2c1NC(=O)C1CCCCC21,7.455931956
O=c1cc(-c2ccc(O)cc2)oc2c(CN3CCN(Cc4ccc(F)cc4)CC3)c(O)cc(O)c12,9.795880017
Oc1nc2cc(CN3CC=C(c4ccccc4)CC3)ccc2c2ccccc12,7.575118363
CC(C)(O)c1ccc(-c2nc3cccc(F)c3c(=O)[nH]2)cc1,8.677780705
CN1C(=O)CCC(N2C(=O)c3cccc(NCCNC(=O)CCCCCCCCCCC(=O)N4CCN(C(=O)c5cc(Cc6n[nH]c(=O)c7ccccc67)ccc5F)CC4)c3C2=O)C1=O,8.730487056
O=C(c1cc(Cc2n[nH]c(=O)c3ccccc23)ccc1F)N1CCC2(CCN(C(=O)C3CC3)C2)C1,7.30980392
CC(C)(C)OC(=O)N1CCC2(CCN(C(=O)c3cc(Cc4n[nH]c(=O)c5ccccc45)ccc3F)C2)C1,7.191114133
CC1(C)CCc2[nH]c3cc(F)cc4c3c2C1=NNC4=O,9.744727495
NC(=O)c1ccc(Oc2cccc(C(=O)N3CCC(O)(c4ccc(F)cc4)CC3)c2)cc1,9.13667714
O=c1[nH]c(N2CCC3(CC2)NCc2ccccc23)nc2c1CCCC2,9.950007143
CNCCn1c2c3c4c(cccc41)C(=O)NN=C3CC(C)(C)C2,8.920818754
O=C(c1ccc(Nc2nc3ccccc3n3nnnc23)cc1)N1CCN(c2ncccn2)CC1,7.494850022
Nc1ccc(C2=Nc3cccc4c(=O)[nH]nc(c34)N2)cc1,6.576754126
CN1CCc2sc(-c3nc4c(C(N)=O)cc(F)cc4[nH]3)cc2C1,8.236572006
CN(C)C1(C(=O)N2CCN(C(=O)c3cc(Oc4n[nH]c(=O)c5ccccc45)ccc3F)CC2)CCC1,8.540004744
O=C1NCC2c3c(cccc31)CCN2C(=O)[C@@H]1CCCN1,8.102372909
O=C(NCCN1CCN(c2ccncc2)CC1)c1ccc2[nH]c(=O)c3c(c2c1)CCSC3,6.107348966
COc1ccccc1N1CCCN(c2nc3c(c(=O)[nH]2)CCCC3)CC1,6.197910742
O=c1[nH]c2cc(-c3nnn[nH]3)ccc2c2ccccc12,6.356843534
CCOC(=O)CC1c2nnc(C(F)(F)F)n2C(C)CN1C(=O)c1cc(Cc2n[nH]c(=O)c3ccccc23)ccc1F,8.698970004
Cc1cc2c(N)cccc2c(=O)[nH]1,8.48945499
CC1(C)CC(=O)N(c2cc(Cc3nnc(O)c4ccccc34)ccc2F)C1=O,9.200659451
Cc1nn(C)c2[nH]c(=O)c3c(c12)CCCC3,9.437707136
CCCOc1cc(CN)cc2[nH]c(=O)c3c(c12)NCCC3,6.657577319
COc1cc(CN2CCC(N=O)CC2)cc2[nH]c(=O)c3c(c12)NCCC3,9.395773947
NC(=O)c1cc(Br)cc2c1OCC2,8.102372909
CCCNCc1ccc2c3c(c(=O)[nH]c2c1)CCCN3,7.522878745
Cc1cc(=O)[nH]c2cc(-c3ccccc3F)ccc12,9.70333481
O=C(c1ccc(F)cc1)C1CCN(C2CCN(Cc3nc4c(c(=O)[nH]3)COCC4)C2=O)CC1,9.122628654
CC[C@@H]1CN(C(=O)c2cc(Cn3c(=O)[nH]c(=O)c4ccccc43)ccc2F)CCN1,8.801342913
O=c1[nH]c2cc(Cn3ccnc3)ccc2c2c1CCCN2,9.420216403
O=C1NCC2c3c(cccc31)CCN2CC(=O)N1C[C@H]2CNC[C@H]2C1,6.806875402
O=C(c1ccc2[nH]c(=O)c3c(c2c1)CCSC3)N1CCN(C2CCCCC2)CC1,7.795880017
O=C(c1cc(Cc2n[nH]c(=O)c3ccccc23)ccc1F)N1CCn2c(nc3ccc(Cl)cc32)C1,4.045757491
O=C(CCN1CCCCC1)N1CCc2c(nc(O)c3ccccc23)C1,9.795880017
NC(=O)c1cc(F)c(F)cc1OCc1ccc(F)c(C(=O)N2CCNCC2)c1,7.387216143
NC(=O)c1cccc2c1C(=O)N(CCCN1CCOCC1)C2,10.09691001
Cc1cc(N2C[C@@H](C)N[C@@H](C)C2)ncc1-c1ccc(-c2nc3c(ccn3C)c(=O)[nH]2)cc1,6.790000026
NC(=O)c1cccc2c1O/C(=C\c1cccc(C(=O)NCCc3nc4ccccc4[nH]3)c1)C2=O,6.214670165
CN1CCN(c2ccc3nc(O)c4ccccc4c3n2)CC1,9.096910013
CN(C)C1CCN(C(=O)c2cc(Cc3c[nH]c(=O)c4cc(Cl)c(Cl)n34)ccc2F)CC1,7.958607315
O=C(c1cccc(Cc2nnc(O)c3ccccc23)c1)N1CCOCC1,8.761201437
NC(=O)c1cccc2c1O/C(=C\c1ccc(OCCN3CCOCC3)cc1)C2=O,7.301029996
O=C(c1cc(Cc2n[nH]c(=O)c3ccccc23)ccc1F)N1CCC2(CCCCC2)C1,6.638272164
O=C1NC(CCCN2CC=C(c3ccccc3)CC2)=NC2CCOCC12,11.69897
O=C1NC(=O)c2c1ccc1[nH]ccc21,6.985559271
COc1ccccc1C1=CCN(CCCc2nc(O)c3ccccc3n2)CC1,8.370590401
C[C@@H](c1ccccc1)N(Cc1nc2c(c(=O)[nH]1)COCC2)C(=O)CN1CCC(C(=O)c2ccc(F)cc2)CC1,8.358525889
NC(=O)c1cccc2cn(-c3ccc(C(=O)NCc4ccncc4)cc3)nc12,6.148741651
CC(O)CSc1nnc(-c2cc3ccccc3[nH]2)n1-c1ccccc1,9.886056648
O=C(c1ccc2[nH]c(=O)c3c(c2c1)CCSC3)N1CCCCC1,7.950007143
O=c1cc(-c2ccc(O)cc2)oc2c(CN3CCN(Cc4ccncc4)CC3)c(O)cc(O)c12,7.251811973
NC(=O)c1cccnc1,8.795880017
O=c1[nH]c(CCCN2CC=C(c3ccc(F)cc3)CC2)nc2c(Cl)cccc12,7.096910013
N#Cc1ccc(N2CCN(C(=O)c3cc(Cc4n[nH]c(=O)c5ccccc45)cc(F)c3F)CC2)cc1,6.809999052
O=C(CCn1c2c(c(=O)[nH]c1=O)CCCC2)NCC(=O)N1CCN(c2ccccc2)CC1,8.420216403
CN(C)CC(=O)Nc1ccc2c(c1)Cc1c-2nc(O)c2ccccc12,7.958607315
Nc1ccc(S(=O)(=O)N2CCCN(CC3=Nc4cccc5c(=O)[nH]nc(c45)N3)CC2)cc1,8.698970004
COC(=O)c1ccc2c(c1)nc(O)c1ccccc12,7.648010545
O=C([O-])c1ccc2c(c1)nc(O)c1ccccc12.[Na+],7.455931956
CNC(=O)c1ccc(N2CCN(Cc3cc(C)c4c(c3)NC(=O)C(C)O4)CC2)c(Cl)c1,7.274905479
O=C(c1cc(Cc2n[nH]c(=O)c3ccccc23)ccc1F)N1CCn2cccc2C1,9.0
O=C1NN=C2CNCc3[nH]c4cc(F)cc1c4c32,8.649751982
COc1ccc(-c2ccc(C(=O)CNC(=O)CCn3c4c(c(=O)[nH]c3=O)CSCC4)cc2)cc1,9.162411562
CCNCc1cc(OC)c2c3c(c(=O)[nH]c2c1)CCCN3,9.201349355
O=S(=O)(CCN1CCC(N2CCCC2)CC1)N1CCc2nc(O)c3ccccc3c2C1,7.214670165
O=C(CCn1c2c(c(=O)[nH]c1=O)CSCC2)NCC(=O)N1CCN(c2ncccc2C(F)(F)F)CC1,7.089909454
O=C(CN1CCC(C(=O)c2ccc(OCCC3CC3)cc2)CC1)NCc1nc2c(c(=O)[nH]1)COCC2,9.744727495
NC(=O)c1cccc2c1O/C(=C\c1ccc(C(=O)N3CCn4cnnc4C3)cc1)C2=O,7.705533774
N#Cc1ccc2c(c1)[nH]c(=O)n2[C@H]1C[C@H](c2nnc(-c3ccncn3)n2-c2ccccc2Cl)C1,5.853871964
CC(C)(C)OC(=O)N1CCCC(NC(=O)c2nc3c(C(N)=O)cccc3[nH]2)C1,8.795880017
N#CCNCc1ccc2c3c(c(=O)[nH]c2c1)CCCN3,7.173925197
N#Cc1ccccc1N1CCN(C(=O)c2cc(Cc3n[nH]c(=O)c4ccccc34)cc(F)c2F)CC1,8.638272164
NC(=O)c1cccc2cc(-c3ccccc3)cnc12,8.229147988
NC(=O)c1cccc2c1O/C(=C\c1cccc(Oc3ccccc3)c1)C2=O,10.0
Oc1nc2c(c3ccccc13)CNCC2,8.150580586
O=c1[nH]nc2c3c(cccc13)N=C(CN1CCN(S(=O)(=O)c3ccccc3)CC1)N2,8.602059991
O=C(CN1CCOCC1)c1ccc2[nH]c3c4c(c5c(c3c2c1)C(=O)NC5=O)CCC4,7.045757491
Cc1c(Cc2ccc(F)c(C(=O)N3CCN(C(=O)C4(Cc5ccc(F)cc5)CCCN4)CC3)c2)n[nH]c(=O)c1C,8.216096421
CN(C)CCN(C)C(=O)c1cccc(Cc2nnc(O)c3ccccc23)c1,9.48148606
Cn1ncnc1C1c2n[nH]c(=O)c3cccc(c23)NC1c1ccccc1,9.657577319
CC(Oc1ccccc1)C(=O)N1CCN(C(=O)c2cc(CCOc3ccccc3C(N)=O)ccc2F)CC1,8.379968105
O=C1N(CCO)c2cc(Cl)cc(Cl)c2C12CCN(c1nc3c(c(=O)[nH]1)CCCC3)CC2,9.22184875
CC1(C)CC2=NNC(=O)c3cc(F)cc4[nH]c(c2c34)C1=O,6.8569852
NC(=O)c1cccc2c1O/C(=C\c1ccc(N3CCN(Cc4ccccc4)CC3)cc1)C2=O,8.327902142
Cc1c(Cc2ccc(F)c(C(=O)N3CCN(C(=O)C4(C)CCCN4)CC3)c2)n[nH]c(=O)c1C,5.785156152
CN(C)Cc1ccc(-c2[nH]c3cccc4c3c2CCNC4=O)cc1,6.684029655
COc1cc(C(=O)N2CCCN(C(=O)c3cccc(Cc4nnc(O)c5ccccc45)c3)CC2)cc(Cl)n1,8.187086643
NCCOc1c(-c2ccc(N3CCOCC3)c(Br)c2)[nH]c(=O)c2cc(F)ccc12,8.214670165
CC[C@@H](C)N(Cc1nc2c(c(=O)[nH]1)COCC2)C(=O)CN1CCC(C(=O)c2ccc(F)cc2)CC1,6.431798276
O=C(O)c1cccc2c(O)nc3ccccc3c12,7.299555899
Nc1ccc2[nH]c(=O)c3ccccc3c2c1,10.39794001
S=c1[nH]nc(CSc2nnc(-c3cc4ccccc4[nH]3)n2-c2ccccc2)n1-c1ccccc1,9.096910013
CC(=O)N1CCCN(C(=O)c2cc(Cc3n[nH]c(=O)c4ccccc34)ccc2F)CC1,8.769551079
CN1CCN(c2ccc3ccn(C(N)=O)c3n2)CC1,9.408935393
O=C(c1cc(Cc2c[nH]c(=O)c3cccn23)ccc1F)N1CCCNCC1,8.585026652
NC1CCN(C(=O)c2cc(Cc3c[nH]c(=O)c4cc(Cl)c(Cl)n34)ccc2F)CC1,7.725842151
CCc1cc2cnc(CN3CCN(c4ccc(C(=O)NC)nc4Cl)CC3)cc2[nH]c1=O,9.200659451
Oc1nc(-c2ccccc2)nc2c(O)cccc12,7.149966742
O=C1NCC2c3c(cccc31)CCN2C(=O)CN1CCCCC1,5.777283529
O=C(Nc1ccc(Oc2ccc3ccccc3c2)c(Cl)c1)c1cc(Cl)cc(Cl)c1O,7.782516056
CCN1CCCC2CN(C(=O)c3cc(Cc4n[nH]c(=O)c5ccccc45)ccc3F)CC21,8.552841969
COC(=O)[C@@H]1CCCN1CC(=O)c1ccc2[nH]c3c4c(c5c(c3c2c1)C(=O)NC5=O)CCC4,8.537602002
Cc1cccc2c(=O)[nH]cnc12,8.721246399
NC(=O)c1cc(F)cc2[nH]c(C(=O)N3CCC(N)C3)nc12,7.397940009
Cc1c(C(=O)NCCN2CCN(C)CC2)sc2c1[nH]c(=O)c1ccccc12,9.09420412
Cn1nc(-c2cccs2)c2c3c(c(=O)[nH]c21)CCCC3,7.521433504
O=c1[nH]nc2c3c(cccc13)NC(c1ccccc1)C2c1ccccc1,7.299997603
Cn1c2cccc(C(N)=O)c2c(=O)n1C1CCN(CC2CC=CCC2)CC1,8.251037139
CC(=O)N1CCN(C(=O)c2cc(Cc3n[nH]c(=O)c4ccccc34)ccc2F)CC1,8.301029996
O=C(CN1CCC(c2noc3cc(F)ccc23)CC1)NCc1nc2c(c(=O)[nH]1)COCC2,8.522878745
COc1ccc(C(=O)Nc2ccc(C(=O)N(c3ccncn3)c3ccccc3Cl)cc2)cc1,9.024568191
Cc1ccccc1CN1CCC(N2Cc3cccc(C(N)=O)c3C2=O)CC1,7.539102157
O=c1[nH]c2cc(-c3ccc(Cl)cc3)nn2c2ccccc12,8.728158393
CN1CCC(C(=O)Nc2ccc(-n3cc4cc(F)cc(C(N)=O)c4n3)cc2)CC1,10.04575749
CC(C)(C)OC(=O)NC1CCN(C(=O)c2nc3c(C(N)=O)cccc3[nH]2)CC1,8.602059991
Cn1ncnc1C1c2n[nH]c(=O)c3cc(F)cc(c23)NC1c1ccc(F)cc1,8.744727495
O=c1[nH]nc2c3c(cccc13)N=C(CN1CC=C(c3ccc(F)cc3)CC1)N2,8.990124366
O=C(c1cc(Cc2n[nH]c(=O)c3ccccc23)ccc1F)N1CCn2c(nnc2C(F)(F)F)C1,8.26760624
NCCOc1ccc2[nH]c(=O)c3c(c2c1)NCCC3,8.096910013
Cc1ccc(-c2nc3c(O)cccc3c(=O)[nH]2)cc1,8.78994915
CC1(C)CCC2=C(C1)c1n[nH]c(=O)c3cccc(c13)N2,7.196542884
O=C(c1cccc(Cc2nnc(O)c3ccccc23)c1)N1CCCN(CC2CC2)CC1,6.931814138
NC(=O)c1cc(Cl)c2ccc(-c3ccc(C(=O)N4CCN(C(=O)C5CC5)CC4)cc3F)nn12,6.97674754
Cn1c2cccc(C(N)=O)c2c(=O)n1C1CCN(C2CCCC2)CC1,8.050609993
CC(C)c1nnc2n1CCN(C(=O)c1ccc(/C=C3\Oc4c(C(N)=O)cccc4C3=O)cc1)C2,8.309981219
NC(=O)c1cccc2c1O/C(=C\c1ccc(OCC3CO3)cc1)C2=O,8.443697499
O=C(CCc1c(Cl)cccc1Cl)Nc1nnc2n1CCS2,9.22184875
O=C(c1cccc(Cc2n[nH]c(=O)c3ccccc23)c1)N1CCNCC1,8.818156412
CCCCC(=O)NCc1nc(-c2ccc3[nH]c4c5c(c6c(c4c3c2)C(=O)NC6=O)CCC5)cs1,8.0
CN1CCCC(C(=O)NCc2ccc(-n3cc4cccc(C(N)=O)c4n3)cc2)C1,6.602059991
C[N+]1([O-])CCN(c2ccc3nc(O)c4ccccc4c3n2)CC1,9.22184875
COC(=O)C1CCN(Cc2c(O)cc(O)c3c(=O)cc(-c4ccc(O)cc4)oc23)CC1,8.522878745
O=C1NN=C2CC(c3ccccc3)Cc3[nH]c4cc(F)cc1c4c32,8.698970004
O=C(NCCN1CCNCC1)c1ccc2[nH]c(=O)c3c(c2c1)CCSC3,8.744727495
Nc1cccnc1N1CCN(C(=O)CNC(=O)CCn2c3c(c(=O)[nH]c2=O)CSCC3)CC1,8.075875847
O=c1[nH]c(N2CCC3(CC2)CN(CCO)c2cccc(Cl)c23)nc2c1CCCC2,8.443697499
C[C@H](C1CC1)N(Cc1nc2c(c(=O)[nH]1)COCC2)C(=O)CN1CCC(C(=O)c2ccc(F)cc2)CC1,8.522878745
O=C1NC(=O)/C(=C/c2cn(Cc3ccccc3)c3ccccc23)S1,9.070581074
NC(=O)c1cc(Cl)c2ccc(-c3ccc(C(=O)N4CCNCC4)cc3)nn12,8.823908741
CNCc1ccc(-c2cc3cc(F)cc(C(N)=O)c3o2)cc1,6.0
C[C@@H]1CN(C(=O)c2cc(Cn3c(=O)[nH]c(=O)c4ccccc43)ccc2F)CCN1CC1CC1,6.055517328
COc1cccc(CCC(=O)N2CCCN(C(=O)c3cccc(Cc4nnc(O)c5ccccc45)c3)CC2)c1,8.022276395
CC(=O)Nc1ccc(-c2ccc(-c3nc4c(C(N)=O)cccc4[nH]3)cc2)cn1,7.861381566
CC1c2cccc(C(N)=O)c2C(=O)N1C1CCN(C2CCCCC2)CC1,6.985479461
NC(=O)c1cccc2c1O/C(=C\c1ccc(-c3nn[nH]n3)cc1)C2=O,5.207608311
CNCc1ccc(-n2cc3c(OC)ccc(C(N)=O)c3n2)cc1,7.853871964
O=C(c1cc(Cc2n[nH]c(=O)c3ccccc23)cc(F)c1F)N1CCN(c2ccncc2)CC1,8.102372909
O=C1NN=C2CCCCc3[nH]c4cccc1c4c32,6.721246399
COc1ccc(CN(Cc2nc3c(c(=O)[nH]2)COCC3)C(=O)CN2CCC(C(=O)c3ccc(F)cc3)CC2)cc1,6.688246139
CN(C)C1(C(=O)N2CCN(C(=O)c3cc(Oc4n[nH]c(=O)c5ccccc45)ccc3F)CC2)CC1,8.0
Cn1cnc(-c2nnc3n2CCN(C(=O)c2ccc(/C=C4\Oc5c(C(N)=O)cccc5C4=O)cc2)C3)c1,7.958607315
O=C(c1cccc(Cc2n[nH]c(=O)c3ccccc23)c1)N1CCCN(CCO)CC1,7.84001195
Cc1cccc2c(=O)[nH]c(CCCN3CC=C(c4ccc(Cl)cc4)CC3)nc12,6.698970004
O=C(CCN1CCc2cccc3c2C1CNC3=O)NCC(=O)N1CCN(c2ccccc2F)CC1,8.22184875
O=C(CN1CCC2(CC1)Cc1cc(F)ccc1C2=O)NCc1nc2c(c(=O)[nH]1)COCC2,7.602581458
COC(=O)c1ccc2c(c1)[nH]c(=O)c1ccncc12,8.22184875
N#Cc1ccc(N2CCN([C@@H]3C=C(c4cc5c(N)cccc5c(=O)[nH]4)CC3)CC2)cc1,5.602059991
O=C(CN1CCc2cccc3c2C1CNC3=O)N[C@H](Cc1ccccc1)C(=O)N1CC=C(c2ccc(F)cc2)CC1,6.087937444
COc1cc(O)c(Cl)c(C)c1-c1cc(O)cc2cc3c(c(O)c12)C(=O)c1c(O)c(Cl)c(O)c(Cl)c1C3(C)C,8.236572006
NC(=O)c1cccc2c1O/C(=C\c1cccc(-c3nn[nH]n3)c1)C2=O,8.585026652
O=c1[nH]c(-c2ccc([N+](=O)[O-])cc2)nc2ccccc12,9.88941029
NC(=O)n1ccc2ccc(-c3ccc(CN4CCCC4)cc3)nc21,8.301029996
CCN1CCN(C(=O)c2ccc3[nH]c(=O)c4c(c3c2)CCSC4)CC1,8.657577319
Cc1c(Cc2ccc(F)c(C(=O)N3CCC4(CCCN4C)CC3)c2)n[nH]c(=O)c1C,7.2644011
O=C(Nc1cccc2c(=O)[nH]ccc12)c1cccs1,8.804100348
COc1ccc(-c2noc(CSc3nnc(C)n3-c3ccc(OC)cc3)n2)cc1,6.596022036
O=C(c1ccc(F)cc1)C1CCN(CC(=O)N(Cc2nc3c(c(=O)[nH]2)COCC3)C[C@H]2CCCO2)CC1,5.48148606
CNC(C)c1ccc2c3c(c(=O)[nH]c2c1)CCCN3,10.0
COc1ccc(C(=O)C2CCN(C3CCN(Cc4ncc(C)c(=O)[nH]4)C3=O)CC2)cc1,9.694648631
Cc1cccc2c(=O)[nH]c(C3=CC(N4CCC(c5ccc(Cl)cc5)CC4)CC3)nc12,8.327902142
CN1CCc2sc(-c3ccc4c(Cl)cc(C(N)=O)n4n3)cc2C1,8.530177984
CN(C)CCn1c2c3c4c(cc(F)cc41)C(=O)NN=C3CN(C(=O)C1CC1)C2,8.537602002
COc1ccc(C(=O)C2CCN(CC(=O)NCc3nc(C)c(C)c(=O)[nH]3)CC2)cc1,8.646660905
CCN(C)Cc1ccc2c3c(c(=O)[nH]c2c1)CCCN3,8.0
O=C(c1cc(Cc2n[nH]c(=O)c3ccccc23)ccc1F)N1CCc2cccc3c2C1CC3F,7.014124643
NCCOc1c(-c2cccc(C(F)(F)F)c2)[nH]c(=O)c2cc(F)ccc12,7.876148359
Oc1cccc2c(O)nccc12,8.253365801
O=C1NN=C2CC(c3ccccc3)Cc3[nH]c4cccc1c4c32,9.018181393
O=c1[nH]nc2c3c(cccc13)N=C(CN1CCCN(S(=O)(=O)c3ccc(Cl)cc3)CC1)N2,5.0
O=C(c1cc(Cc2c[nH]c(=O)c3cc(Cl)c(Cl)n23)ccc1F)N1CCC2(CCCN2)CC1,9.22184875
NC(=O)c1ccccc1OCCc1cccc(C(=O)N2CCN(C(=O)C3CCCC3)CC2)c1,9.200659451
NC(=O)c1cccc2c1O/C(=C\c1ccc(-c3nn[nH]n3)c(F)c1)C2=O,8.443697499
O=C(c1ccc(F)cc1)C1CCN(CC(=O)N(CCF)Cc2nc3c(c(=O)[nH]2)COCC3)CC1,8.045757491
Cn1nccc1C1c2n[nH]c(=O)c3cc(F)cc(c23)NC1c1ccc(F)cc1,8.568636236
O=c1[nH]nc2c3c(cccc13)NC1=C2CCCC1,8.638272164
O=c1[nH]cc(-c2ccccc2)c2ccccc12,5.530177984
CCOc1cc(CN2CCN(c3ccc(C(=O)NC)cc3C)CC2)cc2c1OC(C)C(=O)N2,9.050609993
COc1ccc(C(=O)N2CCN(C(=O)c3cc(Cc4n[nH]c(=O)c5ccccc45)ccc3F)CC2)cc1I,7.619788758
COCc1nc(-c2ccnc(N3CCN(C(=O)c4ccc(/C=C5\Oc6c(C(N)=O)cccc6C5=O)cc4)CC3)n2)no1,6.764471553
Nc1ccc2c(c1)Cc1c-2nc(O)c2ccccc12,6.065501549
CN1CCCN(C(=O)c2cnn3c2[nH]c(=O)c2ccccc23)CC1,6.812479279
COc1ccc(C2=CCN(CCCc3nc(O)c4ccccc4n3)CC2)cc1,6.923359556
NC(=O)c1ccccc1OCC(=O)N1CCc2ccccc2C1,8.823908741
Nc1cc(C(F)(F)F)c(-c2cc(N3CCN(C(=O)c4cc(Cc5n[nH]c(=O)c6ccccc56)ccc4F)CC3)nc(N3CCOCC3)n2)cn1,9.588380294
NC(=O)c1cccc2cn(-c3ccc(CN4CCOCC4)cc3)nc12,7.957424488
CC1(C)CCc2[nH]c3cccc4c3c2C1=NNC4=O,8.30980392
NC(=O)c1cccc([N+](=O)[O-])c1,10.07998108
O=C1NCC2c3c(cccc31)CCN2Cc1ccccc1,7.847711656
NCCOc1c(-c2ccc(Br)cc2)[nH]c(=O)c2c(F)c(F)ccc12,5.832682665
O=C1CC2c3c(cccc31)CCN2C(=O)c1cc(Cc2n[nH]c(=O)c3ccccc23)ccc1F,8.769551079
COc1cccc(-c2cc3[nH]c(=O)c4ccccc4n3n2)c1OC,9.853871964
O=C1NCc2c1c1c(c3[nH]c4ccc(Br)cc4c23)CCC1,9.602059991
CC(C)n1cc(C(=O)C2CCN(C(=O)CCCc3nc4c(ccn4C)c(=O)[nH]3)CC2)cn1,8.262807357
O=C1N[C@@H]2N(Cc3ccccc3C23CCOCC3)c2ccccc21,8.591760035
O=c1cc(-c2ccc(O)c(O)c2)oc2ccccc12,7.055517328
O=C1NCCc2c(OCCCCN3CCCCC3)cccc21,6.707743929
O=C(c1cc(Cc2n[nH]c(=O)c3ccccc23)cc(F)c1F)N1CCN(C2CCCCC2)CC1,6.187086643
CC(C)N1CCN(Cc2ccc(-c3ccc4c(Cl)cc(C(N)=O)n4n3)cc2)CC1,5.568636236
O=C(c1cc(Cc2n[nH]c(=O)c3ccccc23)ccc1F)N1CCC2(CCCC2)C1,8.37675071
CC(C)(NC(=O)OCc1ccccc1)C(=O)N1CCC2=C(C1)Nc1cccc3c(=O)[nH]nc2c13,7.344093582
C=CCC1c2nnc(C(F)(F)F)n2CCN1C(=O)c1cc(Cc2n[nH]c(=O)c3ccccc23)ccc1F,8.301029996
Oc1nc(CCCN2CC=C(c3ccccc3)CC2)nc2cc(Cl)ccc12,8.104466961
NC(=O)c1cccc2c1O/C(=C\c1cccc(O)c1)C2=O,7.022276395
Nc1ccc(-c2nc(O)c3cccc(O)c3n2)cc1,8.080921908
O=C1NC(=O)/C(=C/c2cn(Cc3ccc(F)cc3)c3ccccc23)S1,9.004364805
CCN(CC)CCN(C)Cc1ccc2c(c1)-c1n[nH]c(=O)c3cccc(c13)O2,7.630784143
Cc1c(Cc2ccc(F)c(C(=O)N3CCN(C(=O)C4(NCC5CC5)CCC4)CC3)c2)n[nH]c(=O)c1C,9.03602339
O=C(c1cc(Cc2c[nH]c(=O)c3cc(Cl)c(Cl)n23)ccc1F)N1CCN(c2ncnc3ccccc23)CC1,4.522878745
CC(c1cccs1)N(Cc1nc2c(c(=O)[nH]1)COCC2)C(=O)CN1CCC(C(=O)c2ccc(F)cc2)CC1,7.301029996
CCNC(=O)c1ccc(N2CCN(Cc3cc(C)c4c(c3)NC(=O)C(C)O4)CC2)cc1,8.036212173
C[C@@H]1CN(C(=O)c2cc(Cn3c(=O)[nH]c(=O)c4ccccc43)ccc2F)CCN1,7.886056648
CCCCN1CCN(C(=O)c2ccc3[nH]c(=O)c4c(c3c2)CCSC4)CC1,7.638272164
O=C(N[C@@H]1C[C@@H](O)c2ccccc21)c1cc(Cc2n[nH]c(=O)c3ccccc23)ccc1F,9.244125144
CCNC(=O)c1ccc(N2CCN(Cc3cc4c(c(OC)c3)OC(C)C(=O)N4)CC2)c(C)c1,6.259637311
CC(C)(C)C1NCCc2cc(-c3cnn4c(C(N)=O)cc(Cl)c4c3)sc21,8.289036881
CC(C)(C)OC(=O)N1CCC(N2CCC(NC(=O)c3nc4c(C(N)=O)cccc4[nH]3)CC2)CC1,10.15490196
COc1cc(CN2CCC(N3CCOCC3)CC2)cc2[nH]c(=O)c3c(c12)NCCC3,7.853871964
Cc1cc(-c2nnc(-c3ccccc3)o2)c2[nH]c(=O)c3ccccc3c(=O)c2c1,8.251811973
NC(=O)c1cc(F)cc2[nH]c(C(=O)N3CCC(NC4CCCCC4)CC3)nc12,7.113509275
O=C(Oc1cccc2c(O)nccc12)c1ccccc1,8.698970004
O=c1[nH]nc2c3c(cccc13)N=C(CN1CCCN(S(=O)(=O)c3ccc(-c4ccccc4)cc3)CC1)N2,8.522878745
CCOC(=O)c1nnc2n1CCN(C(=O)c1ccc(/C=C3\Oc4c(C(N)=O)cccc4C3=O)cc1)C2,8.0
O=C(c1cc(Cc2n[nH]c(=O)c3ccccc23)cc(F)c1F)N1CCN(c2cccc(Cl)c2)CC1,9.602059991
O=C(c1cc(Cc2n[nH]c(=O)c3ccccc23)ccc1F)N1CCC2(CCNCC2)CC1,6.901356274
O=C(c1cc(Cc2n[nH]c(=O)c3ccccc23)ccc1F)N1CCC2(C1)CN(C(=O)C1CC1)C2,7.638272164
O=C1CCC(=O)N1c1cccc(Cc2n[nH]c(=O)c3ccccc23)c1,8.27572413
CN(Cc1ccccc1)Cc1nc2cccc3c2n1CCNC3=O,7.853871964
O=C(N[C@@H]1C[C@H](O)c2ccccc21)c1cc(Cc2n[nH]c(=O)c3ccccc23)ccc1F,8.22184875
O=C1NCCc2c1ccc1[nH]cc(CCNC(=O)N3CCCN(Cc4ccccc4)CC3)c21,6.920818754
CC(C)N1CCC(c2nc3cncc4c3n2CCNC4=O)CC1,8.55129368
CCN(C)Cc1cc(OC)c2c3c(c(=O)[nH]c2c1)CCCN3,9.045757491
O=C(CN1CCC(C(=O)c2ccc(OCC3CC3)cc2)CC1)NCc1nc2c(c(=O)[nH]1)COCC2,8.522878745
O=C(c1cc(Cc2n[nH]c(=O)c3ccccc23)ccc1F)N1CCn2c(nc3ccc(F)cc32)C1,8.37675071
O=c1cc(-c2ccc(O)cc2)oc2c(CN3CCN(Cc4ccoc4)CC3)c(O)cc(O)c12,8.443697499
O=C(c1ccccn1)N1CCN(Cc2c(O)cc(O)c3c(=O)cc(-c4ccc(O)cc4)oc23)CC1,8.920818754
CCCC1NCCc2cc(-c3nc4c(C(N)=O)cc(F)cc4[nH]3)sc21,8.721246399
NC(=O)c1cccc(NC(=O)/C=C\C(=O)N2CCN(c3ccc(-c4ccccc4)cc3)CC2)c1,8.823908741
O=C(c1cc(Cc2n[nH]c(=O)c3ccccc23)cc(F)c1F)N1CCN(c2ccc(Cl)cc2)CC1,7.290730039
COc1cc(/C=N/NC(=S)NCCCN2CCOCC2)c(Br)c(Br)c1OC,9.440093375
C[C@H](NC(=O)CN1CCc2cccc3c2C1CNC3=O)C(=O)N1CC=C(c2ccc(F)cc2)CC1,8.744727495
O=C(c1ccc2[nH]c(=O)c3c(c2c1)CCSC3)N1CCN(C2CCCC2)CC1,4.450996738
O=c1cc(-c2ccc(O)cc2)oc2c(CN3CCC(c4ccccc4)CC3)c(O)cc(O)c12,8.292429824
O=C(c1cc(Cc2n[nH]c(=O)c3ccccc23)ccc1F)N1CCN(C(=O)C2CC2)CC1,8.301029996
O=C1N(CCO)c2ccccc2C12CCN(c1nc3c(c(=O)[nH]1)CCCC3)CC2,6.764471553
Nc1ncc(-c2nc(N3CCOCC3)nc(N3CCN(C(=O)c4cc(Cc5n[nH]c(=O)c6ccccc56)ccc4F)CC3)n2)cn1,8.22184875
O=C(COc1cccc2c(=O)[nH]ccc12)c1ccccc1,6.318758763
O=C(NC1CCN(CC2CC2)C1)c1cc(Cn2c(=O)[nH]c(=O)c3ccccc32)ccc1F,8.530030791
CCc1cc2c(N)cccc2c(=O)[nH]1,8.259637311
O=C(c1cccc(Cc2n[nH]c(=O)c3ccccc23)c1)N1CCN(c2ncccn2)CC1,8.397940009
CN1CCN(C(=O)c2cccc(-c3nc4cccc5c4n3CCNC5=O)c2)CC1,7.568636236
NC(=O)c1cccc2c1C(=O)N(C1CCN(Cc3ccc(Br)cc3)CC1)C2,9.742321425
CC[C@H](C)CN(Cc1nc2c(c(=O)[nH]1)COCC2)C(=O)CN1CCC(C(=O)c2ccc(F)cc2)CC1,8.400116928
O=C(c1cc(Cc2n[nH]c(=O)c3ccccc23)ccc1F)N1CCN(S(=O)(=O)c2ccc(I)cc2)CC1,8.920818754
CN(C)CCN(C)C(=O)c1ccc(-c2cc3[nH]c(=O)c4ccccc4n3n2)cc1,8.301029996
CC(C)C1c2n[nH]c(=O)c3cccc(c23)NC1c1ccccc1,8.301029996
CCN(CC)Cc1ccc(C(=O)N2CCc3cccc4c3C2CNC4=O)cc1,7.772113295
COC(=O)[C@H](Cc1ccccc1)NC(=O)CCc1nc2ccccc2c(=O)[nH]1,7.907981529
NC(=O)[C@H](Cc1ccccc1)NC(=O)CCc1nc2ccccc2c(=O)[nH]1,7.924453039
CN(C)Cc1ccc(-c2nc3cncc4c3n2CCNC4=O)cc1,8.568636236
O=C1NCCc2ccc(Cl)cc21,8.522878745
O=C(Nc1ccc(Oc2cc3ccccc3cc2Br)c(Cl)c1)c1cc(Cl)cc(Cl)c1O,8.420216403
CN1CCCN(C(=O)NCCc2c[nH]c3ccc4c(c23)CCNC4=O)CC1,7.050609993
O=C(c1cccc(Cc2n[nH]c(=O)c3ccccc23)c1)N1CCN(C(=O)N2CCOCC2)CC1,7.0
CCN(CC)CCn1c2c3c4c(cccc41)C(=O)NN=C3CC(C)(C)C2,6.812479279
Cc1ccc(Cl)cc1N1CCN(C(=O)c2cc(Cc3n[nH]c(=O)c4ccccc34)cc(F)c2F)CC1,8.585026652
CNC1CCN(C(=O)c2cc(Cc3c[nH]c(=O)c4cc(Cl)c(Cl)n34)ccc2F)CC1,9.669586227
O=c1[nH]c(C2CCC(N3CCC(c4ccccc4)CC3)C2)nc2ccccc12,5.234331445
O=C(c1cc(Cc2n[nH]c(=O)c3ccccc23)ccc1F)N1CCNCC1,6.48148606
O=C(CN1CCC(C(=O)c2ccc3c(c2)CCO3)CC1)NCc1nc2c(c(=O)[nH]1)COCC2,8.602059991
CNCc1ccc(-n2cc3cc(F)cc(C(N)=O)c3n2)cc1,7.772113295
CNCc1ccc(-n2cc3cccc(C(N)=O)c3n2)cc1O,8.010016542
O=C(c1ccccc1)N1CCN(C(=O)c2cccc(Cc3n[nH]c(=O)c4ccccc34)c2)CC1,8.744727495
Cc1noc(-c2cccc(Cc3nnc(O)c4ccccc34)c2)n1,8.754487332
O=C(CCn1c2c(c(=O)[nH]c1=O)CSCC2)NCC(=O)N1CCN(c2cccnn2)CC1,5.947229131
CCN(C)Cc1ccc2c3c(c(=O)[nH]c2c1)CCCN3C,9.096910013
O=C(c1cc(Cc2nnc(O)c3ccccc23)ccc1F)N1CCCN(C2CCCCC2)CC1,9.397940009
C[C@]12CCCN1CC1=NNC(=O)c3cc(F)cc4[nH]c2c1c34,9.929962133
CN1CCc2cc(-c3nc4c(C(N)=O)cccc4[nH]3)sc2C1,7.113509275
O=C(NCCCN1CCOCC1)c1cc2[nH]c(=O)c3ccccc3n2n1,8.22184875
CN(C)c1ccc(CN2CCC(N3Cc4cccc(C(N)=O)c4C3=O)CC2)cc1,9.096910013
Cc1cc(C(=O)NC2CC2)ccc1N1CCN(Cc2cc(C)c3c(c2)NC(=O)C(C)O3)CC1,9.180456064
CN1CCN(C(=O)c2ccc3[nH]c(=O)c4c(c3c2)CCSC4)CC1,6.844663963
O=C(c1cc(Cc2n[nH]c(=O)c3ccccc23)cc(F)c1F)N1CCN(c2ccc(O)cc2)CC1,9.585026652
COc1ncc(C(N)=O)c2nc(C3CCN(C(=O)c4cc(Cc5n[nH]c(=O)c6ccccc56)ccc4F)CC3)[nH]c12,8.431798276
COc1ccc(C(=O)C2CCN(CC(=O)N(Cc3nc4c(c(=O)[nH]3)COCC4)CC(F)F)CC2)cc1,6.045275209
Cn1ncnc1C1c2n[nH]c(=O)c3cccc(c23)NC1c1ccc(F)cc1,9.180456064
CN(C)Cc1ccc(C2Nc3cccc4c(=O)[nH]nc(c34)C2c2ccc(CN(C)C)cc2)cc1,8.057495894
O=c1[nH]c2cc(Cc3nnn[nH]3)ccc2c2c1CCCN2,6.968349206
O=c1[nH]c(N2CCC3(CC2)CN(CCO)c2cc(Cl)cc(Cl)c23)nc2c1CCCC2,7.207608311
Cc1nc2cccc(F)c2c(=O)[nH]1,8.886056648
O=c1cc(-c2ccc(O)cc2)oc2c(CN3CCN(CC4CC4)CC3)c(O)cc(O)c12,10.0
COc1ccc(C(=O)CNC(=O)CCn2c3c(c(=O)[nH]c2=O)CSCC3)cc1,7.202954165
NCc1ccc2[nH]c3c4c(c5c(c3c2c1)CNC5=O)CCC4,8.15490196
Cc1ccc(-c2cc3c(N)cccc3c(=O)[nH]2)cc1,7.351639989
Oc1nc2c(c3ccccc13)Cc1ccccc1-2,8.602059991
Cc1nc(O)c2c(Cl)cccc2n1,8.602059991
Nc1ncc(-c2nc3c(c(N4CCOCC4)n2)CCN(C(=O)c2cc(Cc4n[nH]c(=O)c5ccccc45)ccc2F)C3)cn1,9.494850022
Nc1ccc2nc[nH]c(=O)c2c1,9.337242168
CCC(=O)N1CCN(C(=O)c2cc(Cn3c(=O)[nH]c(=O)c4ccccc43)ccc2F)C[C@@H]1CC,7.853871964
CC(C)CN1CCN(C(=O)c2cc(Cc3c[nH]c(=O)c4cc(Cl)c(Cl)n34)ccc2F)CC1,7.568636236
O=C(Nc1cncc(Cn2c(=O)[nH]c(=O)c3ccccc32)c1)[C@H]1CCNC1.O=C(O)C(F)(F)F,8.032920266
CC(=O)N1CCC[C@H]1C(=O)N1CCc2cccc3c2C1CNC3=O,7.397940009
CC(C)(Cc1nc2ccccc2[nH]1)NC(=O)c1ccc(/C=C2\Oc3c(C(N)=O)cccc3C2=O)cc1,10.09691001
NC(=O)c1cccc2[nH]c(-c3ccc(-c4cncc(C(=O)N5CCCC5)c4)cc3)nc12,6.065501549
NC(=O)c1cccc2c1O/C(=C\c1ccc(C(=O)N3CCN(c4nnc(C(F)(F)F)s4)CC3)cc1)C2=O,8.259637311
CC[C@@H]1C(=O)N(C)c2cnc(Nc3ccc(-c4nc5c(C(N)=O)cccc5[nH]4)cc3OC)nc2N1Cc1ccc(OC)cc1OC,8.823908741
CN(Cc1ccc(-n2cc3cccc(C(N)=O)c3n2)cc1)C(=O)C1CNC1,6.886056648
O=C(Nc1cccc2c(=O)[nH]ccc12)c1ccccc1,5.8569852
CN(C)CC(=O)Nc1ccc(-n2cc3cccc(C(N)=O)c3n2)cc1,6.815308569
O=C(c1cc(Cc2n[nH]c(=O)c3ccccc23)ccc1F)N1CC2(C1)CN(C(=O)C1CC1)C2,8.508638306
O=[N+]([O-])c1ccc2nc(O)c3ccccc3c2c1,7.806875402
CC(C)c1ccc(S(=O)(=O)N2CCN(CC3=Nc4cccc5c(=O)[nH]nc(c45)N3)CC2)cc1,8.346787486
CNCc1ccc(-n2cc3cc(Cl)cc(C(N)=O)c3n2)cc1,7.568636236
O=C(c1cc(Cc2n[nH]c(=O)c3ccccc23)ccc1F)N1CCN(c2nc(-c3cccc4[nH]ccc34)nc(N3CCOCC3)n2)CC1,8.728390699
CN(C)c1ccc(C2CC3=NNC(=O)c4cccc5[nH]c(c3c45)C2)cc1,9.537602002
CN1CCN(CCCS(=O)(=O)Nc2ccc(/C=C3\Oc4c(C(N)=O)cccc4C3=O)cc2)CC1,8.539553216
N#Cc1ccc(N2CCN([C@@H]3C=C(c4cc5c(N)cc(F)cc5c(=O)[nH]4)CC3)CC2)cc1,9.096910013
Cc1csc(CC(=O)N2CCc3cccc4c3C2CNC4=O)n1,7.244125144
O=C1NC(=O)c2c1c1c(c3[nH]ccc23)CCC1,8.0
COc1cccc(CN(Cc2nc3c(c(=O)[nH]2)COCC3)C(=O)CN2CCC(C(=O)c3ccc(F)cc3)CC2)c1,8.801342913
CC1CN(C(=O)c2cc(Cc3n[nH]c(=O)c4ccccc34)ccc2F)Cc2nnc(C(F)F)n21,8.698970004
Nc1ccc(-c2nc(N3CCOCC3)nc(N3CCN(C(=O)c4cc(Cc5n[nH]c(=O)c6ccccc56)ccc4F)CC3)n2)cn1,5.719999936
NC(=O)c1cc(F)cc2[nH]c(C(=O)N3CCC(N)CC3)nc12,6.320572103
O=C(NCCN1CCOCC1)c1ccc2[nH]c(=O)c3c(c2c1)CCSC3,8.744727495
O=C(CN1CCC(C(=O)c2ccc(F)cc2)CC1)NCc1nc2c(c(=O)[nH]1)COCC2,6.251811973
N#Cc1ccc(C2=CCN(CCCc3nc(O)c4ccccc4n3)CC2)cc1,8.014124643
O=C1NCCn2c(-c3cc4c(s3)CNCC4)nc3cc(F)cc1c32,9.15490196
O=C1NCC2c3c(cccc31)CCN2C(=O)CCc1ccccc1,8.37675071
O=c1[nH]nc2c3c(cccc13)N=C(CN1CCC(c3ccccc3)CC1)N2,7.886056648
Cc1c(Cc2ccc(F)c(C(=O)N3CCN(C(=O)[C@H]4CCCN4)CC3)c2)n[nH]c(=O)c1C,7.698970004
CC(C)CN1CCN(C(=O)c2cc(Cn3c(=O)[nH]c(=O)c4ccccc43)ccc2F)C[C@H]1C,7.886056648
CCNC(=O)c1ccc(N2CCN(Cc3cc4c(c(OC)c3)OC(C)C(=O)N4)CC2)cc1,8.638272164
O=C(NCCc1c[nH]c2ccc3c(c12)CCNC3=O)c1ccccn1,6.677780705
COc1cccc2c(=O)[nH]c(-c3ccc(Br)cc3)nc12,7.143875556
NC(=O)c1cccc2c1O/C(=C\c1cccc(C(=O)N3CCn4cnnc4C3)c1)C2=O,8.886056648
O=C(Nc1cccc2c(=O)[nH]ccc12)c1ccccc1I,9.71219827
Cc1c(Cc2ccc(F)c(C(=O)N3CCC4(CCN4)CC3)c2)n[nH]c(=O)c1C,9.15490196
NC(=O)c1cccc2[nH]c(C(=O)N3CCC(NC4CCNCC4)C3)nc12,5.366531544
O=C(c1cc(Cc2n[nH]c(=O)c3ccccc23)ccc1F)N1CCC12CCC2,7.721246399
CCCN1CCCN(C(=O)c2cc(Cc3nnc(O)c4ccccc34)ccc2F)CC1,8.522878745
CCCC(=O)Nc1cccc(Cc2n[nH]c(=O)c3ccccc23)c1,7.102372909
CNCc1ccc(-n2cc3cc(F)cc(C(N)=O)c3n2)cc1F,8.886056648
Cc1cccc2c(=O)[nH]c(-c3ccc(CN(C)C)cc3)cc12,5.257274869
Cc1cccc(CN2CCC(N3Cc4cccc(C(N)=O)c4C3=O)CC2)c1,9.853871964
CC(C)(C)OC(=O)N1CCC2(CC1)CCN(C(=O)c1cc(Cc3n[nH]c(=O)c4ccccc34)ccc1F)C2,8.606073993
CC(C)N1CC2=NNC(=O)c3cc(F)cc4[nH]c(c2c34)C1,8.744727495
O=c1[nH]nc2c3c(cccc13)N=C(CN1CCN(Cc3ccccc3)CC1)N2,5.259637311
CC1(C)OC(=O)N([C@H]2CC[C@H](n3c(=O)[nH]c4cc(C#N)c(F)cc43)CC2)[C@H]1c1ccccc1,8.721246399
NC(=O)c1cccc2[nH]c(-c3ccc(-c4ccc(N)nc4)cc3)nc12,9.036212173
NC(=O)c1cccc2c1O/C(=C\c1ccccc1)C2=O,8.184422252
CCCCN1CCN(C(=O)c2cc(Cc3n[nH]c(=O)c4ccccc34)ccc2F)CC1,7.15490196
Cc1cccc2c(=O)[nH]c(-c3ccc(C(C)(C)O)cc3)nc12,8.102372909
CN1CCN(c2ccc(-c3nc4cncc5c4n3CCNC5=O)cc2)CC1,7.710009934
Cn1cccc1/C=C1\C(=O)NC(=O)c2ccccc21,10.39794001
O=C(NCCN1CCOCC1)c1ccc2c(c1)nc(O)c1ccccc12,9.318758763
Cc1cccc2c(=O)[nH]c(C3=CC(N4CC=C(c5ccc(F)cc5)CC4)CC3)nc12,8.397940009
CC(C)(C)c1ccc(Cn2cc(/C=C3\SC(=O)NC3=O)c3ccccc32)cc1,8.283996656
CN1CCc2cc(-c3nc4c(C(N)=O)cc(F)cc4[nH]3)sc2C1,7.995678626
NC(=O)n1ccc2ccc(-c3ccc(F)cc3)nc21,6.040958608
O=C(CN1CCC(C(=O)c2ccc(Cl)cc2)CC1)NCc1nc2c(c(=O)[nH]1)COCC2,6.040958608
O=c1cc(-c2cccc(-c3c(O)cc(O)c4c(=O)cc(-c5ccc(O)cc5)oc34)c2)oc2cc(O)cc(O)c12,5.076238039
O=C(c1cc(Cc2n[nH]c(=O)c3ccccc23)ccc1F)N1CCN(C(=O)C2CCOC2)CC1,7.818156412
O=c1[nH]c2ccc(OCCCN3CCCCC3)cc2c2c1CCCN2,6.244125144
O=C1NCC2c3c(cccc31)CCN2C(=O)c1cc(Cc2n[nH]c(=O)c3c2CCCC3)ccc1F,7.619788758
CCNC(=O)c1ccc(N2CCN(Cc3ccc4c(c3)NC(=O)C(C)O4)CC2)cc1,8.602059991
CC1(C)CC2=NNC(=O)c3cccc4c3c2c(n4CC2CO2)C1,8.568636236
NC(=O)c1cccc2c1O/C(=C\c1ccc(C(=O)N3CCn4c(CO)nnc4C3)cc1)C2=O,9.040958608
O=C1CC2(CCN(C(=O)CN3CCN(CCSc4nc5ccccc5c(=O)[nH]4)CC3)CC2)Oc2ccccc21,7.448550002
O=C(Nc1cc(Cn2c(=O)[nH]c(=O)c3ccccc32)cnc1F)[C@H]1CCN(CC2CC2)C1,9.244125144
O=C1c2ccccc2C2(O)c3ccc(Br)cc3CCN12,9.0
CCN1CCC(c2nn(C)c3[nH]c(=O)c4ccccc4c23)CC1,8.080921908
NC(=O)c1nn(CCCN2C(=O)C(=O)c3ccccc32)c2ccccc12,8.450506287
CC(C)CC(=O)NCc1nc(-c2ccc3[nH]c4c5c(c6c(c4c3c2)C(=O)NC6=O)CCC5)cs1,6.022276395
NC(=O)c1cccc2c1O/C(=C\c1cccc(C(=O)N3CCN(c4ncccn4)CC3)c1)C2=O,7.450004148
NC(=O)c1cc(F)cc2cn(-c3ccc(NC(=O)C4CNC4)cc3)nc12,7.439997673
O=C1NC(=O)/C(=C/c2cn(Cc3ccccc3Cl)c3ccccc23)S1,6.853871964
Cc1cccc2c1CCNC2=O,9.22184875
CC(=O)N1CCN(C(=O)c2csc(Cc3n[nH]c(=O)c4ccccc34)c2)CC1,5.872895202
Oc1nc2c(c3ccccc13)CCCC2,8.140621496
O=C(CCn1c2c(c(=O)[nH]c1=O)CSCC2)NCC(=O)c1ccc(Cl)cc1,7.701146924
O=C1NC(=O)c2c1c1c(c3[nH]c4ccccc4c23)CCO1,8.958607315
O=C(Nc1cc(Cn2c(=O)[nH]c(=O)c3ccccc32)cnc1F)[C@H]1CCN(C(=O)C2CC2)C1,8.243363892
COc1cccc2c(=O)[nH]c(-c3ccc(C(C)(C)O)cc3)nc12,6.441291429
O=c1[nH]c(=O)c2ccccc2[nH]1,8.522878745
Cc1c(-c2ccnc(C(F)(F)F)c2)ccc2c1CCNC2=O,7.457174573
CCc1ccc(Cn2cc(/C=C3\SC(=O)NC3=O)c3ccccc32)cc1,8.455931956
COc1cc(CNC2CCCC2)cc2[nH]c(=O)c3c(c12)NCCC3,8.37675071
O=C(c1ccc(F)cc1)C1CCN(CC(=O)N(Cc2nc3c(c(=O)[nH]2)COCC3)Cc2ccccc2F)CC1,6.477718821
O=C1NC(=O)/C(=C/c2cn(Cc3cccc(Cl)c3)c3ccccc23)S1,8.480040819
CC[C@@H]1C(=O)N(C)c2cnc(Nc3cccc(-c4nc5c(C(N)=O)cccc5[nH]4)c3)nc2N1C1CCCC1,7.631341288
O=C(c1ccc(F)cc1)C1CCN(CC(=O)N(Cc2nc3c(c(=O)[nH]2)COCC3)CC2CC2)CC1,9.638272164
NC(=O)c1cccc2c1O/C(=C\c1ccc(C(=O)NC3CCN(c4ncccn4)CC3)cc1)C2=O,8.920818754
NC(=O)c1cccc2cn(-c3ccc(CNCCF)cc3)nc12,7.958607315
COc1cc(/C=N/NC(N)=S)c(Br)c(Br)c1O,8.769551079
Cl.O=C(CN1CCCCC1)Nc1ccc2nc(O)c3ccccc3c2n1,8.259637311
CC(=O)Oc1cccc(Cc2n[nH]c(=O)c3ccccc23)c1,8.568636236
O=C(c1cccc(Cc2n[nH]c(=O)c3ccccc23)c1)N1CCN(c2ccccn2)CC1,9.045757491
COc1cccc(C(=O)C2CCN(CC(=O)N(Cc3nc4c(c(=O)[nH]3)COCC4)CC(F)F)CC2)c1,8.958607315
CCc1cc2cnc(CN3CCN(c4ccc(C(=O)NC)nc4F)CC3)cc2[nH]c1=O,8.327902142
NC(=O)c1cc(F)ccc1OCc1ccc(F)c(C(=O)N2CCNCC2)c1,8.346787486
O=C(CN1CCCCC1)c1ccc2[nH]c3c4c(c5c(c3c2c1)C(=O)NC5=O)CCC4,9.003007018
COCCN1CCC(Oc2ccc3[nH]c(=O)c4c(c3c2)CCSC4)CC1,8.853871964
O=c1[nH]nc2c3c(c(Br)ccc13)NC1=C2CCCC1,6.716698771
CCS(=O)(=O)Nc1cccc(Cc2nnc(O)c3ccccc23)c1,7.651695137
NC(=O)c1cccc2c1O/C(=C\c1cc(O)ccc1O)C2=O,8.455931956
O=C(NCCC1(N2CCOCC2)CCCC1)c1cc2[nH]c(=O)c3ccccc3n2n1,7.124938737
CC(C)(C)OC(=O)N1CC2(C1)CN(C(=O)c1cc(Cc3n[nH]c(=O)c4ccccc34)ccc1F)C2,8.30980392
O=C1NCC2c3c(cccc31)CCN2C(=O)Cc1ccc(OCc2ccccc2)cc1,6.029188389
COc1ccc(C(=O)C2CCN(C3CCN(CC(=O)Nc4nnc5n4CCS5)C3=O)CC2)cc1,9.70333481
Cl.O=C(CN1CCC(N2CCCC2)CC1)Nc1cnc2c(c1)nc(O)c1ccccc12,8.723538196
O=C(c1cccc(Cc2n[nH]c(=O)c3ccccc23)c1)N1CCn2c(nnc2C(F)(F)F)C1,6.15490196
O=C(c1cc(Cc2n[nH]c(=O)c3ccccc23)ccc1F)N1CC2(CCNCC2)C1,7.055517328
NC(=O)c1cc(F)cc2[nH]c(-c3cc4c(s3)CCNC4)nc12,8.389978975
CC(C)(C)CN(Cc1nc2c(c(=O)[nH]1)COCC2)C(=O)CN1CCC(C(=O)c2ccc(F)cc2)CC1,7.387216143
O=C1NCc2c1c1c(c3[nH]c4ccc(Cl)cc4c23)CCC1,8.638272164
COc1ccc(C(=O)C2CCN(CC(=O)NCc3nc4c(c(=O)[nH]3)CCCC4)CC2)cc1,9.698970004
O=C1NCCn2c(-c3cc4c(s3)CCNC4)nc3cc(F)cc1c32,8.823908741
CCC1(C(=O)N2CCN(C(=O)c3cc(Cc4n[nH]c(=O)c(C)c4C)ccc3F)CC2)CCCN1,6.236572006
CC(C)(N)C(=O)N1CC2=NNC(=O)c3cccc4[nH]c(c2c34)C1,6.386158178
N#Cc1cccnc1N1CCN(C(=O)c2ccc(/C=C3\Oc4c(C(N)=O)cccc4C3=O)cc2)CC1,5.427128398
CCC(=O)NCc1nc(-c2ccc3[nH]c4c5c(c6c(c4c3c2)C(=O)NC6=O)CCC5)cs1,8.853871964
NC(=O)c1cc(F)cc2[nH]c(-c3ccc(-c4ccc(NC(=O)C5CC5)cc4F)cc3F)nc12,9.22184875
O=C(c1csc(Cc2n[nH]c(=O)c3ccccc23)c1)N1CCN(C(=O)c2cccs2)CC1,9.387216143
Cc1cccc2c(=O)[nH]c(-c3ccc(Cl)cc3)nc12,10.04575749
CC(=O)Nc1ccc(-c2ccc(-c3nc4c(C(N)=O)cccc4[nH]3)cc2)cc1,8.48148606
CNC1(C(=O)N2CCN(C(=O)c3cc(Cc4n[nH]c(=O)c(C)c4C)ccc3F)CC2)CCCC1,8.591760035
O=C(Cn1c2c(c(=O)[nH]c1=O)CSCC2)NCC(=O)N1CCN(c2ncccn2)CC1,8.698970004
O=C(CCn1c2c(c(=O)[nH]c1=O)COCC2)NCC(=O)N1CCN(c2ncccn2)CC1,8.251811973
NC(=O)c1cccc2[nH]c(C(=O)N3CCC(NC4CCNCC4)CC3)nc12,8.337242168
CC(=O)Nc1ccc(C2Nc3cc(F)cc4c(=O)[nH]nc(c34)C2c2ncnn2C)cc1,10.69897
NC(=O)c1cccc2[nH]c(-c3cc4c(s3)CCNC4)nc12,7.761953897
CC(=O)Nc1cccc(-c2ccc(-c3nc4c(C(N)=O)cccc4[nH]3)cc2)c1,8.397940009
CC(C)(C)OC(=O)N1CC[C@H](C(=O)Nc2cc(Cn3c(=O)[nH]c(=O)c4ccccc43)ccc2[N+](=O)[O-])C1,8.638272164
O=c1[nH]ccc2c(Br)cccc12,8.795880017
Cc1c(CN2CCN(C(=O)c3cc(Cc4n[nH]c(=O)c5ccccc45)ccc3F)CC2)sc2c(N3CCOCC3)nc(-c3cnc(N)nc3)nc12,7.568636236
CC(C)(C)CN1CCC(NC(=O)c2nc3c(C(N)=O)cccc3[nH]2)CC1,8.30980392
Cc1cccc2c(O)nc(CCCN3CC=C(c4ccccc4)CC3)nc12,8.920818754
NC(=O)c1cccc2[nH]c(C(=O)N3CCC(N)C3)nc12,10.0
O=c1[nH]c2ccc(OC3CCN(CCc4ccccc4)CC3)cc2c2c1CSCC2,8.602059991
O=c1[nH]nc2c3c(c(Cl)ccc13)NC1=C2CCCC1,7.040958608
CC(NC(=O)CCc1nc2ccccc2c(=O)[nH]1)c1ccc(-n2ccnc2)cc1,7.346787486
N#Cc1ccc(-c2cnc3cccc(C(N)=O)c3n2)cc1,8.638272164
CCCNC(=O)Nc1ccc2c(c1)Cc1c-2nc(O)c2ccccc12,8.353596274
NC(=O)c1ccc2c(c1)[nH]c(=O)c1ccsc12,8.301029996
CC1CCN(C(=O)C2CCN(C(=O)c3cccc(Cc4nnc(O)c5ccccc45)c3)CC2)CC1,7.200659451
NC(=O)c1cccc2c1O/C(=C\c1ccc(C(=O)N3CCn4c(nnc4C(F)F)C3)cc1)C2=O,8.519993057
O=C1NCC2c3c(cccc31)CCN2C(=O)c1ccc(C(=O)N2CCCNCC2)cc1,9.173925197
O=C(Nc1cccc(Cl)c1)c1cc(Cl)cc(Cl)c1O,10.23657201
CCN(CCO)Cc1ccc2c(c1)-c1n[nH]c(=O)c3cccc(c13)O2,8.795880017
Oc1nc(CCCC2CC=C(c3ccccc3)CC2)nc2ccccc12,10.09691001
CN(C)Cc1cc(O)c2c3c(c(=O)[nH]c2c1)CCCN3,4.677780705
CC1(C)CC2=NNC(=O)c3cccc4c3c2c(n4CCO)C1,9.0
O=C(NCc1nnc(-c2cccc3c(=O)c4ccccc4c(=O)[nH]c23)o1)c1ccccc1Cl,8.537602002
O=c1[nH]nc2c3c(cccc13)NC(c1ccc(F)cc1)C2c1nccs1,7.30980392
NC(=O)c1cccc2c1O/C(=C\c1ccc(-c3nccs3)cc1)C2=O,7.248105312
Cc1cc(CN2CCN(c3ccc(C(=O)NC4CC4)cc3Cl)CC2)cc2c1OC(C)C(=O)N2,8.991399828
NC(=O)c1cccc2c1O/C(=C\c1ccc(C(=O)N3CCN(c4ncccc4C(F)(F)F)CC3)cc1)C2=O,7.602059991
CC(Oc1ccccc1)C(=O)N1CCN(C(=O)c2cccc(CCOc3ccccc3C(N)=O)c2)CC1,5.455931956
CCC(=O)N1CCN(C(=O)c2csc(Cc3n[nH]c(=O)c4ccccc34)c2)CC1,9.420216403
COc1cc(O)c(Cl)c(C)c1-c1cc(O)c(Cl)c2cc3c(c(O)c12)C(=O)c1c(cc(O)c(Cl)c1O)C3(C)C,8.698970004
COc1ccc2c(c1)C(CC(=O)N1CCN(C(=O)c3ccccc3N3CCC(=O)NC3=O)CC1)CC2=O,8.008773924
Cc1c(C(=O)N2CCC(N(C)C)CC2)sc2c1[nH]c(=O)c1ccccc12,9.628932138
O=C(O)c1ccc2[nH]c(=O)c3c(c2c1)CCSC3,7.619788758
CCCN1CC2=NNC(=O)c3cc(F)cc4[nH]c(c2c34)C1,8.853871964
O=C(CN1CCC(n2c(=O)[nH]c3ccccc32)CC1)NCc1nc2c(c(=O)[nH]1)COCC2,5.769551079
NC(=O)n1ccc2ccc(N3CCCCC3)nc21,8.086186148
O=C(c1cc(Cc2n[nH]c(=O)c3ccccc23)ccc1F)N1CCC12CCNCC2,8.920818754
CCCCCc1cc2c(N)cccc2c(=O)[nH]1,7.494850022
CC(C)(O)c1ccc(-c2nc3c(F)cc(F)cc3c(=O)[nH]2)cc1,7.363010898
CC1(C)CC2=NNC(=O)c3cc(F)cc4[nH]c(c2c34)C1O,6.862835855
C[C@@H]1CN(c2cc(F)c3c(c2)N(C)C(=O)C32CCN(c3nc4c(c(=O)[nH]3)CCCN4C)CC2)C[C@H](C)O1,9.698970004
N#Cc1ccc(N2CCN(CCCc3cc4c(N)cc(F)cc4c(=O)[nH]3)CC2)cc1,4.677780705
O=C(c1cc(Cc2n[nH]c(=O)c3ccccc23)ccc1F)N1CC2(COC2)C1,7.0
CCN(CC)CCc1c[nH]c2ccc3c(c12)CCNC3=O,8.499489089
O=C(O)CNc1cccc2c(=O)[nH]ccc12,9.540607512
CC(C)N1CCC(NC(=O)c2nc3c(C(N)=O)cccc3[nH]2)CC1,8.327902142
Cn1ncnc1[C@@H]1c2n[nH]c(=O)c3cc(F)cc(c23)N[C@H]1c1ccc(F)cc1,8.48148606
CN(C)CCn1c2c3c4c(cccc41)C(=O)NN=C3CN(C(=O)C1CC1)C2,8.775985189
O=C(NC1CCCC1)C1CCN(C(=O)c2cccc(Cc3nnc(O)c4ccccc34)c2)CC1,8.886056648
NC(=O)c1cccc2cn(-c3cccc(Cl)c3)nc12,9.580044252
O=c1[nH]c2cc(-c3ccccc3)nn2c2ccccc12,9.301029996
CCOc1ccc(-c2nnc([C@H]3C[C@H](NC(=O)c4cccc5nccnc45)C3)n2-c2ccccc2F)nc1,8.401209493
O=c1[nH]nc2c3c(cccc13)N=C(COc1ccccc1)N2,6.0
CN(C)S(=O)(=O)N1CCN(C(=O)c2cc(Cc3c[nH]c(=O)c4cc(Cl)c(Cl)n34)ccc2F)CC1,5.769551079
Oc1nc(CCCN2CCC3=C(CCc4ccccc43)C2)nc2ccccc12,8.397940009
O=C1NCCn2c(C3CCN(Cc4ccccc4)CC3)nc3cncc1c32,8.229147988
COc1ccc(N2CCN(c3nc4c(c(=O)[nH]3)CC(F)(F)CC4)CC2)cc1,10.30103
CC(NC(=O)CCc1nc2ccccc2c(=O)[nH]1)c1ccc(S(N)(=O)=O)cc1,4.677780705
O=C1NCC2c3c(cccc31)CCN2C(=O)c1cc(Cc2n[nH]c(=O)c3ccccc23)ccc1F,8.964970718
CCCCN1CCN(C(=O)c2cc(Cc3c[nH]c(=O)c4cc(Cl)c(Cl)n34)ccc2F)CC1,8.823908741
CC1(C)CCC2N=C(CCCN3CC=C(c4ccccc4)CC3)NC(=O)C2C1,6.332547047
NC(=O)c1cccc2cn(-c3ccc(NC(=O)CN4CCCC4)cc3)nc12,5.981299501
CCCN1CCN(C(=O)c2cc(Cn3c(=O)[nH]c(=O)c4ccccc43)ccc2F)C[C@@H]1CC,7.920818754
O=C(NCCN1CCCCC1)c1ccc2[nH]c(=O)c3c(c2c1)CCSC3,8.522878745
CS(=O)(=O)c1ccc(-c2nnc(/C=C/c3nnc(-c4ccc(C#N)cc4)o3)n2-c2ccccc2Cl)nc1,8.698970004
CCC(=O)N1CCN(C(=O)c2cc(Cn3c(=O)[nH]c(=O)c4ccccc43)ccc2F)C[C@H]1CC,9.48148606
COc1cc(/C=C/C(=O)Nc2nc3c(s2)CCCC3)cc(OC)c1,6.848017605
O=C(CN1CCN(c2ccc(F)cc2)CC1)Nc1ccc2c(c1)Cc1c-2nc(O)c2ccccc12,7.404503778
CC(Oc1ccccc1)C(=O)N1CCN(C(=O)c2cccc(Cc3n[nH]c(=O)c4ccccc34)c2)CC1,5.0
CC1CC(=O)N(c2cc(Cc3n[nH]c(=O)c4ccccc34)ccc2F)C1=O,6.806875402
CC[C@H]1CN(C(=O)c2cc(Cn3c(=O)[nH]c(=O)c4ccccc43)ccc2F)CCN1C(C)C,7.612610174
NC(=O)c1cccc(Cl)c1,8.42136079
O=C(c1ccc(Nc2nc3ccccc3n3nnnc23)cc1)N1CCOCC1,9.070581074
CC(C)(C)[C@@H]1NCCC2C=C(c3nc4c(C(=O)O)cc(F)cc4[nH]3)SC21,8.522878745
O=C(c1ncc[nH]1)N1CCN(C(=O)c2cc(Cc3c[nH]c(=O)c4cc(Cl)c(Cl)n34)ccc2F)CC1,4.806875402
COC(=O)c1cnc(N2CCN(C(=O)c3ccc(/C=C4\Oc5c(C(N)=O)cccc5C4=O)cc3)CC2)nc1,8.847711656
O=C1NN=C2CN(C(=O)C3CC3)Cc3[nH]c4cccc1c4c32,6.092588639
CC(C)(C)C(=O)N1CC2=NNC(=O)c3cc(F)cc4[nH]c(c2c34)C1,8.251811973
Cc1c(Cc2ccc(F)c(C(=O)N3Cc4nnc(C(F)(F)F)n4C(C)C3)c2)n[nH]c(=O)c1C,8.301029996
COCCOc1ccc(C(=O)C2CCN(CC(=O)NCc3nc4c(c(=O)[nH]3)COCC4)CC2)cc1,8.0
NC(=O)c1cccc2c1O/C(=C\c1ccc(C(=O)N3CCn4c(Cc5cccc(F)c5)nnc4C3)cc1)C2=O,6.301029996
O=c1[nH]c2c(nc3cnccn32)c2ccccc12,7.882728704
O=C(CCc1ccccc1)N(Cc1ccsc1)Cc1nc2c(c(=O)[nH]1)COCC2,5.528708289
O=C(c1cc(Cc2n[nH]c(=O)c3ccccc23)ccc1F)N1CCN(c2ncccn2)CC1,8.15490196
Oc1nc2c(c3ccccc13)Cc1ccc(F)cc1-2,5.795880017
NC(=O)c1cccc2cn(-c3ccc4c(c3)CCNC4)nc12,7.744727495
O=C(CCc1nc2ccccc2c(=O)[nH]1)N1CCN(C(=O)C2CCCC2)CC1,9.619788758
NCCNC(=O)c1ccc2[nH]c(=O)c3c(c2c1)CCSC3,7.602059991
CN1CC(=O)N(c2cc(Cc3nnc(O)c4ccccc34)ccc2F)C(=O)C1,8.522878745
O=S(=O)([O-])c1ccc2c(c1)nc(O)c1cc(S(=O)(=O)[O-])ccc12.[Na+].[Na+],5.602059991
O=c1[nH]c2cc(-c3cccs3)nn2c2ccccc12,8.588380294
O=C1NC(=O)c2c1c1c(c3[nH]c4ccc(-c5csc(CNC(=O)C6CCCC6)n5)cc4c23)CCC1,7.15490196
CCCNC(=O)Nc1cccc(Cc2nnc(O)c3ccccc23)c1,7.251811973
Cn1c(C(=O)N2CCN(Cc3ccccc3)CC2)cc2[nH]c(=O)c3ccccc3c21,6.369572125
O=c1[nH]nc2c3c(cccc13)N=C(c1ccc3c(c1)OCO3)N2,9.769551079
COc1ccc(C(=O)C2CCN(C(=O)CCCc3cn4c(C)ccc4c(=O)[nH]3)CC2)cc1,5.978810701
O=C1NCC2c3c(cccc31)CCN2C(=O)Cc1ccc(Br)cc1,9.410050399
O=C(CCC(=O)N1CCC[C@H]1C(=O)O)c1ccc2[nH]c3c4c(c5c(c3c2c1)C(=O)NC5=O)CCC4,9.744727495
CCCc1ccc(-c2cc3[nH]c(=O)c4ccccc4n3n2)cc1,7.987162775
CC(C)N1CCN(Cc2ccc3c(c2)-c2n[nH]c(=O)c4cccc(c24)O3)CC1,7.987162775
C[C@H]1Cc2cc(F)cc(C(N)=O)c2O1,7.698970004
CN1CCCN(C(=O)c2cc(Cc3c[nH]c(=O)c4cc(Cl)c(Cl)n34)ccc2F)CC1,8.920818754
Cc1nc2cccc(C)c2c(=O)[nH]1,8.853871964
Cc1cccc2c(Nc3cccc(-c4nc5c(C(N)=O)cccc5[nH]4)c3)c3ccccc3nc12,7.604341678
COCCN(Cc1nc2c(c(=O)[nH]1)COCC2)C(=O)CN1CCC(C(=O)c2ccc(OC)cc2)CC1,6.744727495
O=c1[nH]c(SCCN2CCN(c3ccccn3)CC2)nc2ccccc12,6.36999951
O=c1[nH]nc2c3c(c(Br)ccc13)NC1=C2CCCCC1,9.167491087
COC1CN(C(=O)c2cc(Cc3n[nH]c(=O)c4ccccc34)ccc2F)C(C)c2nnc(C(F)(F)F)n21,8.301029996
CN1CCCc2c1c1cc(O)ccc1[nH]c2=O,7.627087997
CCNC1(C(=O)N2CCN(C(=O)c3cc(Cc4n[nH]c(=O)c(C)c4C)ccc3F)CC2)CCCC1,6.89279003
COc1ccc(CN2CCN(Cc3c(O)cc(O)c4c(=O)cc(-c5ccc(O)cc5)oc34)CC2)c(OC)c1OC,5.920095532
C[C@@H]1c2cccc(C(N)=O)c2C(=O)N1C1CCN(C2CCCCC2)CC1,9.096910013
O=c1[nH]nc2c3c(cccc13)N=C(CN1CCN(c3ccccn3)CC1)N2,8.102372909
CC[C@@H]1CN(C(=O)c2cc(Cn3c(=O)[nH]c(=O)c4ccccc43)ccc2F)CCN1C,6.91721463
Cn1c2cccc(C(N)=O)c2c(=O)n1C1CCN(C2CCCCC2)CC1,8.585026652
O=C(NCCN1CCOCC1)c1ccc2[nH]c3c4c(c5c(c3c2c1)CNC5=O)CCC4,5.589999963
O=c1[nH]nc2c3c(cccc13)Oc1ccc(CNCCN3CCOCC3)cc1-2,8.853871964
N#Cc1ccc(N2CCN([C@H]3C=C(c4cc5c(N)cc(F)cc5c(=O)[nH]4)CC3)CC2)cc1,6.053547735
CN1CCN(c2ccc(-c3nc4ccc(F)cc4c(=O)[nH]3)cc2)CC1,7.431798276
CCS(=O)(=O)N1CCN(C(=O)c2cc(Cc3c[nH]c(=O)c4cc(Cl)c(Cl)n34)ccc2F)CC1,9.397940009
CCN(CC)Cc1ccc2c3c(c(=O)[nH]c2c1)CCCN3C,7.705533774
O=C(c1ccncc1)N1CCN(C(=O)c2csc(Cc3n[nH]c(=O)c4ccccc34)c2)CC1,7.999565923
CCCCC1NCCc2cc(-c3nc4c(C(N)=O)cc(F)cc4[nH]3)sc21,6.37675071
NC(=O)c1ccc(F)cc1OCc1ccc(F)c(C(=O)N2CCNCC2)c1,7.067019178
Nc1ccccc1NC(=O)C1CCN(C(=O)c2cc(Cc3n[nH]c(=O)c4ccccc34)ccc2F)CC1,7.397940009
O=S(=O)(NCCCNN1CCOCC1)c1cc2c(cc1F)-c1nc(O)c3ccccc3c1C2,8.832682665
CCS(=O)(=O)N1CCN(C(=O)c2cccc(Cc3n[nH]c(=O)c4ccccc34)c2)CC1,5.965772739
Oc1nc(CCCN2CC=C(c3ccccc3)CC2)nc2c(Cl)cc(Cl)cc12,7.087246696
O=S(=O)([O-])c1ccc2c(c1)Cc1c-2nc(O)c2ccccc12.[Na+],9.045757491
COc1ccc2[nH]c(CCNC(=O)c3ccc(/C=C4\Oc5c(C(N)=O)cccc5C4=O)cc3)nc2c1,7.305394801
CC(C)N(Cc1ccc2c(c1)-c1n[nH]c(=O)c3cccc(c13)O2)C(C)C,7.522878745
CC1(C)CC2=NNC(=O)c3cccc4c3c2c(n4CCN2CCCCC2)C1,9.640164518
O=C1NN=C2CCCc3[nH]c4c(F)ccc1c4c32,7.866461092
Cc1cc(F)cc2c(=O)[nH]c(-c3ccc(C(C)(C)O)cc3)nc12,7.031517051
COc1cccc(CN2CCN(C(=O)c3cc4[nH]c(=O)c5ccccc5c4n3C)CC2)c1,8.055517328
O=C(O)c1ccc2c3ccccc3c(=O)n(CCCO)c2c1,5.356547324
O=C(Nc1cc(Cn2c(=O)[nH]c(=O)c3ccccc32)cnc1Cl)[C@H]1CCNC1.O=C(O)C(F)(F)F,8.823908741
COc1ccc(N2CCN(C(=O)c3cc(Cc4n[nH]c(=O)c5ccccc45)cc(F)c3F)CC2)cc1,7.40999458
CN1CCN(CCS(=O)(=O)Nc2ccc(/C=C3\Oc4c(C(N)=O)cccc4C3=O)cc2)CC1,9.559090918
NC(=O)c1cccc2cn(-c3ccc(C(=O)NCCN4CCCC4)cc3)nc12,8.30980392
Cc1c(Cc2ccc(F)c(C(=O)N3CCN(C(=O)[C@@]4(C)CCN4)CC3)c2)n[nH]c(=O)c1C,8.886056648
Nc1ccccc1NC(=O)CCCCCNC(=O)c1cc(Cc2n[nH]c(=O)c3ccccc23)ccc1F,6.424812155
CN(C)C1CCN(C(=O)c2cc3c(n2C)-c2ccccc2C(=O)NC3)CC1,7.127843727
C[C@H]1CN(C(=O)c2cc(Cn3c(=O)[nH]c(=O)c4ccccc43)ccc2F)CCN1,9.522878745
O=C(c1cc(Cc2n[nH]c(=O)c3ccccc23)ccc1F)N1CCN(CC2CC2)CC1,9.301029996
COC1CN(C(=O)c2cc(Cc3n[nH]c(=O)c4ccccc34)ccc2F)Cc2nnc(C(F)(F)F)n21,8.698970004
O=C(O)c1cccc2cn(-c3ccc([C@@H]4CCCNC4)cc3)nc12,9.173925197
NC(=O)c1cc(Cl)cc2c1C(=O)N(C1CCN(C3CCC(F)(F)CC3)CC1)C2,9.698970004
O=c1[nH]c2ccccc2c2ccccc12,9.508638306
Cc1ccc(CN2CCN(Cc3c(O)cc(O)c4c(=O)cc(-c5ccc(O)cc5)oc34)CC2)cc1,8.638272164
O=C(c1cc(Cc2n[nH]c(=O)c3ccccc23)ccc1F)N1CCC2(CC1)CCN(C(=O)C1CC1)CC2,7.995678626
O=c1[nH]c(-c2ccc(C(F)(F)F)cc2)nc2ccccc12,7.524328812
COc1ccc(OC)c2c1CCN1C(=O)c3ccccc3C21O,7.605548319
O=c1[nH]c(C2=C[C@@H](N3CCC(c4ccccc4)CC3)CC2)nc2c(Cl)cccc12,7.589999287
COc1ccc2c(c1OC)CCN1C(=O)CCCC21,5.602059991
CC[C@@H]1C(=O)N(C)c2cnc(Nc3ccc(-c4nc5c(C(N)=O)cccc5[nH]4)cc3)nc2N1C1CCCC1,8.302770657
COC(=O)c1cccc2nc(CCNC(=O)c3ccc(/C=C4\Oc5c(C(N)=O)cccc5C4=O)cc3)[nH]c12,7.657577319
COc1ccc(C(=O)C2CCN(CC(=O)NCc3nc4c(c(=O)[nH]3)COCC4)CC2)cc1C,7.494850022
CC(C)Cc1cc2[nH]c(=O)c3ccccc3n2n1,8.602059991
NC(=O)c1cccc2[nH]c(-c3ccc(-c4ccc(C(=O)N5CCCC5)cc4)cc3)nc12,7.772113295
COc1ccccc1N1CCN(c2nc3c(c(=O)[nH]2)C[S+]([O-])CC3)CC1,6.124938737
C[C@@H]1CN(C(=O)c2cc(Cc3n[nH]c(=O)c4ccccc34)ccc2F)Cc2nnc(C(F)(F)F)n21,8.823908741
Cc1ccc(N2CCN(C(=O)c3cc(Cc4n[nH]c(=O)c5ccccc45)cc(F)c3F)CC2)cc1,11.0
O=CN1Cc2c(c3c(c4[nH]c5ccccc5c24)CCC3)C1=O,6.522878745
CC(Oc1ccccc1)C(=O)N1CCN(C(=O)c2cc(COc3ccc(F)cc3C(N)=O)ccc2F)CC1,8.777283529
CS(=O)(=O)O.Oc1nc2ccc(N3CCNCC3)nc2c2ccccc12,7.698970004
O=C1NCCn2cnc3cccc1c32,8.16653414
CNCc1ccc(-c2ccc3c(Cl)cc(C(N)=O)n3n2)cc1,5.853871964
CC1Cc2cc(-c3nc4c(C(N)=O)cc(F)cc4[nH]3)sc2CN1,7.886056648
O=C(Nc1cc(Cn2c(=O)[nH]c(=O)c3ccccc32)cnc1F)[C@H]1CCN(C2CCC(F)(F)CC2)C1,7.301029996
NC(=O)c1cccc(N)c1,8.327902142
NC(=O)c1cccc2[nH]c(-c3ccc(OCc4cn(CCF)nn4)cc3)nc12,5.677780705
O=S(=O)(O)c1ccc2c(c1)nc(O)c1cc(F)ccc12,7.709965389
Cc1c(Cc2ccc(F)c(C(=O)N3CCN(C(=O)[C@@H]4CCCN4)CC3)c2)n[nH]c(=O)c1C,7.013228266
Cn1cc(CNCCc2c[nH]c3ccc4c(c23)CCNC4=O)cn1,8.823908741
Cc1nn(C(C)(C)C)c2[nH]c(=O)c3c(c12)CCC3,8.795880017
NC(=O)[C@@H]1CCCN1C(=O)CCC(=O)c1ccc2[nH]c3c4c(c5c(c3c2c1)C(=O)NC5=O)CCC4,8.22184875
NC(=O)c1cccc2c1C(=O)N(C1CCN(Cc3ccc4[nH]ccc4c3)CC1)C2,9.292429824
NC(=O)c1c(F)ccc2[nH]c(C3CCNCC3)nc12,8.823908741
O=C1NC(CCCN2CC=C(c3ccccc3)CC2)=NC2CCCCC12,8.0
CC(C)(C)[C@H]1NCCC2C=C(c3nc4c(C(=O)O)cc(F)cc4[nH]3)SC21,7.950781977
Cc1cc(F)cc2c(=O)[nH]c(-c3ccc(C4CCNCC4)cc3)nc12.Cl,8.769551079
COc1ccc(-c2nc(O)c3cccc(OC)c3n2)cc1,8.179995693
Cn1ccnc1C1c2n[nH]c(=O)c3cc(F)cc(c23)NC1c1ccccc1,7.468150813
Oc1nc2ccccc2c2ncccc12,8.518557371
COc1ccc(-c2cnc3cccc(C(N)=O)c3n2)cc1,8.148741651
NC(=O)c1cccc2[nH]c(-c3cccc(Nc4c5ccccc5nc5ccccc45)c3)nc12,8.013228266
O=C(CCn1c2c(c(=O)[nH]c1=O)CSCC2)NCC(=O)c1ccc(-c2ccnnc2)cc1,8.008773924
CCN(Cc1nc2c(c(=O)[nH]1)COCC2)C(=O)CN1CCC(C(=O)c2ccc(F)cc2)CC1,6.22475374
O=C1NCCn2c(-c3ccc(CN4CCCCC4)cc3)nc3cncc1c32,7.920818754
Nc1cccc2c(=O)n(CCC(=O)O)ccc12,6.935542011
O=C1CCN(c2ccccc2C(=O)NCCc2nc(-c3ccccn3)no2)C(=O)N1,7.879426069
CCN(CC)C1CCN(C(=O)c2cc(Cc3c[nH]c(=O)c4cc(Cl)c(Cl)n34)ccc2F)CC1,7.651695137
Cc1nc(-c2ccc3[nH]c4c5c(c6c(c4c3c2)C(=O)NC6=O)CCC5)cs1,8.075720714
O=c1[nH]c([C@H]2CC[C@@H](N3CC=C(c4ccccc4)CC3)CC2)nc2ccccc12,5.522878745
NC(=O)c1cccc2cn(-c3ccc(CNC(=O)C4CNC4)cc3)nc12,5.180456064
CN1CCC2N=C(CCCN3CC=C(c4ccccc4)CC3)NC(=O)C2C1,7.698970004
Cc1cccc2c(=O)[nH]c(C3=CC(N4CCN(c5ccc(Cl)cc5)CC4)CC3)nc12,8.420216403
NC(=O)c1cccc2[nH]n(C3CCN(Cc4ccco4)CC3)c(=O)c12,8.698970004
O=c1[nH]nc2c3c(cccc13)N=C(CNCCc1cccc(F)c1)N2,7.757210191
CN1CCN(c2ccc(/C=C3\Oc4c(C(N)=O)cccc4C3=O)cc2)CC1,7.361510743
NC(=O)c1cccc2c1O/C(=C\c1cccc(C(=O)NCCc3nc4cc(F)ccc4[nH]3)c1)C2=O,7.557520231
NCCOc1c(-c2ccc(F)c(F)c2)[nH]c(=O)c2cc(F)ccc12,8.292429824
O=C1NCC2c3c(cccc31)CCN2C(=O)C1CNC1,8.402195158
O=C1NN=C2CCCc3[nH]c4cccc1c4c32,8.987162775
COc1cccnc1N1CCN(C(=O)c2cc(Cc3c[nH]c(=O)c4cc(Cl)c(Cl)n34)ccc2F)CC1,7.634512015
O=c1[nH]nc2c3c(cccc13)N=C(CN1CCC3(CC1)OCCO3)N2,5.721246399
O=C(c1cc(Cc2c[nH]c(=O)c3cc(Cl)c(Cl)n23)ccc1F)N1CCC2(CCCCN2)CC1,7.500312917
COC1CCN(C(=O)c2cc(Cc3n[nH]c(=O)c4ccccc34)ccc2F)CC1,7.15490196
CCCCNCc1ccc(-c2[nH]c3cc(F)cc4c3c2C(=O)NNC4=O)cc1,9.795880017
NC(=O)c1cccc2cn(-c3ccc(NC(=O)CN4CCOCC4)cc3)nc12,8.443697499
CCC(=O)N1CCN(C(=O)c2cc(Cc3c[nH]c(=O)c4cc(Cl)c(Cl)n34)ccc2F)CC1,8.924453039
Cc1nc(-c2ccccc2)sc1C(=O)Nc1cccc(Cc2nnc(O)c3ccccc23)c1,8.602059991
O=C1NC(=O)/C(=C/c2cn(Cc3ccc(Cl)cc3)c3ccccc23)S1,7.94275242
CN(C)Cc1ccc(C2c3n[nH]c(=O)c4cccc(c34)NC2c2ccccc2)cc1,7.258375742
O=c1cc(-c2cccc(-c3c(O)cc(O)c4c(=O)cc(-c5ccc(F)cc5)oc34)c2)oc2cc(O)cc(O)c12,8.431798276
CCN1CCCN(C(=O)c2cccc(Cc3nnc(O)c4ccccc34)c2)CC1,9.508638306
O=C1NCC2c3c(cccc31)CCN2C(=O)NCc1ccccc1,9.187086643
O=C(c1cc(Cc2n[nH]c(=O)c3ccccc23)ccc1F)N1CCC2(CCN(C(=O)C3CC3)CC2)C1,8.602059991
Cn1c2ccccc2c2c3c(c4c(c21)CCC4)C(=O)NC3,9.180456064
Cc1c(Cc2ccc(F)c(C(=O)N3CCN(C(=O)C4(NCC5CC5)CCCC4)CC3)c2)n[nH]c(=O)c1C,5.747146969
NC(=O)c1cc(F)ccc1OCc1ccc(F)c(C(=O)N2CCN(C(=O)C3CCCC3)CC2)c1,8.443697499
CCOC(=O)Nc1cccc(Cc2nnc(O)c3ccccc23)c1,7.935542011
O=c1[nH]c(=O)n(CCCCN2CC=C(c3ccccc3)CC2)c2cccc(F)c12,8.522878745
NC(=O)c1cccc2[nH]c(-c3ccccc3N)nc12,7.815308569
COc1ccccc1N1CCN(C(=O)c2cc(Cc3n[nH]c(=O)c4ccccc34)cc(F)c2F)CC1,7.22184875
O=c1[nH]c2ccc(O)cc2c2c1CSCC2,6.585026652
O=C(c1ccc(Cl)cc1)N1CCN(Cc2c(O)cc(O)c3c(=O)cc(-c4ccc(O)cc4)oc23)CC1,8.677780705
CN(C)Cc1ccc(C2Nc3cc(F)cc4c(=O)[nH]nc(c34)C2c2ccccc2)cc1,7.508638306
Cn1ncnc1C1c2n[nH]c(=O)c3cc(F)cc(c23)NC1c1ccccc1,9.022276395
CCc1ccc(-c2cc3[nH]c(=O)c4ccccc4n3n2)cc1,8.698970004
O=C(CCn1c2c(c(=O)[nH]c1=O)CSCC2)NCC(=O)N1CCN(c2ccncc2)CC1,7.292429824
NCCOc1c(-c2ccc(N3CCCC3)cc2)[nH]c(=O)c2cc(F)ccc12,9.522878745
O=c1[nH]c(CCCN2CCC(c3ccccc3)CC2)nc2c(Cl)cccc12,6.468521083
NC(=O)c1cccc(NC(=O)/C=C\C(=O)N2CCC(Cc3ccccc3)CC2)c1,6.795880017
Oc1nc(-c2ccc(F)cc2)nc2ccccc12,6.075720714
COc1cc(CN2CCSCC2)cc2[nH]c(=O)c3c(c12)NCCC3,7.408935393
O=C(C1CC1)N1CCN(Cc2c(O)cc(O)c3c(=O)cc(-c4ccc(O)cc4)oc23)CC1,9.214670165
CCNCc1ccc(-n2cc3cccc(C(N)=O)c3n2)cc1,5.855425792
CNCc1ccc(-n2cc3cc(F)cc(C(N)=O)c3n2)c(F)c1,9.15490196
CNC(=O)c1ccc(N2CCN(Cc3cc4[nH]c(=O)c(CC(F)F)cc4cn3)CC2)c(F)n1,7.60292945
O=C(c1cc(Cc2n[nH]c(=O)c3ccccc23)ccc1F)N1CCC2(CCNC2)C1,9.187086643
Cc1c(CN2CCN(C(=O)c3cc(Cc4n[nH]c(=O)c5ccccc45)ccc3F)CC2)sc2c(N3CCOCC3)nc(-c3cnc(N)cc3C(F)(F)F)nc12,7.886056648
CC1c2nnc(C(F)(F)F)n2C(N(C)C)CN1C(=O)c1cc(Cc2n[nH]c(=O)c3ccccc23)ccc1F,8.301029996
COc1cccc(C2=CCN(CCCc3nc(O)c4ccccc4n3)CC2)c1,7.920818754
Cc1cccc2c(O)nc3cc(C(F)(F)F)c([N+](=O)[O-])cc3c12,6.958607315
Nc1cnc2c(c1)[nH]c(=O)c1ccccc12,8.302770657
COc1ccc(N2CCN(C(=O)CNC(=O)CCCN3CCc4cccc5c4C3CNC5=O)CC2)cc1,8.055517328
NC(=O)c1cccc2c1O/C(=C\c1cccc(OCCN3CCOCC3)c1)C2=O,10.0
CC(CC(=O)NCC(=O)c1ccc2ccccc2c1)n1c2c(c(=O)[nH]c1=O)CCCC2,6.879426069
CC(C)C(=O)N1CCN(C(=O)c2cc(Cn3c(=O)[nH]c(=O)c4ccccc43)ccc2F)C[C@@H]1C,8.298000525
CC[C@H]1CN(C(=O)c2cc(Cn3c(=O)[nH]c(=O)c4ccccc43)ccc2F)CCN1CC,9.045757491
O=c1[nH]c2cc(-c3cccc(Br)c3)nn2c2ccccc12,9.210419288
O=C(c1cccc(Cc2n[nH]c(=O)c3ccccc23)c1)N1CCCN(Cc2ccccc2)CC1,6.231361899
CC1CN(C(=O)c2cc(Cc3n[nH]c(=O)c4ccccc34)ccc2F)Cc2nnc(CF)n21,8.698970004
O=C1NCCc2ccc(F)cc21,6.124938737
O=C(Cn1c2c(c(=O)[nH]c1=O)CSCC2)NCCC(=O)N1CCN(c2ncccn2)CC1,8.698970004
O=C(c1cc(Cc2n[nH]c(=O)c3ccccc23)ccc1F)N1CCC(c2nc3ccccc3[nH]2)CC1,8.397940009
O=C(NC1CNC(=O)c2ccccc21)c1cc(Cc2n[nH]c(=O)c3ccccc23)ccc1F,8.588380294
CC(C)(C)OC(=O)N1CCC(NC(=O)c2nc3c(C(N)=O)cccc3[nH]2)CC1,9.244125144
COc1ccc(CN2CCN(Cc3c(O)cc(O)c4c(=O)cc(-c5ccc(O)cc5)oc34)CC2)cc1,5.812479279
N#Cc1ccc(N2CCN(C(=O)c3cc(Cc4c[nH]c(=O)c5cc(Cl)c(Cl)n45)ccc3F)CC2)nc1,8.450016389
O=C(CN1CCN(C2CCCC2)CC1)N1CCc2c(nc(O)c3ccccc23)C1,8.187086643
Cn1cccc1CN1CCC(N2Cc3cccc(C(N)=O)c3C2=O)CC1,9.096910013
CC(C)CC(=O)Nc1nnc2n1CCS2,8.657577319
O=[N+]([O-])c1ccc(-c2nc(O)c3cccc(O)c3n2)cc1,5.970616222
CC(c1ccc(F)cc1F)N(Cc1nc2c(c(=O)[nH]1)COCC2)C(=O)CN1CCC(C(=O)c2ccc(F)cc2)CC1,8.48148606
NC(=O)c1cc(Cl)c2ccc(-c3ccc(CN4CCN(C5CC5)CC4)cc3)nn12,7.045757491
CN(C)CCOc1ccc2[nH]c(=O)c3c(c2c1)NCCC3,9.510041521
Cc1cc(-c2nnc(-c3ccccc3Cl)o2)c2[nH]c(=O)c3ccccc3c(=O)c2c1,9.619788758
CN(C)Cc1ccc2c3c(c(=O)[nH]c2c1)CCCN3C,7.790484985
Cc1ccc(C2=CCN(CCCc3nc(O)c4ccccc4n3)CC2)cc1,8.769551079
Cl.O=C1NCCn2c(C3CCNCC3)nc3cncc1c32,7.920818754
O=C(c1ccc2[nH]c(=O)c3c(c2c1)CCSC3)N1CCNCC1,8.337242168
NC(=O)c1cccc(O)c1,8.443697499
NC1(C(=O)N2CC3=NNC(=O)c4cc(F)cc5[nH]c(c3c45)C2)CC1,7.779499654
O=C(c1ccc(F)cc1)C1CCN(CC(=O)N(Cc2nc3c(c(=O)[nH]2)COCC3)Cc2nc3ccccc3s2)CC1,7.096910013
Cn1c2cccc(C(N)=O)c2c(=O)n1C1CCN(Cc2ccco2)CC1,6.180456064
O=c1cc(-c2ccc(O)cc2)oc2c(CN3CCN(c4ccc(F)cc4)CC3)c(O)cc(O)c12,10.09691001
CC(C)CC1NCCc2cc(-c3nc4c(C(N)=O)cc(F)cc4n3C)sc21,8.698970004
NC(=O)c1cc(F)cc2cn(-c3ccc(NC(=O)C4CNC4)c(F)c3)nc12,7.950781977
Br.Cc1cccc2c(=O)[nH]c(-c3ccc(CN)cc3)nc12,8.036212173
O=C(c1cc(Cc2n[nH]c(=O)c3ccccc23)cc2c1OCC2)N1CCn2c(nnc2C(F)(F)F)C1,6.609999808
N#Cc1cccc(N2CCN(C(=O)c3cc(Cc4n[nH]c(=O)c5ccccc45)cc(F)c3F)CC2)n1,8.060480747
Cc1cc(-c2[nH]c(=O)c3cc(F)ccc3c2OCCN)ccc1Cl,6.924453039
O=C(CCn1c2c(c(=O)[nH]c1=O)CSCC2)NCC(=O)c1ccc(-c2cccnn2)cc1,9.420216403
CC(C)CN1CCN(C(=O)c2cc(Cn3c(=O)[nH]c(=O)c4ccccc43)ccc2F)C[C@@H]1C,6.886056648
NC(=O)c1cccc2c1C(=O)N(C1CCN(Cc3cccnc3)CC1)C2,5.719999936
O=C(c1cc(Cc2n[nH]c(=O)c3ccccc23)ccc1F)N1CCN(CCO)CC1,8.886056648
O=C(CCn1c2c(c(=O)[nH]c1=O)CCCC2)NCC(=O)N1CCN(c2ncccn2)CC1,8.15490196
Cc1cnc2c(C(N)=O)cccc2c1,6.316952962
N#Cc1ccc(CN(Cc2nc3c(c(=O)[nH]2)COCC3)C(=O)CN2CCC(C(=O)c3ccc(F)cc3)CC2)s1,6.8569852
O=C(CCN1CCC(N2CCCC2)CC1)N1CCc2nc(O)c3cc(F)ccc3c2C1,8.823908741
O=C(c1ccccc1)N1CCN(C(=O)c2cc(Cc3n[nH]c(=O)c4ccccc34)cc(F)c2F)CC1,7.879985748
CC(C)NCc1ccc2c3c(c(=O)[nH]c2c1)CCCN3,8.200659451
Cc1cc(C)n2c(c1)nc1c3ccccc3c(=O)[nH]c12,7.22184875
Nc1cccc2c(=O)[nH]c(-c3cccs3)cc12,8.943095149
Cc1cc(F)cc2c(=O)[nH]c(-c3ccc(N4CCN(C)CC4)cc3)nc12,9.552841969
N#Cc1ccc(C2=CCN(CCCc3nc4c(Cl)cccc4c(=O)[nH]3)CC2)cc1,7.397940009
CN(C)CCN(C)Cc1ccc(-n2cc3cccc(C(N)=O)c3n2)cc1,8.508638306
NC(=O)c1ccc(Oc2ccc(C(N)=O)cc2)cc1,6.920818754
O=C(CBr)c1ccc2[nH]c3c4c(c5c(c3c2c1)C(=O)NC5=O)CCC4,8.387216143
CC(C)(C)OC(=O)N1CCC2(CC1)CN(C(=O)c1cc(Cc3n[nH]c(=O)c4ccccc34)ccc1F)C2,9.055517328
O=c1[nH]c(C2=CC(N3CC=C(c4ccc(F)cc4)CC3)CC2)nc2ccccc12,8.721246399
Cc1ccc2c(=O)[nH]cnc2c1,6.019999812
O=C(c1cc(Cc2n[nH]c(=O)c3ccccc23)cc(F)c1F)N1CCN(c2ccccc2O)CC1,10.22184875
COc1ccccc1N1CCN(c2nc3c(c(=O)[nH]2)CC(F)(F)CC3)CC1,9.096910013
NC(=O)c1cccc2[nH]c(-c3ccc(-c4cncc(CN5CCCC5)c4)cc3)nc12,8.292429824
CN(C)C(=O)C(=O)N1CCN(C(=O)c2cc(Cc3c[nH]c(=O)c4cc(Cl)c(Cl)n34)ccc2F)CC1,5.950781977
CN(C)CC(=O)N1CCN(C(=O)c2cc(Cc3c[nH]c(=O)c4cc(Cl)c(Cl)n34)ccc2F)CC1,8.522878745
CC1=NC2CCSCC2C(=O)N1,8.251811973
Nc1ccc2c(c1)-c1nc(O)c3ccccc3c1C2,4.795880017
COc1ccc(-c2ccc3ccn(C(N)=O)c3n2)cc1,7.886056648
Cc1ccc(-c2cc3[nH]c(=O)c4ccccc4n3n2)cc1,5.522878745
O=c1[nH]nc(CCCCN2CC=C(c3ccccc3)CC2)c2ccccc12,8.698970004
O=C(CCn1c2c(c(=O)[nH]c1=O)CSCC2)NCC(=O)c1ccc(Br)cc1,7.619788758
O=C(c1cc(Cc2n[nH]c(=O)c3ccccc23)ccc1F)N1Cc2cccc3c2C(C1)NCC3,9.698970004
CC(C)(C)OC(=O)N1CCC2=C(C1)Nc1cccc3c(=O)[nH]nc2c13,6.619788758
Cc1c(CN2CCN(C(=O)c3cc4cccc(C(N)=O)c4o3)CC2)sc2c(N3CCOCC3)nc(-c3ccc(N)cc3F)nc12,7.946921557
O=c1[nH]c2c(nc3cc(Cl)ccn32)c2ccccc12,9.26760624
O=c1[nH]c2cc(OCCN3CCCCC3)ccc2c2c1CCCN2,8.236572006
C[C@@H]1Cc2cc(F)cc(C(N)=O)c2O1,9.080921908
Cc1cc(CN2CCN(c3ccc(C(=O)NC4CC4)cc3)CC2)cc2c1OC(C)C(=O)N2,6.512861625
CCN1CCC(NC(=O)c2nc3c(C(N)=O)cccc3[nH]2)CC1,7.698970004
O=C1NCC2c3c(cccc31)CCN2C(=O)CCc1cnccn1,8.37675071
N#Cc1ccc(N2CCN([C@H]3C=C(c4cc5c(N)cc(F)cc5c(=O)[nH]4)CC3)CC2)c(F)c1,8.337242168
NC(=O)c1cccn2nc(-c3ccccc3)nc12,8.15490196
COc1cccc(CC(=O)N2CCc3cccc4c3C2CNC4=O)c1,8.602059991
